100,NEM12,202609181545,,
200,3033136017,E1E2,E1,E1,,218613519,kWh,5,
300,20260623,0.0190000,0.0180000,0.0190000,0.0180000,0.0190000,0.0180000,0.0180000,0.0190000,0.0240000,0.0240000,0.0230000,0.0240000,0.0230000,0.0230000,0.0220000,0.0230000,0.0220000,0.0190000,0.0170000,0.0170000,0.0180000,0.0180000,0.0170000,0.0170000,0.0180000,0.0170000,0.0180000,0.0170000,0.0170000,0.0180000,0.0170000,0.0180000,0.0170000,0.0180000,0.0170000,0.0180000,0.0180000,0.0200000,0.0240000,0.0230000,0.0230000,0.0230000,0.0230000,0.0230000,0.0220000,0.0240000,0.0190000,0.0190000,0.0190000,0.0180000,0.0190000,0.0180000,0.0190000,0.0180000,0.0180000,0.0190000,0.0180000,0.0190000,0.0160000,0.0150000,0.0160000,0.0170000,0.0170000,0.0180000,0.1040000,0.0170000,0.0170000,0.0200000,0.0250000,0.0230000,0.0220000,0.0230000,0.0220000,0.0220000,0.0220000,0.0230000,0.0160000,0.0180000,0.0880000,0.0620000,0.0630000,0.0660000,0.0670000,0.0650000,0.0670000,0.0680000,0.1280000,0.2540000,0.2950000,0.2490000,0.2070000,0.0760000,0.0760000,0.0750000,0.1170000,0.0760000,0.0760000,0.0810000,0.0800000,0.0900000,0.0840000,0.0960000,0.0540000,0.0500000,0.0510000,0.1050000,0.0440000,0.0390000,0.0390000,0.0390000,0.0380000,0.0390000,0.0400000,0.0790000,0.2480000,0.1380000,0.1020000,0.1310000,0.1110000,0.1120000,0.1160000,0.1540000,0.3070000,0.1400000,0.0590000,0.0600000,0.1740000,0.1570000,0.2430000,0.0540000,0.0480000,0.0480000,0.0500000,0.0890000,0.1090000,0.1090000,0.1060000,0.1060000,0.1080000,0.0830000,0.0940000,0.0800000,0.0940000,0.0450000,0.0460000,0.0450000,0.0400000,0.0380000,0.0390000,0.0390000,0.0380000,0.0390000,0.0380000,0.0390000,0.0440000,0.0430000,0.0440000,0.0430000,0.0430000,0.0430000,0.0430000,0.0420000,0.0430000,0.0430000,0.0430000,0.0390000,0.0380000,0.0380000,0.0380000,0.0360000,0.0350000,0.0360000,0.0370000,0.0370000,0.0380000,0.0370000,0.0370000,0.0380000,0.0370000,0.0380000,0.0410000,0.0370000,0.0380000,0.0450000,0.0460000,0.0450000,0.0450000,0.0450000,0.0450000,0.0450000,0.0450000,0.0440000,0.0450000,0.0480000,0.0430000,0.0410000,0.0400000,0.0410000,0.0450000,0.0410000,0.0340000,0.0340000,0.0370000,0.0360000,0.0360000,0.0360000,0.0400000,0.0420000,0.0360000,0.0370000,0.0370000,0.0370000,0.0380000,0.0410000,0.0470000,0.0490000,0.0470000,0.0520000,0.0860000,0.0570000,0.0580000,0.0560000,0.1270000,0.1040000,0.0940000,0.0980000,0.0980000,0.0920000,0.0940000,0.0940000,0.0900000,0.0900000,0.0910000,0.0940000,0.0910000,0.1380000,0.1110000,0.1090000,0.1000000,0.0970000,0.0980000,0.0960000,0.0830000,0.0880000,0.0880000,0.0880000,0.0560000,0.0630000,0.1910000,0.1730000,0.1610000,0.1460000,0.1430000,0.1420000,0.1440000,0.1450000,0.0530000,0.0550000,0.0560000,0.0550000,0.0510000,0.0490000,0.0490000,0.0470000,0.1370000,0.0350000,0.0310000,0.0300000,0.0300000,0.0290000,0.0300000,0.0300000,0.0360000,0.0370000,0.0350000,0.0360000,0.0350000,0.0360000,0.0350000,0.0360000,0.0360000,0.0350000,0.0310000,0.0300000,0.0300000,0.0310000,0.0300000,0.0260000,A,,,,
300,20260624,0.0220000,0.0250000,0.0260000,0.0290000,0.0280000,0.0270000,0.0290000,0.0270000,0.0280000,0.0280000,0.0270000,0.0280000,0.0220000,0.0270000,0.0300000,0.0300000,0.0290000,0.0290000,0.0290000,0.0290000,0.0300000,0.0280000,0.0280000,0.0240000,0.0250000,0.0260000,0.0250000,0.0250000,0.0240000,0.0240000,0.0240000,0.0240000,0.0240000,0.0240000,0.0240000,0.0230000,0.0250000,0.0240000,0.0240000,0.0240000,0.0250000,0.0240000,0.0310000,0.0300000,0.0300000,0.0300000,0.0290000,0.0290000,0.0300000,0.0300000,0.0290000,0.0250000,0.0250000,0.0240000,0.0250000,0.0240000,0.0240000,0.0250000,0.0240000,0.0240000,0.0240000,0.0250000,0.0260000,0.0250000,0.0260000,0.0250000,0.0260000,0.0250000,0.0260000,0.0250000,0.0250000,0.0290000,0.0310000,0.0320000,0.0330000,0.1540000,0.1340000,0.0490000,0.1060000,0.0780000,0.0700000,0.0760000,0.0710000,0.0710000,0.0710000,0.0760000,0.0760000,0.1850000,0.2420000,0.1550000,0.0800000,0.0960000,0.0810000,0.0810000,0.0810000,0.0800000,0.0790000,0.0780000,0.0790000,0.0820000,0.0840000,0.0970000,0.0450000,0.0420000,0.0420000,0.0420000,0.0410000,0.0410000,0.0420000,0.0380000,0.0360000,0.0370000,0.0520000,0.2120000,0.1920000,0.1400000,0.0390000,0.0410000,0.1620000,0.0820000,0.0850000,0.1560000,0.1230000,0.0830000,0.0650000,0.0510000,0.0580000,0.1040000,0.0510000,0.0500000,0.0600000,0.0510000,0.0510000,0.0580000,0.0510000,0.0570000,0.0510000,0.0590000,0.0590000,0.0540000,0.0570000,0.0670000,0.0730000,0.0530000,0.0520000,0.0540000,0.0560000,0.0590000,0.0620000,0.0620000,0.0620000,0.0610000,0.0540000,0.0530000,0.0540000,0.0540000,0.0540000,0.1500000,0.0520000,0.0510000,0.0530000,0.0520000,0.0530000,0.1380000,0.0540000,0.0560000,0.0580000,0.0600000,0.0610000,0.1640000,0.0610000,0.0680000,0.1310000,0.2480000,0.2240000,0.0620000,0.0650000,0.0810000,0.0410000,0.0350000,0.0380000,0.0390000,0.0400000,0.0390000,0.0730000,0.0390000,0.0390000,0.0390000,0.0400000,0.0440000,0.0450000,0.0500000,0.0520000,0.0520000,0.0580000,0.0540000,0.0520000,0.0580000,0.0560000,0.0740000,0.1770000,0.1550000,0.1490000,0.1450000,0.1310000,0.1370000,0.1380000,0.1420000,0.1500000,0.0600000,0.0450000,0.0470000,0.0500000,0.0490000,0.0820000,0.0470000,0.0480000,0.0480000,0.0480000,0.0460000,0.1080000,0.0990000,0.3100000,0.1040000,0.0920000,0.0940000,0.0930000,0.0890000,0.1030000,0.1490000,0.2970000,0.3460000,0.3530000,0.3430000,0.1720000,0.1430000,0.1430000,0.1530000,0.1460000,0.1470000,0.1470000,0.1460000,0.1430000,0.1550000,0.1390000,0.1440000,0.1050000,0.1030000,0.1010000,0.1020000,0.1010000,0.1310000,0.0880000,0.1170000,0.1180000,0.0910000,0.1130000,0.1150000,0.1070000,0.0750000,0.1040000,0.0710000,0.1010000,0.0720000,0.0820000,0.0350000,0.0340000,0.0340000,0.0270000,0.0270000,0.0270000,0.0270000,0.0270000,0.0270000,0.0260000,0.0250000,0.0250000,0.0260000,0.0250000,0.0250000,0.0280000,0.0310000,0.0310000,0.0300000,0.0310000,0.0300000,0.0290000,0.0270000,A,,,,
300,20260625,0.0280000,0.0310000,0.0290000,0.0300000,0.0260000,0.0250000,0.0240000,0.0250000,0.0240000,0.0250000,0.0240000,0.0240000,0.0250000,0.0240000,0.0240000,0.0240000,0.0240000,0.0230000,0.0210000,0.0240000,0.0240000,0.0240000,0.0250000,0.0240000,0.0250000,0.0260000,0.0260000,0.0240000,0.0240000,0.0250000,0.0240000,0.0240000,0.0220000,0.0230000,0.0300000,0.0290000,0.0300000,0.0310000,0.0290000,0.0300000,0.0290000,0.0300000,0.0300000,0.0300000,0.0290000,0.0260000,0.0240000,0.0250000,0.0250000,0.0250000,0.0240000,0.0240000,0.0220000,0.0230000,0.0240000,0.0240000,0.0250000,0.0250000,0.0250000,0.0280000,0.0270000,0.0260000,0.0250000,0.0250000,0.0260000,0.0250000,0.0260000,0.0260000,0.0260000,0.0260000,0.0250000,0.0260000,0.0260000,0.0260000,0.0230000,0.0230000,0.0310000,0.0310000,0.1030000,0.0730000,0.0720000,0.1670000,0.0780000,0.0790000,0.0810000,0.0800000,0.0940000,0.0760000,0.0790000,0.0960000,0.1950000,0.2730000,0.1390000,0.1990000,0.2180000,0.1530000,0.1400000,0.0780000,0.0840000,0.0850000,0.0960000,0.0870000,0.0460000,0.0460000,0.0430000,0.0500000,0.0440000,0.0460000,0.0510000,0.0680000,0.0650000,0.0400000,0.0390000,0.0410000,0.0400000,0.0400000,0.0530000,0.0610000,0.0710000,0.1060000,0.1260000,0.1220000,0.1160000,0.1200000,0.1380000,0.2280000,0.1840000,0.1130000,0.1200000,0.1260000,0.0770000,0.0590000,0.0590000,0.0560000,0.0500000,0.0480000,0.0520000,0.0490000,0.0500000,0.0610000,0.0410000,0.0380000,0.0450000,0.0830000,0.1080000,0.1110000,0.0940000,0.0880000,0.0820000,0.0790000,0.0770000,0.0770000,0.0810000,0.0820000,0.0810000,0.0800000,0.0780000,0.0780000,0.0790000,0.0780000,0.0850000,0.0850000,0.0850000,0.0810000,0.0760000,0.0780000,0.0790000,0.0840000,0.0850000,0.0850000,0.0730000,0.0710000,0.0710000,0.0780000,0.0790000,0.0800000,0.0750000,0.0710000,0.0720000,0.0860000,0.0940000,0.0940000,0.0860000,0.0780000,0.0790000,0.0780000,0.0780000,0.0820000,0.0840000,0.0840000,0.0840000,0.0850000,0.0840000,0.0850000,0.0770000,0.0420000,0.0370000,0.0360000,0.0430000,0.0450000,0.0450000,0.0440000,0.1370000,0.1480000,0.1380000,0.1420000,0.0870000,0.0440000,0.0430000,0.0430000,0.0430000,0.0430000,0.0390000,0.0470000,0.0480000,0.0870000,0.0960000,0.0850000,0.0460000,0.0480000,0.0470000,0.0480000,0.1290000,0.1020000,0.1040000,0.1040000,0.1050000,0.1010000,0.1040000,0.1010000,0.0980000,0.1020000,0.1000000,0.0960000,0.0980000,0.0970000,0.0970000,0.0960000,0.0900000,0.0920000,0.0960000,0.0950000,0.0960000,0.0960000,0.0960000,0.0960000,0.0530000,0.0460000,0.0440000,0.0480000,0.0500000,0.0490000,0.0500000,0.0500000,0.0470000,0.0450000,0.0400000,0.0400000,0.0430000,0.0440000,0.0430000,0.0440000,0.0440000,0.0440000,0.0450000,0.0430000,0.0420000,0.1180000,0.0420000,0.0400000,0.0290000,0.0280000,0.0290000,0.0290000,0.0290000,0.0280000,0.0300000,0.0300000,0.0290000,0.0290000,0.0290000,0.0290000,0.0290000,0.0290000,0.0330000,0.0350000,0.0350000,0.0340000,A,,,,
300,20260626,0.0350000,0.0350000,0.0340000,0.0350000,0.0330000,0.0390000,0.0480000,0.0490000,0.0470000,0.0430000,0.0430000,0.0340000,0.0270000,0.0270000,0.0280000,0.0270000,0.0270000,0.0270000,0.0270000,0.0270000,0.0260000,0.0270000,0.0260000,0.0280000,0.0290000,0.0270000,0.0230000,0.0240000,0.0250000,0.0240000,0.0250000,0.0240000,0.0240000,0.0250000,0.0240000,0.0240000,0.0250000,0.0250000,0.0250000,0.0310000,0.0310000,0.0300000,0.0310000,0.0300000,0.0300000,0.0300000,0.0290000,0.0290000,0.0300000,0.0300000,0.0300000,0.0270000,0.0240000,0.0250000,0.0240000,0.0240000,0.0250000,0.0240000,0.0240000,0.0240000,0.0220000,0.0230000,0.0250000,0.0250000,0.0530000,0.0270000,0.0280000,0.0320000,0.0270000,0.0270000,0.0260000,0.0270000,0.0240000,0.0230000,0.0240000,0.0250000,0.0260000,0.0250000,0.0970000,0.0670000,0.0660000,0.0670000,0.0730000,0.0710000,0.0720000,0.0720000,0.1160000,0.0900000,0.0720000,0.0740000,0.0740000,0.0740000,0.0720000,0.0690000,0.0660000,0.0620000,0.0680000,0.0740000,0.0730000,0.0730000,0.1530000,0.0730000,0.0330000,0.0340000,0.0350000,0.1840000,0.1470000,0.0450000,0.0470000,0.0950000,0.1310000,0.2140000,0.1190000,0.0340000,0.0340000,0.0340000,0.0340000,0.0320000,0.0320000,0.0320000,0.0370000,0.0350000,0.0320000,0.0320000,0.0320000,0.0370000,0.0380000,0.0370000,0.0410000,0.1280000,0.0360000,0.0360000,0.0360000,0.0360000,0.0360000,0.0350000,0.0360000,0.0360000,0.0370000,0.0330000,0.0330000,0.0330000,0.0320000,0.0330000,0.0330000,0.0330000,0.0320000,0.0330000,0.0330000,0.0330000,0.0340000,0.0300000,0.0280000,0.0290000,0.0300000,0.0300000,0.0310000,0.0300000,0.0300000,0.0300000,0.0310000,0.0310000,0.0310000,0.0300000,0.0310000,0.0350000,0.0420000,0.0430000,0.0390000,0.0350000,0.0360000,0.0350000,0.0350000,0.0360000,0.0340000,0.0330000,0.0330000,0.0370000,0.0350000,0.0340000,0.0350000,0.0360000,0.1180000,0.1190000,0.1250000,0.1120000,0.0740000,0.0560000,0.1820000,0.1530000,0.1470000,0.1420000,0.1410000,0.1390000,0.1350000,0.1320000,0.1340000,0.0470000,0.0350000,0.0350000,0.0360000,0.0420000,0.0420000,0.0350000,0.0340000,0.0340000,0.0340000,0.0360000,0.0940000,0.1200000,0.0540000,0.0690000,0.0590000,0.0610000,0.0600000,0.0550000,0.0520000,0.0580000,0.0610000,0.0610000,0.0600000,0.0600000,0.1330000,0.1040000,0.1060000,0.1050000,0.1050000,0.1030000,0.1030000,0.1020000,0.1080000,0.1080000,0.1090000,0.1080000,0.0980000,0.0970000,0.0980000,0.0970000,0.0970000,0.0910000,0.0920000,0.0940000,0.0950000,0.0960000,0.0960000,0.0980000,0.0570000,0.0560000,0.0540000,0.1350000,0.0510000,0.0520000,0.1480000,0.1910000,0.0510000,0.0520000,0.0520000,0.0540000,0.0580000,0.0580000,0.0550000,0.0620000,0.0560000,0.0600000,0.0560000,0.0500000,0.0540000,0.0460000,0.0370000,0.0440000,0.0360000,0.0350000,0.0420000,0.0610000,0.0550000,0.0280000,0.0270000,0.0270000,0.0270000,0.0270000,0.0270000,0.0270000,0.0260000,0.0270000,0.0260000,0.0270000,0.0260000,0.0260000,A,,,,
300,20260627,0.0270000,0.0270000,0.0270000,0.0270000,0.0270000,0.0260000,0.0230000,0.0230000,0.0250000,0.0260000,0.0250000,0.0260000,0.0250000,0.0290000,0.0310000,0.0310000,0.0310000,0.0310000,0.0300000,0.0300000,0.0310000,0.0300000,0.0300000,0.0300000,0.0310000,0.0300000,0.0260000,0.0260000,0.0250000,0.0250000,0.0250000,0.0250000,0.0250000,0.0230000,0.0220000,0.0250000,0.0260000,0.0250000,0.0260000,0.0260000,0.0250000,0.0260000,0.0260000,0.0260000,0.0250000,0.0250000,0.0260000,0.0250000,0.0260000,0.0260000,0.0260000,0.0250000,0.0260000,0.0260000,0.0250000,0.0250000,0.0270000,0.0300000,0.0280000,0.0310000,0.0310000,0.0310000,0.0310000,0.0310000,0.0310000,0.0310000,0.0300000,0.0310000,0.0280000,0.0250000,0.0260000,0.0250000,0.0260000,0.0260000,0.0260000,0.0260000,0.0250000,0.0270000,0.1010000,0.1470000,0.0740000,0.0750000,0.1390000,0.0770000,0.0940000,0.0720000,0.0790000,0.0690000,0.0700000,0.0810000,0.0810000,0.0840000,0.0830000,0.0820000,0.0810000,0.0820000,0.0790000,0.0850000,0.0840000,0.0840000,0.1560000,0.2610000,0.0580000,0.2030000,0.2910000,0.1890000,0.1260000,0.1340000,0.3060000,0.4050000,0.1520000,0.2100000,0.1230000,0.1000000,0.0980000,0.0960000,0.0910000,0.0920000,0.0980000,0.1830000,0.2710000,0.2540000,0.0900000,0.0910000,0.0850000,0.0960000,0.0900000,0.1000000,0.1210000,0.0960000,0.0850000,0.0850000,0.0840000,0.0820000,0.0810000,0.0820000,0.0830000,0.0400000,0.0350000,0.0360000,0.0350000,0.0350000,0.0420000,0.0400000,0.0400000,0.0470000,0.0410000,0.0420000,0.0410000,0.0470000,0.0470000,0.0420000,0.0410000,0.0440000,0.0420000,0.0410000,0.0410000,0.0380000,0.0360000,0.0370000,0.0360000,0.0360000,0.0380000,0.0370000,0.0380000,0.0400000,0.0480000,0.0370000,0.0400000,0.0740000,0.1870000,0.0560000,0.0450000,0.0530000,0.0460000,0.0450000,0.0530000,0.0480000,0.0530000,0.0470000,0.0330000,0.0330000,0.0370000,0.0330000,0.0340000,0.0340000,0.0330000,0.0340000,0.0340000,0.0340000,0.0330000,0.0350000,0.0330000,0.0340000,0.0380000,0.0350000,0.0410000,0.0450000,0.0450000,0.0440000,0.0450000,0.0440000,0.0320000,0.0280000,0.0290000,0.0290000,0.0290000,0.0290000,0.0280000,0.0280000,0.0290000,0.0280000,0.0280000,0.0280000,0.0300000,0.0290000,0.0290000,0.0360000,0.0340000,0.0340000,0.0540000,0.1270000,0.2570000,0.1480000,0.1570000,0.2220000,0.1370000,0.1460000,0.1560000,0.1560000,0.1470000,0.1440000,0.1470000,0.1320000,0.1340000,0.1270000,0.1280000,0.1280000,0.1240000,0.1270000,0.1390000,0.1280000,0.1230000,0.1240000,0.1300000,0.1350000,0.0910000,0.0430000,0.0410000,0.0400000,0.0410000,0.0460000,0.0460000,0.0440000,0.0400000,0.0420000,0.0420000,0.0430000,0.0420000,0.0420000,0.0420000,0.0410000,0.0390000,0.0350000,0.0330000,0.0330000,0.0300000,0.0290000,0.0270000,0.0270000,0.0270000,0.0280000,0.0270000,0.0270000,0.0270000,0.0270000,0.0270000,0.0270000,0.0270000,0.0250000,0.0240000,0.0260000,0.0270000,0.0260000,0.0270000,0.0260000,0.0300000,0.0330000,A,,,,
300,20260628,0.0320000,0.0330000,0.0320000,0.0320000,0.0310000,0.0320000,0.0310000,0.0310000,0.0310000,0.0310000,0.0240000,0.0230000,0.0260000,0.0250000,0.0260000,0.0260000,0.0260000,0.0250000,0.0260000,0.0250000,0.0260000,0.0250000,0.0260000,0.0250000,0.0270000,0.0250000,0.0250000,0.0260000,0.0260000,0.0250000,0.0260000,0.0250000,0.0260000,0.0250000,0.0250000,0.0290000,0.0320000,0.0310000,0.0320000,0.0310000,0.0300000,0.0280000,0.0300000,0.0310000,0.0310000,0.0310000,0.0270000,0.0260000,0.0260000,0.0260000,0.0260000,0.0260000,0.0250000,0.0260000,0.0250000,0.0250000,0.0230000,0.0240000,0.0250000,0.0260000,0.0260000,0.0260000,0.0260000,0.0260000,0.0250000,0.0250000,0.0260000,0.0250000,0.0260000,0.0250000,0.0250000,0.0260000,0.0310000,0.0320000,0.0320000,0.0290000,0.0290000,0.0310000,0.1040000,0.0730000,0.0720000,0.0720000,0.0720000,0.0670000,0.0670000,0.0670000,0.0670000,0.1210000,0.0700000,0.1310000,0.0700000,0.0750000,0.0730000,0.0740000,0.0750000,0.0750000,0.0770000,0.0770000,0.0770000,0.0770000,0.0830000,0.0770000,0.0370000,0.0370000,0.0390000,0.0380000,0.0380000,0.0370000,0.0380000,0.0440000,0.0440000,0.0440000,0.0420000,0.0420000,0.0420000,0.0430000,0.0430000,0.0480000,0.0470000,0.0480000,0.0470000,0.0420000,0.0450000,0.0440000,0.0430000,0.0430000,0.0450000,0.0450000,0.0440000,0.1020000,0.0950000,0.0450000,0.0450000,0.0430000,0.0430000,0.0420000,0.0420000,0.0420000,0.0420000,0.0420000,0.0420000,0.0410000,0.0420000,0.0430000,0.0420000,0.0410000,0.0430000,0.0470000,0.0480000,0.0500000,0.0500000,0.0480000,0.0420000,0.0420000,0.0470000,0.0460000,0.0470000,0.0460000,0.0450000,0.0420000,0.0410000,0.0430000,0.0420000,0.0410000,0.0420000,0.1090000,0.0370000,0.0350000,0.0300000,0.0310000,0.0300000,0.0310000,0.0300000,0.0300000,0.0310000,0.0300000,0.0300000,0.0310000,0.0300000,0.0300000,0.0350000,0.0310000,0.0320000,0.0380000,0.0370000,0.0380000,0.0370000,0.0370000,0.0370000,0.0370000,0.0360000,0.0370000,0.0370000,0.0360000,0.0370000,0.0370000,0.0390000,0.0310000,0.0320000,0.0340000,0.0340000,0.0370000,0.0370000,0.0790000,0.1900000,0.1670000,0.1540000,0.2730000,0.1100000,0.1780000,0.2250000,0.2480000,0.1890000,0.1790000,0.1090000,0.0590000,0.0580000,0.0580000,0.0590000,0.0640000,0.0640000,0.0630000,0.1300000,0.0990000,0.1050000,0.1050000,0.1010000,0.0960000,0.0960000,0.0970000,0.0990000,0.1030000,0.1060000,0.1050000,0.1050000,0.1960000,0.0890000,0.0880000,0.0790000,0.0780000,0.0820000,0.0840000,0.0850000,0.0840000,0.0880000,0.0860000,0.0440000,0.0390000,0.0340000,0.0380000,0.0400000,0.0450000,0.0450000,0.0450000,0.0450000,0.0460000,0.0460000,0.0500000,0.0510000,0.0500000,0.0490000,0.0500000,0.0500000,0.0500000,0.0500000,0.0510000,0.0860000,0.1170000,0.0540000,0.0540000,0.0470000,0.0380000,0.0310000,0.0320000,0.0330000,0.0320000,0.0330000,0.0330000,0.0320000,0.0320000,0.0320000,0.0380000,0.0460000,0.0450000,0.0460000,0.0450000,0.0450000,0.0450000,A,,,,
300,20260629,0.0400000,0.0270000,0.0280000,0.0270000,0.0280000,0.0280000,0.0270000,0.0270000,0.0270000,0.0270000,0.0270000,0.0260000,0.0330000,0.0340000,0.0350000,0.0330000,0.0350000,0.0330000,0.0330000,0.0330000,0.0330000,0.0330000,0.0310000,0.0270000,0.0290000,0.0310000,0.0310000,0.0300000,0.0290000,0.0290000,0.0260000,0.0250000,0.0250000,0.0250000,0.0260000,0.0250000,0.0250000,0.0260000,0.0250000,0.0250000,0.0250000,0.0250000,0.0260000,0.0250000,0.0250000,0.0250000,0.0250000,0.0250000,0.0250000,0.0250000,0.0250000,0.0250000,0.0250000,0.0240000,0.0250000,0.0240000,0.0250000,0.0240000,0.0240000,0.0240000,0.0250000,0.0250000,0.0250000,0.0250000,0.0290000,0.0310000,0.0300000,0.0310000,0.0300000,0.0310000,0.0300000,0.0300000,0.0310000,0.0320000,0.0310000,0.0310000,0.0310000,0.0320000,0.1040000,0.0730000,0.0720000,0.0840000,0.1470000,0.0700000,0.0900000,0.1160000,0.0720000,0.0730000,0.0750000,0.0760000,0.0790000,0.0780000,0.0790000,0.1160000,0.2480000,0.1480000,0.0860000,0.0860000,0.0850000,0.0850000,0.1770000,0.0840000,0.0400000,0.0390000,0.0390000,0.0400000,0.0400000,0.0510000,0.0360000,0.0350000,0.0370000,0.0360000,0.0360000,0.0350000,0.0350000,0.0360000,0.0340000,0.0340000,0.0350000,0.0400000,0.0870000,0.1020000,0.0400000,0.0400000,0.0390000,0.0390000,0.0400000,0.0400000,0.0410000,0.0400000,0.0400000,0.0400000,0.0400000,0.0400000,0.0400000,0.0400000,0.0400000,0.0410000,0.0370000,0.1140000,0.1560000,0.0480000,0.0370000,0.0360000,0.0370000,0.0370000,0.0360000,0.0370000,0.0360000,0.0370000,0.0360000,0.0380000,0.0370000,0.0350000,0.0320000,0.0330000,0.0370000,0.0360000,0.0360000,0.0360000,0.0360000,0.0360000,0.0700000,0.0450000,0.1270000,0.2180000,0.1420000,0.2170000,0.0620000,0.0400000,0.0430000,0.0410000,0.0420000,0.0420000,0.0460000,0.0480000,0.0470000,0.0470000,0.0480000,0.0470000,0.0470000,0.0420000,0.0410000,0.0420000,0.1030000,0.0420000,0.1300000,0.2190000,0.2290000,0.2510000,0.0960000,0.2190000,0.1860000,0.1170000,0.0930000,0.0920000,0.1040000,0.0970000,0.0850000,0.0830000,0.0830000,0.0850000,0.0930000,0.1010000,0.0870000,0.0840000,0.0860000,0.0380000,0.0430000,0.2210000,0.1810000,0.0690000,0.0780000,0.0400000,0.0420000,0.0430000,0.0450000,0.0460000,0.0450000,0.0470000,0.0500000,0.0500000,0.1240000,0.0940000,0.0910000,0.0920000,0.0920000,0.0920000,0.0920000,0.0900000,0.0930000,0.0950000,0.0960000,0.0960000,0.0850000,0.0820000,0.0800000,0.0810000,0.0910000,0.0940000,0.1000000,0.1060000,0.1030000,0.1030000,0.0940000,0.0920000,0.0520000,0.0520000,0.0520000,0.0390000,0.0390000,0.0390000,0.0390000,0.0390000,0.0390000,0.0450000,0.1170000,0.0460000,0.0410000,0.0340000,0.0310000,0.0290000,0.0300000,0.0300000,0.0310000,0.0310000,0.0310000,0.0280000,0.0230000,0.0250000,0.0260000,0.0250000,0.0260000,0.0250000,0.0260000,0.0250000,0.0260000,0.0250000,0.0260000,0.0250000,0.0260000,0.0250000,0.0250000,0.0260000,0.0250000,0.0250000,0.0250000,0.0250000,A,,,,
300,20260630,0.0260000,0.0250000,0.0250000,0.0250000,0.0250000,0.0250000,0.0250000,0.0260000,0.0250000,0.0250000,0.0250000,0.0250000,0.0250000,0.0300000,0.0310000,0.0310000,0.0310000,0.0310000,0.0310000,0.0310000,0.0310000,0.0300000,0.0310000,0.0310000,0.0330000,0.0330000,0.0330000,0.0310000,0.0310000,0.0310000,0.0320000,0.0280000,0.0240000,0.0220000,0.0260000,0.0250000,0.0270000,0.0260000,0.0260000,0.0260000,0.0260000,0.0260000,0.0260000,0.0260000,0.0250000,0.0260000,0.0250000,0.0260000,0.0260000,0.0260000,0.0260000,0.0250000,0.0260000,0.0250000,0.0250000,0.0260000,0.0250000,0.0260000,0.0250000,0.0250000,0.0250000,0.0250000,0.0250000,0.0260000,0.0250000,0.0340000,0.0810000,0.0270000,0.0320000,0.0270000,0.0270000,0.0270000,0.0270000,0.0250000,0.0220000,0.0280000,0.0310000,0.0300000,0.1050000,0.0710000,0.0720000,0.0720000,0.1380000,0.1240000,0.0720000,0.0720000,0.0730000,0.1060000,0.0840000,0.0790000,0.0800000,0.0790000,0.0720000,0.0720000,0.0750000,0.0720000,0.0950000,0.1070000,0.0830000,0.0850000,0.0840000,0.1880000,0.2170000,0.1670000,0.0430000,0.0430000,0.0630000,0.2260000,0.1750000,0.0500000,0.0500000,0.0500000,0.0710000,0.0480000,0.0550000,0.0890000,0.0450000,0.0440000,0.0460000,0.0460000,0.0450000,0.1250000,0.2180000,0.2170000,0.1180000,0.0380000,0.0360000,0.0360000,0.0360000,0.0360000,0.0360000,0.0360000,0.0350000,0.0360000,0.0410000,0.0420000,0.0410000,0.0410000,0.0420000,0.0440000,0.0420000,0.0420000,0.0420000,0.0420000,0.0470000,0.0430000,0.0400000,0.0410000,0.0400000,0.0410000,0.0410000,0.0400000,0.0410000,0.0410000,0.0400000,0.0390000,0.0380000,0.0400000,0.0410000,0.0360000,0.0360000,0.0350000,0.0360000,0.0350000,0.0360000,0.0360000,0.0500000,0.0510000,0.0400000,0.0390000,0.0390000,0.0400000,0.0390000,0.0400000,0.0390000,0.0400000,0.0400000,0.0400000,0.0390000,0.1690000,0.2620000,0.2230000,0.1490000,0.1350000,0.0410000,0.0390000,0.0400000,0.0400000,0.0400000,0.0400000,0.0410000,0.0400000,0.0430000,0.0400000,0.0380000,0.0390000,0.0390000,0.0380000,0.0390000,0.0380000,0.0380000,0.0390000,0.0390000,0.0380000,0.0390000,0.0440000,0.0460000,0.0450000,0.0540000,0.1230000,0.0500000,0.1710000,0.2730000,0.1480000,0.1880000,0.1310000,0.1040000,0.0530000,0.0520000,0.0520000,0.0510000,0.0530000,0.1270000,0.0960000,0.0960000,0.0990000,0.1000000,0.1000000,0.0970000,0.0930000,0.0930000,0.0930000,0.0930000,0.0920000,0.0920000,0.0950000,0.0940000,0.0950000,0.0990000,0.0980000,0.1000000,0.0900000,0.0880000,0.0880000,0.0870000,0.0940000,0.0580000,0.0590000,0.0580000,0.0570000,0.0540000,0.0580000,0.0440000,0.0440000,0.0410000,0.0420000,0.0420000,0.0410000,0.0400000,0.0400000,0.0410000,0.0420000,0.0380000,0.0360000,0.0350000,0.0340000,0.0340000,0.0320000,0.0330000,0.0310000,0.0680000,0.2130000,0.2100000,0.1000000,0.0280000,0.0300000,0.0300000,0.0350000,0.0360000,0.0360000,0.0330000,0.0340000,0.0350000,0.0340000,0.1630000,0.1350000,0.1810000,0.0320000,A,,,,
300,20260701,0.0320000,0.0310000,0.0310000,0.0320000,0.0310000,0.0300000,0.0300000,0.0280000,0.0250000,0.0250000,0.0260000,0.0250000,0.0250000,0.0250000,0.0250000,0.0250000,0.0250000,0.0250000,0.0250000,0.0260000,0.0250000,0.0250000,0.0260000,0.0250000,0.0270000,0.0280000,0.0270000,0.0260000,0.0230000,0.0240000,0.0260000,0.0260000,0.0260000,0.0260000,0.0250000,0.0260000,0.0260000,0.0260000,0.0260000,0.0260000,0.0260000,0.0260000,0.0260000,0.0270000,0.0250000,0.0260000,0.0260000,0.0260000,0.0260000,0.0250000,0.0250000,0.0260000,0.0250000,0.0250000,0.0260000,0.0290000,0.0310000,0.0310000,0.0310000,0.0310000,0.0310000,0.0300000,0.0300000,0.0310000,0.0300000,0.0300000,0.0300000,0.0300000,0.0300000,0.0300000,0.0300000,0.0270000,0.0260000,0.0270000,0.1200000,0.0270000,0.0360000,0.0610000,0.1010000,0.0700000,0.0720000,0.0700000,0.0740000,0.0700000,0.0710000,0.0690000,0.1220000,0.0770000,0.0730000,0.1130000,0.0750000,0.0740000,0.0730000,0.0700000,0.0710000,0.0710000,0.0710000,0.0710000,0.0720000,0.0810000,0.0900000,0.1680000,0.1300000,0.0460000,0.0480000,0.0460000,0.0460000,0.0460000,0.0460000,0.0460000,0.0450000,0.0460000,0.0460000,0.0450000,0.0460000,0.0860000,0.1250000,0.0490000,0.0530000,0.0530000,0.0530000,0.0490000,0.0470000,0.0460000,0.0460000,0.0430000,0.0420000,0.0410000,0.0420000,0.0410000,0.0430000,0.0420000,0.0450000,0.0420000,0.0410000,0.0410000,0.0410000,0.0370000,0.0330000,0.0300000,0.0310000,0.0300000,0.0310000,0.0300000,0.0290000,0.0290000,0.0290000,0.0300000,0.0290000,0.0290000,0.0300000,0.0300000,0.0300000,0.0310000,0.0590000,0.0350000,0.0360000,0.0340000,0.0350000,0.0360000,0.0380000,0.0400000,0.0440000,0.0410000,0.0410000,0.0400000,0.0400000,0.0490000,0.0540000,0.0540000,0.0550000,0.0560000,0.0510000,0.0370000,0.0390000,0.0410000,0.0430000,0.0430000,0.0430000,0.0430000,0.0450000,0.0530000,0.0480000,0.1000000,0.0810000,0.0770000,0.1000000,0.0620000,0.0500000,0.0600000,0.0480000,0.0490000,0.0490000,0.0480000,0.0550000,0.0440000,0.0430000,0.0450000,0.0450000,0.0460000,0.0480000,0.0450000,0.0450000,0.0450000,0.0440000,0.0450000,0.0340000,0.0370000,0.0320000,0.0330000,0.0320000,0.0320000,0.0360000,0.0360000,0.0370000,0.0360000,0.0360000,0.0360000,0.0430000,0.0500000,0.0490000,0.0520000,0.0540000,0.0540000,0.0530000,0.0550000,0.0610000,0.0610000,0.0620000,0.0610000,0.0480000,0.0410000,0.0410000,0.0410000,0.0410000,0.0390000,0.0390000,0.0390000,0.0390000,0.0390000,0.0380000,0.0380000,0.0380000,0.0370000,0.0440000,0.0460000,0.0450000,0.0450000,0.0450000,0.0450000,0.0460000,0.0470000,0.0450000,0.0430000,0.0420000,0.0430000,0.0430000,0.0410000,0.0370000,0.0370000,0.0380000,0.0330000,0.0270000,0.0280000,0.0270000,0.0260000,0.0280000,0.0340000,0.0340000,0.0340000,0.0330000,0.0340000,0.0330000,0.0330000,0.0340000,0.0320000,0.0330000,0.0320000,0.0320000,0.0320000,0.0320000,0.0320000,0.0320000,0.0320000,0.0310000,0.0320000,0.0320000,0.0310000,A,,,,
300,20260702,0.0320000,0.0310000,0.0320000,0.0270000,0.0260000,0.0260000,0.0260000,0.0270000,0.0260000,0.0260000,0.0270000,0.0270000,0.0260000,0.0260000,0.0260000,0.0260000,0.0260000,0.0230000,0.0240000,0.0260000,0.0260000,0.0260000,0.0260000,0.0260000,0.0270000,0.0280000,0.0280000,0.0270000,0.0250000,0.0260000,0.0260000,0.0260000,0.0260000,0.0260000,0.0260000,0.0260000,0.0270000,0.0270000,0.0270000,0.0270000,0.0270000,0.0260000,0.0280000,0.0260000,0.0270000,0.0260000,0.0270000,0.0260000,0.0270000,0.0240000,0.0240000,0.0270000,0.0260000,0.0260000,0.0260000,0.0260000,0.0290000,0.0330000,0.0320000,0.0330000,0.0340000,0.0340000,0.0320000,0.0310000,0.0320000,0.0310000,0.0320000,0.0310000,0.0310000,0.0310000,0.0320000,0.0310000,0.0310000,0.0310000,0.0320000,0.0310000,0.0280000,0.0230000,0.0230000,0.0260000,0.0250000,0.0270000,0.0280000,0.0650000,0.1000000,0.0310000,0.0330000,0.0350000,0.0380000,0.0390000,0.1040000,0.0400000,0.0400000,0.1830000,0.2130000,0.0470000,0.0450000,0.0450000,0.0460000,0.0450000,0.0470000,0.0430000,0.0400000,0.0410000,0.0450000,0.0430000,0.0410000,0.0510000,0.0380000,0.0370000,0.0380000,0.0370000,0.0370000,0.0380000,0.0390000,0.0390000,0.0390000,0.0400000,0.0390000,0.0430000,0.0400000,0.0410000,0.0420000,0.0460000,0.0560000,0.0560000,0.0550000,0.0560000,0.0600000,0.0620000,0.0460000,0.0450000,0.0460000,0.0440000,0.0450000,0.0440000,0.0440000,0.0440000,0.0440000,0.0430000,0.1420000,0.0550000,0.0470000,0.0460000,0.0460000,0.0470000,0.0460000,0.0460000,0.0470000,0.0450000,0.0430000,0.0410000,0.0420000,0.0420000,0.0410000,0.0410000,0.0410000,0.0370000,0.0350000,0.0370000,0.0370000,0.0310000,0.0300000,0.0300000,0.0300000,0.0300000,0.0300000,0.0300000,0.0330000,0.0340000,0.1400000,0.1370000,0.1540000,0.1550000,0.1370000,0.1310000,0.1290000,0.1280000,0.0960000,0.1430000,0.1370000,0.1350000,0.1010000,0.1620000,0.3290000,0.2340000,0.2150000,0.3430000,0.2600000,0.1970000,0.1020000,0.0960000,0.0950000,0.0890000,0.0880000,0.0900000,0.0870000,0.0980000,0.0880000,0.0880000,0.2180000,0.1810000,0.2020000,0.0860000,0.0840000,0.0860000,0.4070000,0.2380000,0.0930000,0.0950000,0.0890000,0.0900000,0.0890000,0.0890000,0.0650000,0.0420000,0.0780000,0.2330000,0.1360000,0.0810000,0.0480000,0.0480000,0.0470000,0.0470000,0.0500000,0.0580000,0.0570000,0.0600000,0.0530000,0.0580000,0.0580000,0.0500000,0.0560000,0.0580000,0.0580000,0.0570000,0.0460000,0.0430000,0.0400000,0.0400000,0.0390000,0.0400000,0.0400000,0.0400000,0.0400000,0.0400000,0.0400000,0.0410000,0.0410000,0.0380000,0.0330000,0.0390000,0.0400000,0.0400000,0.0400000,0.0390000,0.0400000,0.0970000,0.2150000,0.2170000,0.0610000,0.0360000,0.1140000,0.1010000,0.0950000,0.1080000,0.0870000,0.0780000,0.0330000,0.0330000,0.0330000,0.1800000,0.1340000,0.1610000,0.0250000,0.0240000,0.0260000,0.0260000,0.0270000,0.0260000,0.0250000,0.0260000,0.0270000,0.0260000,0.0260000,0.0260000,0.0270000,0.0260000,A,,,,
300,20260703,0.0270000,0.0280000,0.0260000,0.0270000,0.0320000,0.0330000,0.0330000,0.0330000,0.0330000,0.0320000,0.0330000,0.0330000,0.0330000,0.0340000,0.0330000,0.0330000,0.0340000,0.0330000,0.0340000,0.0340000,0.0340000,0.0340000,0.0430000,0.0490000,0.0500000,0.0500000,0.0450000,0.0450000,0.0380000,0.0260000,0.0280000,0.0280000,0.0280000,0.0280000,0.0280000,0.0280000,0.0290000,0.0280000,0.0290000,0.0280000,0.0290000,0.0300000,0.0300000,0.0270000,0.0230000,0.0260000,0.0250000,0.0260000,0.0260000,0.0250000,0.0260000,0.0250000,0.0260000,0.0250000,0.0250000,0.0250000,0.0260000,0.0250000,0.0250000,0.0250000,0.0250000,0.0250000,0.0260000,0.0270000,0.0270000,0.1040000,0.0300000,0.0270000,0.0260000,0.0270000,0.0270000,0.0270000,0.0230000,0.0230000,0.0240000,0.0250000,0.0250000,0.0250000,0.0250000,0.0250000,0.0250000,0.0290000,0.0300000,0.0310000,0.0300000,0.0800000,0.0700000,0.0420000,0.0340000,0.0330000,0.0340000,0.0330000,0.0330000,0.0340000,0.0400000,0.0350000,0.0430000,0.0440000,0.0390000,0.0400000,0.0340000,0.0340000,0.0370000,0.0340000,0.0330000,0.0360000,0.0350000,0.0360000,0.0380000,0.0400000,0.0410000,0.0400000,0.1030000,0.0420000,0.0530000,0.0450000,0.0440000,0.0430000,0.0430000,0.0430000,0.0430000,0.0420000,0.0380000,0.0370000,0.0350000,0.0320000,0.0350000,0.0410000,0.0370000,0.0360000,0.0350000,0.0360000,0.0350000,0.0360000,0.0350000,0.0350000,0.0350000,0.0280000,0.0290000,0.0280000,0.0280000,0.0290000,0.0280000,0.0280000,0.0290000,0.0280000,0.0280000,0.0280000,0.0310000,0.0340000,0.0340000,0.0350000,0.0340000,0.0340000,0.0340000,0.0340000,0.0340000,0.0330000,0.0340000,0.0340000,0.0340000,0.0330000,0.0340000,0.0340000,0.0390000,0.0390000,0.0390000,0.0390000,0.0390000,0.0390000,0.0390000,0.1540000,0.0390000,0.0390000,0.0390000,0.0410000,0.0420000,0.0480000,0.0410000,0.0410000,0.0380000,0.0390000,0.0370000,0.0380000,0.0380000,0.0370000,0.0370000,0.0390000,0.0380000,0.0370000,0.0390000,0.0370000,0.0390000,0.0390000,0.0390000,0.0390000,0.0390000,0.0380000,0.0390000,0.0410000,0.0410000,0.0440000,0.0400000,0.0400000,0.0400000,0.0500000,0.0530000,0.0590000,0.0520000,0.0510000,0.0580000,0.0420000,0.0420000,0.0380000,0.1140000,0.2100000,0.0460000,0.0410000,0.0390000,0.0400000,0.0390000,0.0390000,0.0400000,0.0400000,0.0390000,0.0390000,0.0390000,0.0410000,0.0410000,0.0470000,0.0470000,0.0470000,0.0480000,0.0520000,0.0450000,0.0480000,0.0510000,0.0520000,0.0510000,0.0510000,0.0420000,0.0410000,0.0410000,0.0400000,0.0410000,0.0410000,0.0440000,0.0520000,0.0520000,0.0520000,0.0510000,0.0520000,0.0500000,0.0480000,0.0480000,0.0460000,0.0380000,0.0380000,0.0380000,0.0380000,0.0390000,0.0380000,0.1650000,0.1730000,0.0510000,0.0380000,0.0400000,0.0340000,0.0330000,0.0330000,0.0340000,0.0340000,0.0340000,0.1670000,0.2110000,0.1720000,0.0290000,0.0280000,0.0290000,0.0290000,0.0290000,0.0290000,0.0280000,0.0270000,0.0310000,0.0310000,0.0920000,0.1540000,A,,,,
300,20260704,0.1810000,0.0590000,0.0260000,0.0270000,0.0260000,0.0270000,0.0270000,0.0260000,0.0270000,0.0280000,0.0260000,0.0230000,0.0250000,0.0260000,0.0260000,0.0260000,0.0250000,0.0250000,0.0250000,0.0260000,0.0250000,0.0260000,0.0300000,0.0310000,0.0310000,0.0320000,0.0310000,0.0300000,0.0250000,0.0230000,0.0220000,0.0250000,0.0260000,0.0260000,0.0250000,0.0250000,0.0260000,0.0260000,0.0260000,0.0250000,0.0260000,0.0250000,0.0260000,0.0260000,0.0260000,0.0260000,0.0260000,0.0260000,0.0260000,0.0260000,0.0250000,0.0260000,0.0230000,0.0230000,0.0250000,0.0250000,0.0250000,0.0260000,0.0250000,0.0240000,0.0250000,0.0250000,0.0250000,0.0210000,0.0200000,0.0200000,0.0210000,0.0200000,0.0220000,0.0200000,0.0210000,0.0200000,0.0210000,0.0300000,0.0320000,0.0290000,0.0280000,0.0300000,0.0310000,0.0300000,0.0300000,0.0290000,0.0310000,0.1290000,0.0390000,0.0330000,0.0340000,0.0330000,0.0330000,0.0280000,0.0290000,0.0290000,0.0310000,0.0320000,0.0320000,0.0320000,0.0340000,0.0330000,0.0310000,0.0300000,0.0310000,0.0600000,0.1430000,0.2040000,0.0770000,0.0500000,0.0510000,0.0500000,0.0510000,0.0510000,0.0560000,0.0450000,0.0460000,0.0470000,0.0570000,0.0540000,0.0610000,0.0470000,0.0420000,0.0410000,0.0420000,0.0420000,0.0430000,0.0440000,0.0430000,0.0440000,0.0440000,0.0440000,0.0440000,0.0440000,0.0440000,0.0450000,0.0460000,0.0450000,0.0450000,0.0460000,0.0450000,0.0460000,0.0450000,0.0460000,0.0460000,0.0730000,0.0920000,0.1010000,0.1120000,0.1170000,0.1030000,0.1110000,0.0900000,0.0910000,0.0910000,0.0920000,0.0970000,0.0980000,0.0980000,0.0980000,0.0860000,0.0850000,0.0850000,0.0820000,0.0840000,0.0900000,0.0380000,0.0330000,0.0290000,0.0260000,0.0260000,0.0270000,0.0300000,0.0290000,0.0310000,0.0300000,0.0270000,0.0300000,0.0260000,0.0250000,0.0260000,0.0260000,0.0250000,0.0260000,0.0260000,0.0260000,0.0260000,0.0260000,0.0260000,0.0260000,0.0260000,0.0300000,0.0280000,0.0270000,0.0270000,0.0280000,0.0280000,0.0260000,0.0240000,0.0260000,0.0270000,0.0270000,0.0270000,0.0330000,0.0330000,0.0330000,0.0320000,0.0330000,0.0320000,0.0330000,0.0320000,0.0320000,0.0320000,0.0320000,0.0320000,0.0320000,0.0310000,0.0320000,0.0320000,0.0310000,0.0310000,0.0310000,0.0310000,0.0310000,0.0300000,0.0310000,0.0290000,0.0240000,0.0230000,0.0260000,0.0310000,0.0370000,0.0370000,0.0370000,0.0420000,0.0730000,0.1000000,0.0450000,0.0470000,0.0470000,0.0610000,0.1140000,0.2820000,0.1630000,0.1070000,0.1110000,0.1090000,0.0870000,0.0910000,0.0440000,0.0460000,0.0430000,0.0420000,0.0440000,0.0440000,0.0420000,0.0490000,0.0430000,0.0460000,0.0460000,0.0450000,0.0450000,0.0420000,0.0560000,0.0680000,0.0470000,0.0380000,0.0380000,0.0370000,0.0380000,0.0390000,0.0390000,0.0420000,0.0450000,0.0460000,0.0460000,0.0780000,0.1700000,0.1150000,0.1240000,0.1160000,0.0990000,0.1740000,0.1400000,0.2240000,0.2760000,0.1220000,0.0960000,0.1140000,0.0810000,0.0860000,0.0870000,A,,,,
300,20260705,0.0820000,0.0810000,0.0800000,0.1110000,0.0810000,0.0970000,0.0860000,0.0790000,0.0810000,0.0700000,0.0490000,0.0410000,0.0430000,0.0300000,0.0350000,0.0310000,0.0320000,0.0370000,0.0320000,0.0310000,0.0350000,0.0310000,0.0290000,0.0380000,0.0310000,0.0370000,0.0310000,0.0290000,0.0370000,0.0580000,0.0430000,0.0240000,0.0250000,0.0250000,0.0250000,0.0250000,0.0260000,0.0250000,0.0260000,0.0260000,0.0270000,0.0260000,0.0270000,0.0300000,0.0320000,0.0310000,0.0320000,0.0290000,0.0280000,0.0310000,0.0320000,0.0300000,0.0310000,0.0310000,0.0300000,0.0300000,0.0300000,0.0300000,0.0300000,0.0310000,0.0300000,0.0290000,0.0250000,0.0250000,0.0250000,0.0250000,0.0230000,0.0230000,0.0250000,0.0250000,0.0250000,0.0250000,0.0250000,0.0250000,0.0250000,0.0250000,0.0250000,0.0250000,0.0250000,0.0250000,0.0240000,0.0230000,0.0220000,0.0880000,0.0560000,0.0420000,0.0380000,0.0930000,0.0310000,0.0320000,0.0310000,0.0310000,0.0320000,0.0340000,0.0340000,0.0320000,0.0330000,0.1610000,0.0960000,0.0940000,0.1020000,0.1090000,0.1220000,0.0900000,0.1180000,0.0860000,0.0800000,0.0830000,0.1040000,0.0880000,0.0750000,0.0850000,0.0920000,0.0750000,0.1050000,0.0840000,0.0940000,0.1090000,0.0530000,0.0360000,0.0330000,0.0310000,0.0250000,0.0250000,0.0250000,0.0250000,0.0250000,0.0250000,0.0240000,0.0240000,0.0240000,0.0240000,0.0240000,0.0240000,0.0240000,0.0240000,0.0240000,0.0230000,0.0240000,0.0240000,0.0230000,0.0230000,0.0270000,0.0250000,0.0260000,0.1140000,0.0710000,0.0310000,0.0360000,0.1270000,0.0600000,0.1510000,0.2080000,0.2280000,0.1070000,0.0720000,0.0310000,0.0320000,0.0380000,0.0440000,0.0430000,0.0420000,0.0440000,0.0450000,0.0780000,0.1930000,0.1750000,0.0870000,0.0390000,0.0380000,0.0350000,0.0310000,0.0340000,0.0350000,0.0350000,0.0370000,0.0360000,0.0360000,0.0390000,0.0380000,0.0380000,0.0390000,0.0380000,0.0380000,0.0380000,0.0380000,0.0330000,0.0330000,0.0330000,0.0340000,0.0330000,0.0330000,0.0340000,0.0350000,0.0350000,0.0340000,0.0370000,0.0380000,0.0370000,0.0380000,0.0430000,0.0820000,0.1220000,0.2410000,0.3900000,0.2870000,0.2560000,0.2230000,0.2210000,0.1800000,0.1620000,0.0900000,0.1190000,0.0940000,0.1140000,0.0880000,0.0500000,0.0500000,0.0540000,0.1990000,0.1340000,0.0540000,0.0550000,0.0570000,0.0620000,0.2210000,0.2350000,0.1510000,0.0660000,0.0510000,0.0510000,0.0530000,0.0500000,0.0600000,0.0450000,0.0450000,0.0460000,0.0460000,0.1160000,0.1670000,0.1990000,0.0700000,0.0460000,0.0560000,0.0550000,0.0540000,0.0550000,0.0540000,0.0500000,0.0370000,0.0370000,0.0370000,0.0360000,0.0370000,0.0360000,0.0370000,0.0360000,0.0360000,0.0390000,0.0410000,0.0430000,0.0440000,0.0440000,0.0430000,0.0430000,0.0440000,0.0420000,0.0410000,0.0420000,0.0420000,0.0300000,0.0240000,0.0250000,0.0260000,0.0270000,0.0260000,0.0260000,0.0260000,0.0270000,0.0260000,0.0260000,0.0260000,0.0270000,0.0260000,0.0260000,0.0270000,0.0260000,0.0260000,A,,,,
300,20260706,0.0260000,0.0260000,0.0270000,0.0330000,0.0320000,0.0320000,0.0320000,0.0310000,0.0320000,0.0310000,0.0310000,0.0300000,0.0310000,0.0300000,0.0310000,0.0300000,0.0300000,0.0310000,0.0300000,0.0300000,0.0290000,0.0260000,0.0250000,0.0260000,0.0270000,0.0260000,0.0270000,0.0270000,0.0260000,0.0250000,0.0260000,0.0260000,0.0260000,0.0280000,0.0270000,0.0280000,0.0280000,0.0280000,0.0270000,0.0280000,0.0260000,0.0230000,0.0260000,0.0260000,0.0260000,0.0260000,0.0250000,0.0260000,0.0260000,0.0250000,0.0260000,0.0260000,0.0260000,0.0250000,0.0260000,0.0250000,0.0260000,0.0250000,0.0250000,0.0250000,0.0260000,0.0250000,0.0310000,0.0310000,0.0310000,0.0310000,0.0310000,0.0300000,0.0310000,0.0300000,0.0300000,0.0300000,0.0300000,0.0300000,0.0290000,0.0300000,0.0290000,0.0280000,0.0260000,0.0250000,0.0240000,0.0250000,0.0250000,0.0250000,0.1130000,0.0420000,0.0260000,0.0260000,0.0250000,0.0260000,0.0270000,0.0270000,0.0280000,0.0280000,0.0280000,0.0280000,0.0810000,0.0290000,0.0280000,0.0290000,0.0300000,0.0290000,0.0340000,0.0340000,0.0340000,0.0340000,0.0340000,0.0500000,0.0740000,0.0350000,0.0340000,0.0350000,0.0350000,0.0350000,0.0350000,0.0370000,0.0370000,0.0360000,0.0360000,0.0420000,0.0500000,0.0480000,0.0480000,0.0460000,0.0480000,0.0860000,0.1140000,0.1640000,0.0900000,0.0750000,0.0470000,0.0470000,0.0510000,0.1430000,0.2640000,0.2870000,0.2210000,0.1230000,0.1210000,0.1020000,0.1600000,0.0910000,0.1110000,0.0940000,0.1000000,0.0910000,0.0940000,0.1050000,0.0770000,0.0940000,0.0640000,0.0360000,0.0410000,0.0360000,0.0300000,0.0310000,0.0310000,0.0300000,0.0310000,0.0300000,0.0310000,0.0330000,0.0330000,0.0330000,0.0330000,0.0330000,0.0330000,0.0320000,0.0330000,0.0320000,0.0330000,0.0320000,0.0330000,0.0330000,0.0330000,0.0430000,0.0450000,0.0410000,0.0400000,0.0380000,0.0390000,0.0380000,0.0380000,0.0380000,0.0380000,0.0390000,0.0410000,0.0420000,0.0410000,0.0420000,0.0410000,0.0370000,0.0370000,0.0400000,0.0400000,0.0400000,0.0410000,0.0380000,0.0360000,0.0360000,0.0370000,0.0380000,0.0380000,0.0380000,0.0380000,0.0370000,0.1060000,0.1110000,0.1260000,0.0510000,0.0410000,0.1390000,0.1320000,0.0950000,0.1720000,0.1390000,0.1310000,0.1310000,0.1120000,0.1580000,0.0470000,0.0430000,0.1290000,0.1320000,0.1340000,0.1320000,0.1340000,0.1330000,0.1300000,0.1360000,0.1430000,0.1430000,0.1390000,0.1390000,0.1380000,0.1330000,0.1280000,0.1260000,0.1260000,0.1250000,0.1260000,0.1260000,0.1270000,0.1270000,0.1130000,0.1240000,0.1250000,0.1280000,0.1270000,0.1290000,0.1280000,0.1280000,0.0470000,0.0410000,0.0460000,0.0530000,0.0530000,0.0540000,0.0520000,0.0550000,0.0430000,0.0310000,0.0300000,0.0310000,0.0300000,0.0300000,0.0300000,0.0300000,0.0300000,0.0290000,0.0280000,0.0290000,0.0300000,0.0300000,0.0290000,0.0340000,0.0350000,0.0360000,0.0340000,0.0360000,0.0340000,0.0350000,0.0270000,0.0290000,0.0300000,0.0310000,0.0310000,0.0310000,A,,,,
300,20260707,0.0270000,0.0260000,0.0250000,0.0260000,0.0260000,0.0250000,0.0260000,0.0250000,0.0260000,0.0250000,0.0260000,0.0260000,0.0250000,0.0260000,0.0250000,0.0260000,0.0250000,0.0260000,0.0250000,0.0260000,0.0250000,0.0250000,0.0260000,0.0250000,0.0260000,0.0270000,0.0270000,0.0260000,0.0260000,0.0260000,0.0260000,0.0280000,0.0320000,0.0320000,0.0330000,0.0320000,0.0320000,0.0330000,0.0320000,0.0310000,0.0320000,0.0310000,0.0320000,0.0310000,0.0270000,0.0280000,0.0260000,0.0270000,0.0270000,0.0270000,0.0270000,0.0270000,0.0230000,0.0230000,0.0260000,0.0250000,0.0250000,0.0260000,0.0250000,0.0250000,0.0260000,0.0250000,0.0250000,0.0260000,0.0270000,0.1460000,0.0260000,0.0270000,0.0300000,0.0250000,0.0250000,0.0260000,0.0250000,0.0260000,0.0250000,0.0310000,0.0310000,0.0310000,0.0310000,0.0310000,0.0270000,0.0870000,0.0400000,0.0440000,0.1240000,0.1280000,0.1270000,0.1240000,0.1280000,0.1280000,0.1270000,0.1270000,0.1270000,0.1270000,0.1690000,0.3020000,0.3020000,0.2630000,0.1310000,0.1310000,0.1300000,0.1310000,0.1300000,0.1310000,0.1690000,0.1350000,0.1870000,0.1670000,0.2330000,0.1400000,0.1660000,0.0390000,0.0390000,0.0400000,0.0390000,0.0390000,0.0390000,0.0390000,0.0450000,0.0450000,0.0460000,0.0480000,0.0410000,0.0400000,0.0400000,0.0400000,0.0390000,0.0400000,0.0400000,0.0400000,0.0400000,0.0400000,0.0350000,0.0350000,0.0320000,0.0320000,0.0390000,0.0350000,0.0360000,0.0360000,0.0360000,0.0400000,0.0370000,0.0350000,0.0340000,0.0360000,0.0360000,0.0370000,0.0370000,0.0360000,0.0370000,0.0360000,0.0360000,0.0370000,0.0360000,0.0370000,0.0360000,0.0360000,0.0370000,0.0360000,0.0370000,0.0400000,0.0420000,0.0420000,0.0390000,0.0380000,0.0410000,0.0410000,0.0400000,0.0410000,0.0400000,0.0410000,0.0400000,0.0410000,0.0420000,0.0400000,0.0980000,0.0790000,0.0620000,0.0350000,0.0360000,0.0360000,0.0350000,0.0360000,0.1010000,0.1380000,0.0560000,0.1330000,0.1260000,0.1180000,0.0460000,0.0350000,0.0360000,0.0350000,0.0350000,0.0360000,0.0350000,0.0350000,0.0350000,0.0350000,0.0370000,0.0720000,0.0910000,0.0950000,0.1020000,0.1070000,0.1110000,0.0890000,0.0880000,0.2280000,0.2580000,0.2550000,0.1230000,0.1030000,0.1220000,0.0940000,0.0870000,0.0470000,0.0480000,0.0470000,0.0450000,0.0480000,0.0490000,0.0440000,0.0400000,0.0380000,0.0390000,0.0390000,0.1230000,0.1300000,0.1360000,0.1380000,0.1380000,0.1380000,0.1380000,0.1290000,0.1290000,0.1300000,0.1290000,0.1320000,0.1430000,0.1430000,0.1430000,0.1430000,0.1430000,0.1370000,0.1270000,0.1300000,0.1300000,0.1300000,0.1240000,0.1250000,0.0480000,0.0460000,0.0480000,0.0450000,0.0460000,0.0410000,0.0430000,0.0440000,0.0440000,0.0420000,0.0450000,0.0510000,0.0420000,0.0250000,0.0240000,0.0270000,0.0260000,0.0270000,0.0270000,0.0270000,0.0280000,0.0270000,0.0260000,0.0260000,0.0260000,0.0270000,0.0260000,0.0260000,0.0260000,0.0260000,0.0250000,0.0260000,0.0250000,0.0260000,0.0250000,0.0250000,A,,,,
300,20260708,0.0260000,0.0260000,0.0250000,0.0250000,0.0260000,0.0250000,0.0250000,0.0250000,0.0300000,0.0310000,0.0300000,0.0310000,0.0300000,0.0310000,0.0290000,0.0280000,0.0290000,0.0300000,0.0300000,0.0300000,0.0270000,0.0250000,0.0250000,0.0260000,0.0260000,0.0270000,0.0270000,0.0260000,0.0260000,0.0260000,0.0250000,0.0250000,0.0260000,0.0270000,0.0260000,0.0270000,0.0270000,0.0260000,0.0250000,0.0240000,0.0250000,0.0250000,0.0260000,0.0260000,0.0260000,0.0250000,0.0260000,0.0270000,0.0260000,0.0270000,0.0260000,0.0270000,0.0310000,0.0320000,0.0320000,0.0310000,0.0310000,0.0310000,0.0290000,0.0290000,0.0290000,0.0300000,0.0310000,0.0270000,0.0250000,0.0260000,0.0250000,0.0250000,0.0250000,0.0260000,0.0250000,0.0280000,0.0530000,0.0790000,0.0780000,0.0300000,0.0700000,0.0290000,0.0310000,0.0330000,0.0290000,0.0290000,0.0280000,0.0310000,0.1100000,0.1200000,0.1410000,0.3710000,0.3250000,0.4950000,0.2630000,0.1940000,0.1920000,0.1930000,0.1920000,0.1970000,0.2400000,0.1410000,0.1380000,0.2070000,0.3150000,0.3150000,0.1980000,0.1330000,0.1310000,0.1270000,0.1240000,0.1180000,0.0320000,0.0250000,0.0280000,0.0280000,0.0280000,0.1840000,0.1270000,0.1170000,0.0260000,0.0250000,0.0260000,0.0300000,0.0270000,0.0280000,0.0260000,0.0320000,0.0270000,0.0270000,0.0270000,0.0280000,0.0280000,0.0280000,0.0270000,0.0280000,0.0280000,0.0270000,0.0280000,0.0290000,0.0270000,0.0340000,0.0340000,0.0340000,0.0530000,0.1520000,0.1570000,0.1210000,0.1040000,0.1090000,0.1000000,0.0970000,0.0820000,0.0840000,0.0860000,0.0950000,0.0900000,0.0800000,0.0840000,0.1060000,0.0790000,0.0830000,0.1070000,0.0790000,0.0830000,0.0930000,0.0410000,0.0490000,0.0480000,0.0420000,0.0410000,0.0400000,0.0400000,0.0400000,0.0390000,0.0380000,0.0380000,0.0330000,0.0330000,0.0300000,0.0280000,0.0300000,0.0300000,0.0300000,0.0350000,0.0350000,0.0350000,0.0350000,0.0340000,0.0340000,0.0340000,0.0350000,0.0360000,0.0360000,0.0350000,0.0360000,0.0350000,0.0370000,0.0360000,0.0330000,0.0330000,0.0360000,0.0370000,0.0360000,0.0370000,0.0360000,0.0370000,0.0370000,0.0370000,0.0360000,0.1100000,0.1540000,0.1450000,0.1300000,0.1280000,0.1320000,0.1330000,0.0920000,0.1500000,0.1440000,0.1450000,0.1450000,0.1020000,0.0370000,0.0370000,0.0480000,0.0530000,0.0440000,0.0490000,0.0480000,0.0480000,0.0490000,0.1320000,0.1370000,0.1350000,0.1370000,0.1470000,0.1490000,0.1490000,0.1470000,0.1370000,0.1360000,0.1330000,0.1190000,0.1200000,0.1210000,0.1210000,0.1210000,0.1210000,0.1220000,0.1270000,0.1250000,0.1260000,0.1250000,0.1270000,0.1290000,0.0440000,0.0400000,0.0400000,0.0420000,0.0410000,0.0400000,0.0430000,0.0420000,0.0370000,0.0310000,0.0340000,0.0420000,0.2140000,0.2140000,0.1470000,0.0350000,0.0350000,0.0350000,0.0340000,0.0300000,0.0300000,0.0280000,0.0280000,0.0290000,0.0290000,0.1320000,0.1290000,0.1920000,0.0260000,0.0260000,0.0250000,0.0260000,0.0260000,0.0260000,0.0250000,0.0250000,A,,,,
300,20260709,0.0260000,0.0260000,0.0250000,0.0260000,0.0250000,0.0250000,0.0250000,0.0260000,0.0250000,0.0250000,0.0260000,0.0290000,0.0290000,0.0310000,0.0310000,0.0310000,0.0310000,0.0300000,0.0300000,0.0300000,0.0310000,0.0270000,0.0250000,0.0260000,0.0270000,0.0270000,0.0270000,0.0270000,0.0270000,0.0260000,0.0270000,0.0260000,0.0270000,0.0270000,0.0260000,0.0240000,0.0230000,0.0270000,0.0260000,0.0260000,0.0260000,0.0260000,0.0270000,0.0260000,0.0260000,0.0250000,0.0260000,0.0250000,0.0260000,0.0280000,0.0320000,0.0310000,0.0320000,0.0310000,0.0310000,0.0310000,0.0300000,0.0310000,0.0310000,0.0330000,0.0230000,0.0280000,0.0260000,0.0250000,0.0250000,0.0260000,0.0250000,0.0250000,0.0250000,0.0260000,0.0250000,0.0250000,0.0260000,0.0250000,0.0250000,0.0250000,0.0250000,0.0260000,0.0260000,0.0260000,0.1170000,0.0730000,0.0290000,0.0280000,0.1130000,0.1200000,0.1200000,0.1200000,0.1790000,0.1750000,0.1560000,0.1240000,0.1250000,0.1210000,0.1180000,0.1180000,0.1210000,0.1200000,0.1180000,0.1150000,0.1150000,0.1150000,0.1160000,0.1150000,0.1150000,0.1160000,0.1150000,0.1150000,0.0310000,0.0270000,0.0280000,0.0270000,0.0260000,0.0270000,0.0270000,0.0270000,0.0260000,0.0270000,0.0260000,0.0270000,0.0260000,0.0270000,0.0270000,0.0280000,0.0300000,0.0320000,0.0390000,0.0400000,0.0420000,0.0430000,0.0420000,0.0420000,0.0430000,0.0410000,0.0400000,0.0400000,0.0400000,0.0350000,0.0360000,0.0350000,0.0360000,0.0360000,0.0360000,0.0360000,0.0370000,0.0370000,0.0350000,0.0300000,0.0300000,0.0320000,0.0320000,0.0330000,0.0320000,0.0330000,0.0320000,0.0320000,0.0320000,0.0330000,0.0320000,0.0320000,0.0330000,0.0330000,0.0320000,0.0330000,0.0360000,0.0400000,0.0410000,0.0480000,0.0490000,0.0480000,0.0480000,0.0450000,0.0420000,0.0410000,0.0470000,0.0420000,0.0390000,0.0380000,0.0380000,0.0370000,0.0370000,0.0380000,0.0380000,0.0370000,0.0390000,0.0380000,0.0370000,0.0420000,0.0400000,0.0450000,0.0520000,0.0510000,0.0510000,0.0510000,0.0520000,0.0450000,0.0340000,0.0360000,0.0380000,0.0410000,0.1420000,0.2090000,0.0770000,0.0790000,0.0650000,0.0400000,0.0410000,0.0410000,0.0460000,0.0860000,0.0620000,0.0440000,0.0430000,0.0420000,0.0420000,0.0370000,0.0350000,0.0300000,0.0320000,0.0340000,0.1300000,0.0400000,0.0420000,0.0430000,0.0440000,0.0440000,0.0420000,0.0460000,0.1310000,0.1370000,0.1370000,0.1300000,0.1230000,0.1230000,0.1230000,0.1230000,0.1200000,0.1210000,0.1200000,0.1200000,0.1210000,0.1200000,0.1230000,0.1270000,0.1250000,0.1260000,0.1260000,0.1260000,0.1250000,0.1250000,0.1260000,0.1250000,0.0390000,0.0350000,0.0320000,0.0370000,0.0370000,0.0380000,0.0450000,0.0450000,0.0500000,0.0450000,0.0460000,0.0460000,0.0440000,0.0450000,0.0490000,0.0500000,0.0500000,0.0490000,0.0510000,0.0540000,0.0550000,0.0560000,0.0500000,0.0460000,0.0410000,0.0350000,0.0330000,0.0310000,0.0330000,0.1880000,0.2190000,0.1890000,0.0340000,0.0340000,0.0370000,0.0360000,A,,,,
300,20260710,0.0370000,0.0370000,0.0350000,0.0330000,0.0310000,0.0310000,0.0930000,0.1700000,0.1720000,0.0590000,0.0280000,0.0290000,0.0280000,0.0290000,0.0290000,0.0280000,0.0280000,0.0290000,0.0280000,0.0280000,0.0290000,0.0280000,0.0290000,0.0280000,0.0300000,0.0300000,0.0300000,0.0290000,0.0290000,0.0280000,0.0280000,0.0340000,0.0340000,0.0330000,0.0350000,0.0330000,0.0340000,0.0340000,0.0340000,0.0330000,0.0340000,0.0310000,0.0290000,0.0290000,0.0290000,0.0300000,0.0290000,0.0290000,0.0280000,0.0270000,0.0280000,0.0280000,0.0290000,0.0280000,0.0280000,0.0280000,0.0290000,0.0280000,0.0280000,0.0290000,0.0290000,0.0310000,0.0900000,0.0900000,0.0340000,0.0310000,0.0360000,0.0310000,0.0300000,0.0300000,0.0300000,0.0370000,0.0350000,0.0330000,0.0310000,0.0320000,0.0320000,0.0330000,0.0330000,0.0330000,0.0320000,0.0300000,0.0820000,0.0340000,0.1200000,0.1250000,0.1240000,0.1230000,0.1230000,0.1230000,0.1230000,0.1230000,0.2320000,0.1250000,0.1250000,0.1220000,0.1230000,0.1220000,0.1210000,0.1200000,0.1210000,0.1200000,0.1210000,0.1210000,0.1210000,0.1210000,0.1190000,0.1200000,0.0340000,0.0330000,0.0380000,0.0360000,0.0340000,0.0370000,0.0400000,0.0420000,0.0420000,0.0410000,0.0420000,0.0420000,0.0410000,0.0380000,0.0370000,0.0350000,0.0960000,0.0930000,0.1420000,0.0350000,0.0370000,0.0360000,0.0350000,0.0360000,0.0370000,0.0360000,0.0360000,0.0360000,0.0360000,0.0360000,0.0360000,0.0370000,0.0360000,0.0350000,0.0350000,0.0360000,0.0360000,0.0350000,0.0360000,0.0350000,0.0400000,0.0410000,0.0410000,0.0410000,0.0410000,0.0400000,0.0410000,0.0400000,0.0400000,0.0410000,0.0400000,0.0400000,0.0390000,0.0350000,0.0360000,0.0360000,0.0350000,0.0350000,0.0360000,0.0350000,0.0350000,0.0360000,0.0350000,0.0360000,0.0350000,0.0360000,0.0370000,0.0360000,0.0360000,0.0380000,0.0370000,0.0370000,0.0370000,0.0370000,0.0380000,0.0370000,0.0380000,0.0380000,0.0460000,0.0440000,0.0450000,0.0440000,0.0450000,0.0440000,0.0440000,0.0440000,0.0440000,0.0450000,0.0440000,0.0450000,0.0430000,0.0400000,0.0390000,0.0400000,0.0400000,0.0400000,0.0410000,0.0480000,0.0530000,0.0510000,0.0580000,0.0530000,0.0550000,0.0520000,0.0780000,0.1470000,0.1160000,0.1450000,0.1170000,0.1500000,0.1990000,0.2140000,0.2190000,0.1300000,0.0490000,0.0510000,0.1030000,0.1360000,0.0640000,0.0630000,0.1410000,0.1390000,0.1420000,0.1390000,0.1400000,0.1290000,0.1300000,0.1290000,0.1300000,0.1950000,0.3040000,0.3010000,0.1990000,0.1230000,0.1230000,0.1230000,0.1230000,0.1230000,0.1230000,0.1230000,0.1290000,0.1310000,0.1300000,0.2740000,0.1410000,0.1330000,0.0380000,0.0370000,0.0380000,0.0370000,0.0390000,0.0420000,0.0390000,0.0410000,0.0410000,0.0410000,0.0390000,0.0360000,0.0350000,0.0350000,0.0340000,0.0340000,0.0340000,0.0330000,0.0330000,0.0330000,0.0300000,0.0270000,0.0250000,0.0250000,0.0270000,0.0280000,0.0270000,0.0270000,0.0270000,0.0270000,0.0270000,0.0270000,0.0270000,0.0270000,A,,,,
300,20260711,0.0280000,0.0270000,0.0270000,0.0270000,0.0270000,0.0270000,0.0270000,0.0270000,0.0270000,0.0270000,0.0270000,0.0280000,0.0280000,0.0270000,0.0330000,0.0330000,0.0330000,0.0330000,0.0320000,0.0320000,0.0320000,0.0320000,0.0320000,0.0320000,0.0290000,0.0290000,0.0290000,0.0280000,0.0280000,0.0280000,0.0280000,0.0280000,0.0280000,0.0280000,0.0270000,0.0270000,0.0280000,0.0280000,0.0280000,0.0250000,0.0250000,0.0270000,0.0280000,0.0270000,0.0270000,0.0270000,0.0270000,0.0280000,0.0270000,0.0270000,0.0280000,0.0270000,0.0280000,0.0330000,0.0320000,0.0330000,0.0320000,0.0320000,0.0330000,0.0310000,0.0300000,0.0300000,0.0300000,0.0260000,0.0270000,0.0270000,0.0260000,0.0260000,0.0270000,0.0260000,0.0270000,0.0270000,0.0260000,0.0270000,0.0270000,0.0260000,0.0270000,0.0260000,0.0280000,0.0280000,0.0260000,0.0260000,0.0290000,0.1250000,0.1170000,0.1200000,0.1190000,0.1180000,0.1530000,0.1200000,0.1420000,0.2040000,0.2050000,0.4000000,0.2640000,0.1980000,0.1960000,0.2080000,0.1260000,0.1830000,0.1280000,0.1240000,0.1230000,0.1230000,0.1230000,0.1230000,0.1220000,0.1180000,0.0320000,0.0360000,0.0380000,0.0340000,0.0310000,0.0480000,0.0350000,0.0340000,0.0330000,0.0340000,0.0340000,0.0330000,0.0330000,0.0340000,0.0340000,0.0330000,0.0330000,0.0330000,0.0340000,0.0330000,0.0360000,0.0390000,0.0400000,0.0410000,0.0390000,0.0390000,0.0400000,0.0390000,0.0350000,0.0340000,0.0340000,0.0340000,0.0260000,0.0270000,0.0280000,0.0280000,0.0280000,0.0280000,0.0280000,0.0280000,0.0280000,0.0280000,0.0280000,0.0300000,0.0340000,0.0340000,0.0330000,0.0380000,0.0360000,0.0270000,0.0260000,0.0270000,0.0270000,0.0260000,0.0270000,0.0270000,0.0260000,0.0310000,0.0330000,0.0320000,0.0320000,0.0320000,0.0330000,0.0320000,0.0330000,0.0320000,0.0330000,0.0330000,0.0320000,0.0330000,0.0300000,0.0280000,0.0280000,0.0280000,0.0350000,0.0340000,0.0340000,0.0330000,0.0320000,0.0330000,0.0340000,0.0380000,0.0360000,0.0370000,0.0390000,0.0390000,0.0400000,0.0390000,0.0400000,0.0400000,0.0460000,0.0440000,0.0460000,0.0420000,0.0450000,0.0490000,0.0490000,0.0530000,0.0480000,0.0470000,0.0490000,0.0480000,0.0520000,0.0480000,0.0490000,0.0500000,0.0500000,0.0520000,0.0530000,0.0520000,0.0510000,0.0480000,0.0480000,0.0490000,0.0490000,0.0480000,0.2060000,0.2210000,0.1960000,0.0620000,0.1490000,0.1530000,0.1540000,0.1540000,0.1420000,0.1350000,0.1360000,0.1380000,0.1380000,0.2130000,0.2510000,0.2920000,0.1420000,0.1330000,0.1340000,0.1330000,0.1350000,0.1330000,0.1340000,0.1310000,0.1320000,0.1270000,0.1270000,0.1250000,0.0500000,0.0850000,0.0980000,0.1070000,0.1120000,0.1050000,0.0960000,0.0830000,0.0830000,0.0830000,0.0830000,0.0880000,0.0910000,0.0870000,0.0870000,0.0900000,0.0880000,0.0800000,0.0820000,0.0830000,0.0810000,0.0770000,0.0430000,0.0290000,0.0290000,0.0280000,0.0290000,0.0280000,0.0290000,0.0270000,0.0280000,0.0270000,0.0280000,0.0280000,0.0330000,0.0330000,A,,,,
300,20260712,0.0330000,0.0330000,0.0320000,0.0330000,0.0320000,0.0310000,0.0320000,0.0290000,0.0260000,0.0270000,0.0270000,0.0260000,0.0270000,0.0260000,0.0270000,0.0270000,0.0270000,0.0260000,0.0260000,0.0270000,0.0270000,0.0260000,0.0270000,0.0270000,0.0290000,0.0310000,0.0290000,0.0280000,0.0270000,0.0280000,0.0270000,0.0270000,0.0280000,0.0270000,0.0260000,0.0250000,0.0280000,0.0300000,0.0330000,0.0340000,0.0330000,0.0330000,0.0330000,0.0320000,0.0320000,0.0330000,0.0320000,0.0290000,0.0270000,0.0280000,0.0270000,0.0280000,0.0270000,0.0270000,0.0270000,0.0270000,0.0270000,0.0270000,0.0250000,0.0240000,0.0270000,0.0270000,0.0270000,0.0270000,0.0270000,0.0260000,0.0270000,0.0260000,0.0270000,0.0270000,0.0260000,0.0270000,0.0270000,0.0270000,0.0260000,0.0270000,0.0280000,0.0330000,0.0300000,0.0990000,0.0470000,0.0330000,0.0570000,0.0340000,0.1210000,0.1220000,0.1190000,0.1170000,0.1180000,0.1180000,0.2010000,0.1170000,0.1190000,0.1200000,0.1210000,0.1200000,0.1200000,0.1200000,0.1200000,0.1210000,0.1210000,0.1200000,0.1220000,0.1230000,0.1230000,0.1290000,0.1240000,0.1240000,0.0340000,0.0390000,0.0410000,0.0590000,0.0410000,0.0430000,0.0460000,0.2640000,0.3200000,0.2590000,0.1990000,0.1130000,0.0970000,0.0480000,0.0530000,0.0510000,0.0490000,0.0480000,0.0440000,0.0440000,0.0410000,0.0430000,0.0440000,0.0410000,0.0410000,0.0490000,0.0420000,0.0430000,0.0410000,0.0410000,0.0420000,0.0500000,0.0430000,0.0420000,0.0470000,0.0440000,0.0420000,0.0420000,0.0440000,0.0460000,0.0420000,0.1150000,0.0930000,0.0690000,0.0510000,0.0520000,0.0500000,0.0480000,0.0500000,0.0500000,0.0500000,0.0490000,0.0510000,0.0540000,0.0580000,0.0530000,0.0500000,0.0550000,0.0700000,0.0600000,0.0400000,0.0400000,0.0410000,0.0410000,0.0400000,0.0410000,0.0400000,0.0400000,0.0440000,0.0420000,0.0820000,0.1750000,0.1170000,0.1240000,0.1320000,0.1080000,0.2400000,0.1870000,0.1010000,0.1870000,0.2170000,0.2180000,0.2250000,0.2160000,0.2190000,0.2170000,0.2220000,0.2190000,0.1010000,0.1020000,0.2210000,0.1990000,0.1050000,0.1860000,0.2190000,0.2220000,0.2290000,0.2330000,0.2310000,0.2380000,0.2330000,0.2430000,0.2520000,0.2100000,0.1750000,0.2090000,0.2710000,0.1910000,0.1880000,0.2420000,0.1800000,0.2300000,0.2750000,0.3150000,0.3880000,0.2530000,0.1710000,0.1460000,0.1530000,0.1010000,0.1500000,0.1580000,0.2120000,0.2010000,0.2020000,0.2050000,0.2030000,0.2050000,0.2070000,0.2050000,0.2060000,0.2030000,0.2080000,0.2070000,0.1900000,0.1870000,0.1850000,0.1790000,0.1810000,0.1720000,0.1680000,0.1520000,0.1300000,0.1280000,0.0370000,0.0380000,0.0410000,0.0410000,0.0410000,0.0410000,0.0690000,0.1000000,0.1690000,0.2600000,0.2610000,0.1560000,0.0840000,0.0850000,0.0870000,0.0870000,0.0710000,0.0810000,0.1030000,0.0780000,0.0780000,0.0800000,0.2500000,0.1780000,0.1340000,0.0800000,0.0740000,0.0700000,0.0700000,0.0790000,0.0810000,0.0760000,0.0660000,0.0650000,0.0740000,0.0750000,A,,,,
300,20260713,0.0710000,0.0640000,0.0660000,0.0700000,0.0740000,0.0730000,0.0730000,0.0720000,0.0710000,0.0710000,0.0710000,0.0700000,0.0690000,0.0340000,0.0350000,0.0350000,0.0280000,0.0280000,0.0270000,0.0270000,0.0280000,0.0270000,0.0260000,0.0260000,0.0290000,0.0310000,0.0340000,0.0320000,0.0320000,0.0320000,0.0310000,0.0320000,0.0320000,0.0310000,0.0310000,0.0320000,0.0280000,0.0280000,0.0250000,0.0250000,0.0280000,0.0270000,0.0280000,0.0270000,0.0270000,0.0270000,0.0270000,0.0270000,0.0260000,0.0270000,0.0270000,0.0270000,0.0270000,0.0260000,0.0270000,0.0270000,0.0270000,0.0270000,0.0270000,0.0270000,0.0270000,0.0270000,0.0270000,0.0270000,0.0270000,0.0280000,0.0330000,0.0320000,0.0330000,0.0310000,0.0320000,0.0320000,0.0320000,0.0310000,0.0320000,0.0280000,0.0270000,0.0260000,0.0270000,0.0260000,0.0520000,0.0710000,0.0260000,0.0280000,0.1200000,0.1210000,0.1200000,0.1260000,0.1260000,0.1230000,0.1230000,0.1270000,0.1190000,0.1190000,0.1200000,0.1230000,0.1250000,0.1220000,0.1240000,0.1270000,0.2530000,0.2700000,0.1340000,0.1320000,0.1320000,0.1360000,0.1370000,0.1350000,0.0470000,0.0360000,0.0400000,0.0380000,0.0410000,0.0380000,0.0510000,0.0350000,0.0280000,0.0270000,0.0300000,0.0290000,0.0300000,0.0290000,0.0300000,0.0290000,0.0300000,0.0290000,0.0310000,0.0360000,0.0370000,0.0360000,0.0370000,0.0360000,0.0370000,0.0360000,0.0360000,0.0350000,0.0360000,0.0360000,0.0350000,0.0350000,0.0360000,0.0360000,0.0350000,0.0390000,0.0420000,0.0420000,0.0410000,0.0410000,0.0420000,0.0410000,0.0390000,0.0340000,0.0350000,0.0340000,0.0370000,0.0330000,0.0290000,0.0300000,0.0290000,0.0290000,0.0290000,0.0290000,0.0290000,0.0290000,0.0290000,0.0290000,0.0290000,0.0300000,0.0310000,0.0300000,0.0310000,0.0250000,0.0270000,0.0290000,0.0280000,0.0290000,0.0290000,0.0280000,0.0290000,0.0290000,0.0280000,0.0340000,0.0350000,0.0350000,0.0340000,0.0340000,0.0340000,0.0340000,0.0330000,0.0340000,0.0330000,0.0340000,0.0330000,0.0330000,0.0340000,0.0290000,0.0320000,0.0330000,0.0320000,0.0340000,0.0330000,0.0300000,0.0300000,0.0300000,0.0300000,0.0830000,0.1410000,0.1480000,0.0620000,0.1280000,0.1180000,0.1170000,0.0830000,0.0390000,0.0380000,0.0370000,0.0380000,0.0390000,0.0420000,0.0490000,0.0510000,0.0550000,0.0580000,0.0570000,0.0580000,0.0620000,0.0640000,0.0660000,0.1550000,0.1440000,0.1380000,0.1380000,0.1390000,0.1380000,0.1330000,0.1310000,0.1320000,0.2820000,0.2410000,0.1440000,0.1350000,0.1440000,0.1480000,0.1490000,0.1470000,0.1450000,0.1440000,0.1400000,0.1260000,0.1330000,0.1360000,0.1280000,0.0470000,0.0850000,0.0950000,0.1030000,0.1090000,0.1130000,0.0850000,0.0890000,0.1040000,0.1010000,0.0980000,0.0880000,0.0870000,0.0880000,0.0880000,0.0860000,0.1670000,0.2670000,0.2220000,0.0980000,0.0850000,0.0910000,0.2650000,0.1520000,0.0320000,0.0320000,0.0320000,0.0320000,0.0310000,0.0310000,0.0310000,0.0310000,0.0280000,0.0300000,0.0300000,0.0280000,A,,,,
300,20260714,0.1140000,0.2080000,0.2080000,0.1110000,0.0290000,0.0260000,0.0260000,0.0260000,0.0260000,0.0270000,0.0310000,0.0320000,0.0320000,0.0320000,0.0320000,0.0310000,0.0310000,0.0320000,0.0310000,0.0310000,0.0300000,0.0260000,0.0270000,0.0260000,0.0270000,0.0290000,0.0280000,0.0270000,0.0260000,0.0240000,0.0270000,0.0260000,0.0270000,0.0270000,0.0270000,0.0270000,0.0290000,0.0270000,0.0260000,0.0270000,0.0260000,0.0270000,0.0270000,0.0270000,0.0270000,0.0260000,0.0270000,0.0260000,0.0280000,0.0330000,0.0320000,0.0320000,0.0320000,0.0320000,0.0320000,0.0300000,0.0290000,0.0300000,0.0300000,0.0270000,0.0260000,0.0270000,0.0270000,0.0290000,0.0860000,0.0770000,0.0760000,0.0280000,0.0320000,0.0270000,0.0280000,0.0270000,0.0280000,0.0270000,0.0280000,0.0270000,0.0280000,0.0270000,0.0270000,0.0280000,0.0270000,0.0270000,0.0270000,0.0280000,0.1150000,0.1170000,0.1290000,0.1870000,0.1320000,0.1360000,0.1270000,0.1290000,0.1290000,0.1300000,0.1310000,0.1320000,0.1730000,0.1320000,0.1280000,0.1230000,0.1170000,0.1150000,0.1160000,0.1180000,0.1170000,0.1170000,0.1170000,0.1160000,0.0270000,0.0260000,0.0490000,0.0710000,0.0280000,0.0280000,0.0270000,0.0300000,0.0280000,0.0300000,0.0340000,0.0340000,0.0760000,0.0380000,0.0380000,0.0340000,0.0340000,0.0350000,0.0370000,0.0410000,0.0410000,0.0390000,0.0390000,0.0380000,0.0390000,0.0370000,0.0390000,0.0380000,0.0380000,0.0380000,0.0330000,0.0330000,0.0330000,0.0340000,0.0330000,0.0320000,0.0280000,0.0280000,0.0280000,0.0270000,0.0280000,0.0280000,0.0280000,0.0280000,0.0270000,0.0280000,0.0280000,0.0280000,0.0280000,0.0280000,0.0280000,0.1410000,0.0600000,0.0390000,0.0450000,0.0400000,0.0350000,0.0350000,0.0350000,0.0290000,0.0300000,0.0310000,0.0320000,0.0320000,0.0320000,0.0310000,0.0280000,0.0260000,0.0270000,0.0270000,0.0270000,0.0260000,0.0270000,0.0280000,0.0280000,0.0290000,0.0270000,0.0280000,0.0260000,0.0440000,0.1000000,0.0340000,0.0340000,0.0350000,0.0310000,0.0310000,0.0310000,0.0320000,0.0310000,0.0310000,0.0320000,0.0320000,0.0380000,0.0430000,0.0450000,0.1250000,0.1180000,0.1120000,0.1170000,0.1230000,0.1290000,0.0770000,0.0430000,0.0440000,0.0400000,0.0400000,0.0400000,0.0530000,0.0540000,0.0540000,0.0640000,0.1450000,0.2230000,0.0730000,0.0730000,0.0640000,0.0570000,0.0570000,0.0560000,0.0560000,0.1430000,0.1310000,0.1250000,0.1260000,0.1250000,0.1340000,0.1220000,0.1210000,0.1220000,0.1230000,0.1300000,0.1330000,0.1380000,0.1370000,0.1360000,0.1350000,0.1370000,0.1370000,0.1370000,0.1370000,0.1370000,0.1370000,0.1360000,0.1250000,0.0400000,0.0420000,0.0430000,0.0420000,0.0430000,0.0420000,0.0450000,0.0440000,0.0440000,0.0450000,0.0420000,0.0300000,0.0290000,0.0280000,0.0440000,0.2050000,0.2050000,0.1300000,0.0300000,0.0290000,0.0290000,0.0290000,0.0300000,0.0300000,0.0260000,0.0280000,0.0300000,0.0340000,0.1470000,0.1350000,0.1880000,0.0310000,0.0310000,0.0310000,0.0300000,0.0300000,A,,,,
300,20260715,0.0310000,0.0300000,0.0250000,0.0250000,0.0250000,0.0260000,0.0260000,0.0250000,0.0250000,0.0260000,0.0250000,0.0260000,0.0260000,0.0260000,0.0260000,0.0270000,0.0260000,0.0260000,0.0270000,0.0260000,0.0260000,0.0270000,0.0260000,0.0260000,0.0280000,0.0290000,0.0290000,0.0230000,0.0240000,0.0260000,0.0280000,0.0320000,0.0310000,0.0320000,0.0320000,0.0310000,0.0320000,0.0310000,0.0310000,0.0310000,0.0280000,0.0260000,0.0260000,0.0260000,0.0260000,0.0260000,0.0260000,0.0260000,0.0260000,0.0260000,0.0260000,0.0260000,0.0260000,0.0260000,0.0250000,0.0260000,0.0260000,0.0250000,0.0260000,0.0250000,0.0260000,0.0260000,0.0250000,0.0260000,0.0260000,0.0260000,0.0250000,0.0250000,0.0230000,0.0240000,0.0320000,0.0330000,0.0550000,0.1470000,0.0600000,0.0320000,0.0340000,0.0320000,0.0310000,0.0260000,0.0320000,0.0260000,0.0270000,0.0270000,0.1200000,0.1210000,0.1250000,0.1250000,0.1240000,0.1250000,0.1900000,0.2150000,0.1940000,0.1920000,0.1870000,0.1700000,0.1430000,0.1390000,0.1240000,0.1240000,0.1240000,0.1230000,0.1230000,0.1190000,0.1960000,0.2930000,0.2890000,0.2870000,0.0270000,0.1310000,0.1220000,0.0330000,0.0320000,0.0320000,0.0320000,0.0320000,0.0320000,0.0350000,0.0340000,0.0310000,0.0290000,0.0250000,0.0260000,0.0320000,0.0280000,0.0260000,0.0250000,0.0260000,0.0260000,0.0250000,0.0260000,0.0260000,0.0250000,0.0260000,0.0250000,0.0260000,0.0260000,0.0260000,0.0260000,0.0260000,0.0260000,0.0350000,0.1300000,0.1050000,0.0450000,0.0500000,0.1180000,0.1040000,0.0360000,0.0350000,0.0350000,0.0360000,0.0350000,0.0350000,0.0350000,0.0350000,0.0350000,0.0340000,0.0340000,0.1220000,0.0890000,0.0300000,0.0300000,0.0310000,0.0300000,0.0300000,0.0300000,0.0300000,0.0300000,0.0300000,0.0260000,0.0260000,0.0260000,0.0270000,0.0250000,0.0240000,0.0280000,0.0250000,0.0250000,0.0240000,0.0230000,0.0210000,0.0230000,0.0240000,0.0290000,0.0300000,0.0290000,0.0300000,0.0290000,0.0330000,0.0340000,0.0300000,0.0310000,0.0310000,0.0300000,0.0300000,0.0310000,0.0250000,0.0320000,0.0330000,0.0470000,0.0550000,0.0560000,0.0520000,0.0480000,0.0520000,0.1030000,0.1550000,0.1260000,0.1090000,0.1080000,0.1100000,0.1110000,0.1620000,0.1210000,0.1730000,0.1370000,0.0470000,0.0460000,0.0460000,0.0460000,0.0480000,0.0610000,0.0670000,0.2280000,0.2470000,0.2460000,0.1650000,0.1450000,0.3190000,0.1570000,0.1450000,0.1480000,0.1410000,0.1370000,0.1320000,0.1330000,0.1320000,0.1330000,0.1340000,0.1340000,0.1330000,0.1340000,0.1340000,0.1340000,0.1330000,0.1350000,0.1340000,0.1230000,0.1240000,0.1320000,0.1310000,0.0430000,0.0430000,0.0440000,0.0440000,0.0430000,0.0420000,0.0420000,0.0410000,0.0440000,0.0480000,0.0390000,0.0350000,0.0300000,0.0290000,0.0330000,0.0320000,0.0330000,0.0320000,0.0310000,0.0290000,0.0260000,0.0260000,0.0250000,0.0260000,0.0250000,0.0260000,0.0260000,0.0250000,0.0250000,0.0260000,0.0250000,0.0260000,0.0260000,0.0250000,0.0250000,0.0260000,A,,,,
300,20260716,0.0250000,0.0260000,0.0250000,0.0260000,0.0250000,0.0250000,0.0250000,0.0260000,0.0250000,0.0260000,0.0250000,0.0290000,0.0310000,0.0310000,0.0310000,0.0310000,0.0310000,0.0290000,0.0280000,0.0290000,0.0300000,0.0250000,0.0250000,0.0260000,0.0260000,0.0270000,0.0280000,0.0270000,0.0250000,0.0260000,0.0260000,0.0260000,0.0260000,0.0260000,0.0260000,0.0260000,0.0260000,0.0270000,0.0260000,0.0270000,0.0270000,0.0240000,0.0250000,0.0260000,0.0260000,0.0260000,0.0260000,0.0260000,0.0260000,0.0260000,0.0270000,0.0330000,0.0330000,0.0320000,0.0310000,0.0320000,0.0310000,0.0310000,0.0310000,0.0310000,0.0260000,0.0240000,0.0290000,0.0250000,0.0260000,0.0260000,0.0250000,0.0250000,0.0260000,0.0250000,0.0250000,0.0250000,0.0250000,0.0250000,0.0260000,0.0250000,0.0250000,0.0230000,0.0240000,0.0260000,0.1210000,0.0390000,0.0300000,0.0300000,0.1240000,0.1210000,0.1210000,0.1200000,0.1230000,0.1730000,0.1280000,0.1280000,0.1260000,0.1220000,0.1210000,0.1210000,0.1210000,0.1210000,0.1210000,0.1210000,0.1190000,0.1270000,0.2130000,0.1240000,0.1230000,0.1240000,0.1210000,0.1200000,0.0310000,0.0320000,0.0320000,0.0320000,0.0320000,0.0310000,0.0310000,0.0320000,0.0330000,0.0300000,0.0310000,0.0300000,0.0300000,0.0300000,0.0310000,0.0300000,0.0300000,0.0300000,0.0310000,0.0310000,0.0400000,0.0370000,0.0380000,0.0370000,0.0370000,0.0340000,0.0350000,0.0360000,0.0360000,0.0350000,0.0320000,0.0310000,0.0360000,0.0330000,0.0310000,0.0300000,0.0300000,0.0310000,0.0300000,0.0460000,0.1160000,0.0740000,0.0370000,0.0370000,0.0370000,0.0360000,0.0350000,0.0310000,0.0310000,0.0320000,0.0310000,0.0300000,0.0300000,0.0310000,0.0310000,0.0310000,0.0320000,0.0370000,0.0360000,0.0400000,0.0370000,0.0370000,0.0370000,0.0370000,0.0360000,0.0380000,0.0390000,0.0400000,0.0340000,0.0350000,0.0350000,0.0360000,0.0370000,0.0370000,0.0380000,0.0370000,0.0420000,0.0530000,0.0520000,0.0510000,0.0500000,0.0510000,0.0340000,0.0350000,0.0370000,0.0360000,0.0340000,0.0360000,0.0350000,0.0350000,0.0350000,0.0350000,0.0360000,0.0420000,0.0380000,0.0380000,0.0340000,0.0350000,0.0320000,0.0270000,0.0290000,0.0300000,0.0300000,0.0280000,0.0240000,0.0250000,0.0250000,0.0290000,0.0260000,0.0260000,0.0260000,0.0270000,0.0260000,0.0260000,0.0270000,0.0270000,0.0260000,0.0270000,0.0260000,0.0330000,0.1220000,0.1230000,0.1250000,0.1290000,0.1290000,0.1280000,0.1280000,0.1280000,0.1280000,0.1210000,0.1170000,0.1200000,0.1210000,0.1210000,0.1200000,0.1200000,0.1200000,0.1190000,0.1200000,0.1320000,0.1320000,0.1310000,0.1310000,0.1280000,0.0420000,0.0420000,0.0410000,0.0400000,0.0390000,0.0410000,0.0400000,0.0420000,0.0420000,0.0420000,0.0410000,0.0420000,0.0420000,0.0310000,0.0290000,0.0250000,0.0260000,0.0270000,0.0260000,0.0260000,0.0260000,0.0250000,0.0240000,0.0260000,0.0250000,0.0310000,0.0290000,0.0280000,0.0300000,0.0300000,0.0300000,0.0300000,0.0300000,0.0280000,0.0240000,0.0240000,A,,,,
300,20260717,0.0250000,0.0240000,0.0250000,0.0240000,0.0240000,0.0240000,0.0240000,0.0250000,0.0240000,0.0220000,0.0220000,0.0230000,0.0250000,0.0240000,0.0240000,0.0240000,0.0240000,0.0240000,0.0240000,0.0240000,0.0240000,0.0240000,0.0230000,0.0250000,0.0250000,0.0230000,0.0250000,0.0240000,0.0240000,0.0280000,0.0300000,0.0300000,0.0300000,0.0290000,0.0310000,0.0310000,0.0320000,0.0260000,0.0230000,0.0240000,0.0250000,0.0240000,0.0240000,0.0250000,0.0240000,0.0240000,0.0240000,0.0240000,0.0240000,0.0240000,0.0240000,0.0240000,0.0240000,0.0240000,0.0240000,0.0230000,0.0240000,0.0230000,0.0240000,0.0230000,0.0240000,0.0250000,0.0250000,0.1580000,0.0880000,0.0250000,0.0250000,0.0270000,0.0230000,0.0230000,0.0270000,0.0290000,0.0290000,0.0290000,0.0280000,0.0290000,0.0280000,0.0280000,0.0240000,0.0240000,0.0230000,0.0230000,0.0230000,0.0240000,0.1560000,0.1680000,0.1260000,0.1250000,0.1240000,0.1200000,0.1210000,0.1160000,0.1170000,0.1170000,0.1180000,0.1170000,0.1180000,0.1190000,0.1700000,0.1190000,0.1180000,0.1170000,0.1160000,0.1150000,0.1150000,0.1140000,0.1150000,0.1120000,0.0270000,0.0280000,0.0310000,0.0350000,0.0330000,0.0320000,0.0320000,0.0300000,0.0310000,0.0310000,0.0310000,0.0390000,0.0460000,0.0270000,0.0290000,0.0260000,0.0260000,0.0270000,0.0280000,0.0270000,0.0270000,0.0290000,0.0290000,0.0290000,0.1470000,0.2060000,0.2080000,0.0750000,0.0310000,0.0320000,0.0320000,0.0300000,0.0310000,0.0290000,0.0280000,0.1540000,0.1370000,0.1500000,0.2890000,0.2080000,0.0640000,0.0350000,0.0340000,0.0350000,0.0360000,0.0410000,0.0410000,0.0400000,0.0400000,0.0410000,0.0400000,0.0360000,0.0370000,0.0380000,0.0360000,0.0370000,0.0390000,0.0400000,0.0400000,0.0390000,0.0410000,0.0390000,0.0530000,0.0550000,0.0540000,0.0550000,0.0580000,0.0480000,0.0340000,0.0350000,0.0350000,0.0350000,0.0320000,0.0330000,0.0300000,0.0300000,0.0300000,0.0320000,0.0360000,0.0360000,0.0370000,0.0370000,0.0360000,0.0360000,0.0350000,0.0340000,0.0380000,0.0370000,0.0340000,0.0320000,0.0320000,0.0310000,0.0360000,0.0330000,0.0300000,0.0300000,0.0320000,0.1870000,0.1700000,0.0390000,0.0380000,0.0380000,0.0360000,0.0350000,0.0340000,0.0330000,0.0310000,0.0320000,0.0340000,0.0670000,0.1760000,0.1080000,0.1030000,0.0720000,0.0350000,0.0380000,0.0370000,0.0370000,0.0390000,0.0440000,0.1340000,0.1340000,0.1340000,0.1340000,0.1390000,0.1320000,0.1270000,0.1250000,0.1240000,0.1260000,0.1370000,0.1740000,0.2470000,0.1820000,0.1910000,0.1980000,0.2040000,0.2100000,0.3380000,0.3170000,0.2030000,0.2100000,0.1980000,0.1890000,0.1090000,0.1100000,0.1250000,0.1150000,0.1110000,0.1160000,0.1120000,0.1270000,0.1260000,0.1100000,0.1260000,0.1230000,0.1020000,0.1320000,0.1120000,0.1530000,0.1350000,0.0890000,0.0960000,0.1020000,0.1000000,0.0990000,0.1010000,0.0980000,0.2390000,0.1810000,0.1020000,0.1010000,0.1010000,0.0980000,0.0970000,0.0970000,0.0920000,0.0850000,0.0850000,0.1030000,A,,,,
300,20260718,0.1640000,0.0840000,0.0970000,0.0560000,0.1040000,0.2520000,0.2240000,0.3800000,0.2890000,0.1100000,0.2410000,0.0750000,0.0760000,0.0810000,0.0810000,0.0790000,0.0720000,0.0660000,0.0660000,0.0750000,0.0750000,0.0870000,0.0680000,0.0640000,0.0640000,0.0700000,0.0730000,0.0730000,0.0720000,0.0650000,0.0640000,0.0660000,0.0650000,0.0670000,0.0690000,0.0710000,0.0720000,0.0680000,0.0310000,0.0320000,0.0320000,0.0330000,0.0320000,0.0320000,0.0300000,0.0260000,0.0230000,0.0250000,0.0250000,0.0260000,0.0250000,0.0260000,0.0250000,0.0250000,0.0250000,0.0240000,0.0250000,0.0250000,0.0250000,0.0250000,0.0250000,0.0250000,0.0250000,0.0250000,0.0250000,0.0240000,0.0250000,0.0250000,0.0240000,0.0250000,0.0240000,0.0250000,0.0240000,0.0250000,0.0240000,0.0300000,0.0310000,0.0290000,0.0300000,0.0300000,0.0290000,0.0290000,0.0250000,0.0250000,0.1160000,0.1970000,0.1140000,0.1140000,0.1180000,0.1170000,0.1180000,0.1190000,0.1200000,0.1290000,0.1710000,0.2710000,0.1910000,0.1940000,0.1970000,0.2010000,0.1710000,0.1730000,0.1880000,0.1890000,0.1740000,0.1730000,0.2170000,0.1660000,0.1160000,0.0860000,0.1090000,0.1080000,0.0380000,0.0380000,0.0380000,0.0380000,0.0370000,0.0380000,0.0430000,0.0440000,0.0430000,0.0860000,0.0730000,0.0430000,0.0430000,0.0440000,0.1040000,0.0900000,0.0450000,0.0450000,0.0460000,0.0460000,0.0460000,0.0450000,0.0420000,0.0390000,0.0410000,0.0400000,0.0390000,0.0410000,0.0560000,0.0560000,0.0550000,0.0500000,0.0560000,0.0460000,0.0380000,0.1010000,0.0390000,0.0390000,0.0390000,0.0390000,0.0980000,0.0820000,0.0530000,0.0340000,0.0330000,0.0340000,0.0340000,0.0340000,0.0340000,0.0340000,0.0720000,0.0990000,0.0330000,0.0340000,0.0340000,0.0340000,0.0330000,0.0340000,0.0350000,0.0380000,0.0910000,0.0310000,0.0350000,0.0400000,0.0430000,0.0440000,0.0490000,0.0500000,0.0510000,0.0510000,0.0550000,0.1350000,0.0580000,0.0560000,0.0580000,0.0480000,0.0470000,0.0420000,0.0750000,0.1360000,0.1030000,0.0490000,0.0470000,0.0480000,0.0490000,0.0490000,0.0500000,0.0490000,0.0510000,0.2010000,0.0490000,0.1060000,0.2110000,0.1880000,0.1930000,0.4600000,0.3870000,0.3190000,0.1780000,0.0490000,0.0490000,0.0480000,0.0480000,0.0480000,0.0480000,0.0430000,0.0450000,0.1190000,0.0440000,0.0530000,0.0620000,0.1530000,0.0660000,0.0720000,0.0760000,0.0810000,0.2550000,0.3220000,0.1740000,0.1730000,0.1700000,0.1630000,0.1590000,0.1510000,0.1540000,0.1600000,0.1550000,0.1590000,0.1590000,0.1520000,0.1570000,0.1500000,0.1540000,0.1490000,0.1530000,0.1510000,0.1560000,0.1640000,0.1610000,0.1350000,0.0510000,0.0480000,0.0450000,0.0520000,0.0530000,0.1180000,0.0410000,0.0390000,0.0390000,0.0380000,0.0370000,0.0390000,0.0390000,0.0380000,0.0390000,0.0390000,0.0390000,0.0390000,0.0390000,0.0390000,0.0380000,0.0640000,0.0870000,0.0450000,0.2200000,0.2270000,0.2170000,0.0550000,0.1100000,0.1520000,0.0290000,0.0290000,0.0290000,0.0290000,0.0280000,0.0280000,A,,,,
300,20260719,0.0290000,0.0280000,0.0290000,0.0280000,0.0280000,0.0280000,0.0280000,0.0280000,0.0270000,0.0280000,0.0280000,0.0290000,0.0290000,0.0460000,0.0460000,0.0460000,0.0460000,0.0500000,0.0440000,0.0350000,0.0350000,0.0360000,0.0350000,0.0360000,0.0360000,0.0350000,0.0320000,0.0300000,0.0300000,0.0300000,0.0300000,0.0320000,0.0310000,0.0310000,0.0310000,0.0310000,0.0280000,0.0260000,0.0290000,0.0290000,0.0290000,0.0290000,0.0290000,0.0280000,0.0280000,0.0280000,0.0280000,0.0280000,0.0290000,0.0280000,0.0320000,0.0340000,0.0340000,0.0340000,0.0330000,0.0330000,0.0330000,0.0320000,0.0310000,0.0280000,0.0280000,0.0270000,0.0260000,0.0260000,0.0250000,0.0260000,0.0260000,0.0250000,0.0260000,0.0250000,0.0250000,0.0260000,0.0260000,0.0240000,0.0230000,0.0240000,0.0250000,0.0250000,0.0260000,0.0560000,0.0810000,0.0260000,0.0250000,0.0290000,0.1220000,0.1550000,0.1250000,0.1260000,0.2030000,0.1690000,0.2040000,0.1260000,0.1810000,0.1740000,0.1270000,0.1380000,0.1400000,0.1260000,0.1230000,0.1250000,0.1270000,0.1290000,0.1310000,0.1300000,0.1310000,0.1320000,0.1320000,0.1260000,0.0410000,0.0410000,0.0360000,0.0360000,0.0330000,0.0330000,0.0320000,0.0270000,0.0270000,0.0280000,0.0270000,0.0280000,0.0280000,0.0270000,0.0310000,0.0330000,0.0330000,0.0320000,0.0330000,0.0330000,0.0320000,0.0330000,0.0300000,0.0310000,0.0330000,0.0290000,0.0280000,0.0300000,0.0280000,0.0270000,0.0280000,0.0280000,0.0340000,0.0330000,0.0340000,0.0330000,0.0340000,0.0330000,0.0320000,0.0370000,0.0340000,0.0330000,0.0280000,0.0280000,0.0290000,0.0280000,0.0430000,0.0460000,0.0450000,0.0660000,0.1480000,0.0350000,0.0350000,0.0500000,0.3390000,0.2240000,0.0610000,0.1760000,0.0690000,0.1410000,0.0570000,0.1360000,0.1100000,0.0870000,0.1500000,0.0560000,0.1700000,0.1330000,0.0630000,0.1120000,0.0780000,0.1170000,0.0780000,0.0510000,0.0490000,0.0460000,0.0440000,0.0400000,0.0380000,0.0400000,0.0380000,0.0370000,0.0390000,0.0380000,0.0380000,0.0380000,0.0380000,0.0370000,0.0370000,0.0370000,0.0370000,0.0420000,0.0440000,0.0520000,0.0540000,0.2080000,0.2750000,0.2310000,0.0930000,0.1440000,0.1310000,0.1130000,0.2770000,0.2620000,0.3290000,0.2750000,0.3360000,0.2560000,0.2630000,0.2430000,0.2550000,0.3070000,0.2900000,0.1130000,0.1060000,0.1110000,0.1210000,0.1040000,0.1030000,0.1100000,0.1980000,0.1990000,0.1980000,0.2010000,0.2280000,0.2850000,0.2000000,0.2110000,0.1930000,0.1950000,0.2220000,0.1920000,0.2040000,0.2050000,0.1890000,0.2110000,0.1890000,0.1830000,0.1940000,0.2000000,0.1480000,0.1430000,0.1430000,0.1310000,0.0520000,0.0460000,0.0460000,0.0460000,0.1170000,0.0410000,0.0390000,0.0380000,0.0390000,0.0400000,0.0410000,0.0410000,0.0410000,0.0370000,0.0340000,0.0320000,0.0330000,0.0340000,0.0330000,0.0330000,0.0310000,0.1920000,0.2680000,0.3850000,0.1260000,0.0330000,0.0350000,0.0350000,0.0340000,0.0340000,0.0300000,0.0320000,0.0380000,0.0370000,0.1230000,0.1460000,A,,,,
300,20260720,0.1530000,0.0350000,0.0400000,0.0360000,0.0380000,0.0390000,0.0350000,0.0360000,0.0340000,0.0440000,0.0360000,0.0270000,0.0280000,0.0280000,0.0280000,0.0260000,0.0240000,0.0240000,0.0250000,0.0260000,0.0250000,0.0260000,0.0250000,0.0260000,0.0270000,0.0270000,0.0270000,0.0270000,0.0260000,0.0260000,0.0260000,0.0260000,0.0250000,0.0260000,0.0270000,0.0280000,0.0290000,0.0340000,0.0350000,0.0340000,0.0340000,0.0340000,0.0340000,0.0320000,0.0290000,0.0310000,0.0310000,0.0310000,0.0310000,0.0290000,0.0260000,0.0270000,0.0260000,0.0260000,0.0260000,0.0260000,0.0250000,0.0260000,0.0270000,0.0260000,0.0270000,0.0250000,0.0230000,0.0240000,0.0260000,0.0250000,0.0260000,0.0250000,0.0250000,0.0260000,0.0250000,0.0260000,0.0250000,0.0260000,0.0260000,0.0250000,0.0260000,0.0260000,0.0260000,0.0250000,0.0320000,0.0400000,0.1640000,0.0360000,0.1230000,0.1510000,0.1230000,0.1290000,0.1910000,0.2570000,0.2310000,0.2450000,0.2750000,0.1290000,0.1310000,0.1310000,0.2210000,0.1310000,0.1300000,0.1300000,0.1280000,0.1310000,0.1350000,0.1460000,0.1510000,0.1530000,0.1510000,0.1450000,0.0620000,0.0530000,0.0440000,0.1030000,0.0400000,0.0400000,0.0390000,0.0390000,0.0390000,0.0450000,0.0450000,0.0450000,0.0460000,0.0460000,0.0470000,0.0470000,0.0500000,0.0530000,0.1220000,0.1110000,0.0520000,0.0510000,0.0510000,0.0500000,0.0490000,0.0490000,0.0400000,0.0380000,0.0400000,0.0400000,0.0390000,0.0360000,0.0360000,0.0360000,0.0360000,0.0370000,0.0350000,0.0360000,0.0350000,0.0360000,0.0390000,0.0360000,0.0420000,0.0380000,0.0380000,0.0390000,0.0990000,0.0900000,0.0700000,0.0400000,0.0390000,0.0400000,0.0390000,0.0730000,0.1240000,0.0440000,0.0450000,0.0710000,0.0450000,0.0450000,0.0460000,0.0500000,0.0500000,0.0530000,0.0510000,0.0560000,0.0580000,0.0570000,0.0610000,0.0590000,0.1840000,0.2310000,0.2310000,0.0850000,0.0620000,0.0620000,0.0620000,0.0620000,0.0620000,0.0620000,0.0630000,0.0670000,0.0660000,0.0930000,0.2080000,0.1780000,0.0890000,0.0630000,0.0650000,0.0620000,0.0630000,0.0580000,0.0570000,0.0560000,0.2550000,0.2360000,0.1390000,0.0810000,0.0560000,0.0560000,0.0560000,0.0560000,0.0550000,0.0470000,0.0440000,0.0470000,0.0470000,0.0970000,0.0900000,0.0550000,0.1590000,0.0550000,0.0550000,0.0550000,0.0510000,0.0520000,0.0590000,0.0630000,0.0650000,0.0650000,0.1450000,0.1410000,0.1440000,0.1400000,0.1430000,0.1410000,0.1360000,0.1360000,0.1290000,0.1330000,0.1310000,0.1310000,0.1290000,0.1290000,0.1280000,0.2920000,0.1580000,0.1380000,0.1440000,0.1430000,0.1420000,0.1420000,0.1390000,0.1310000,0.0480000,0.0530000,0.0540000,0.0550000,0.0530000,0.0520000,0.2150000,0.2270000,0.2140000,0.0580000,0.0540000,0.0510000,0.0500000,0.0500000,0.0430000,0.0380000,0.0360000,0.0340000,0.0350000,0.1190000,0.1370000,0.1870000,0.0350000,0.0310000,0.0320000,0.0330000,0.0350000,0.0360000,0.0350000,0.0340000,0.0320000,0.0320000,0.0320000,0.0360000,0.0340000,0.0410000,A,,,,
300,20260721,0.0470000,0.0460000,0.0460000,0.0460000,0.0490000,0.0490000,0.0430000,0.0290000,0.0290000,0.0300000,0.0290000,0.0320000,0.0320000,0.0320000,0.0370000,0.0340000,0.0350000,0.0340000,0.0350000,0.0370000,0.0380000,0.0390000,0.0380000,0.0350000,0.0340000,0.0310000,0.0320000,0.0320000,0.0350000,0.0340000,0.0290000,0.0260000,0.0260000,0.0270000,0.0270000,0.0260000,0.0310000,0.0300000,0.0300000,0.0290000,0.0270000,0.0270000,0.0270000,0.0270000,0.0280000,0.0300000,0.0300000,0.0300000,0.0260000,0.0270000,0.0260000,0.0260000,0.0260000,0.0300000,0.0290000,0.0290000,0.0270000,0.0260000,0.0260000,0.0260000,0.0260000,0.0330000,0.0300000,0.0310000,0.0290000,0.0270000,0.0270000,0.0270000,0.0280000,0.0300000,0.0360000,0.0350000,0.0330000,0.0330000,0.0330000,0.0340000,0.0360000,0.0360000,0.0350000,0.1210000,0.0530000,0.0320000,0.0320000,0.0400000,0.1270000,0.1240000,0.1190000,0.1190000,0.1890000,0.1190000,0.1210000,0.1220000,0.1310000,0.1320000,0.1300000,0.1300000,0.1260000,0.1270000,0.1260000,0.1280000,0.1310000,0.1390000,0.2200000,0.1720000,0.1230000,0.1200000,0.1190000,0.1100000,0.0260000,0.0270000,0.0300000,0.0290000,0.0300000,0.0290000,0.0280000,0.0260000,0.0260000,0.0290000,0.0320000,0.0290000,0.0920000,0.0290000,0.0350000,0.0330000,0.1300000,0.0370000,0.0370000,0.0450000,0.0390000,0.0390000,0.0410000,0.0410000,0.0390000,0.0370000,0.0360000,0.0350000,0.0350000,0.0350000,0.0340000,0.0370000,0.0400000,0.0390000,0.0360000,0.0330000,0.0340000,0.0330000,0.0310000,0.0310000,0.0300000,0.0310000,0.0370000,0.1200000,0.0930000,0.0730000,0.0390000,0.0380000,0.0390000,0.0390000,0.0370000,0.0750000,0.0360000,0.0300000,0.0300000,0.0300000,0.0310000,0.0340000,0.0330000,0.0360000,0.0360000,0.0350000,0.0350000,0.0320000,0.0330000,0.0320000,0.0320000,0.0360000,0.0370000,0.0350000,0.0400000,0.0460000,0.0440000,0.0430000,0.0430000,0.0420000,0.0450000,0.0450000,0.0450000,0.0440000,0.0390000,0.0390000,0.0390000,0.0390000,0.0390000,0.0470000,0.1510000,0.0470000,0.0450000,0.0440000,0.0430000,0.0450000,0.0410000,0.0430000,0.0420000,0.0540000,0.2160000,0.1460000,0.1700000,0.2060000,0.2010000,0.1720000,0.1540000,0.1290000,0.1160000,0.1160000,0.1310000,0.1110000,0.0610000,0.0590000,0.0570000,0.0500000,0.0500000,0.0530000,0.0760000,0.1000000,0.0570000,0.0550000,0.0560000,0.0610000,0.1450000,0.1450000,0.1430000,0.2230000,0.1420000,0.1420000,0.1420000,0.1350000,0.1280000,0.1710000,0.1570000,0.1370000,0.1370000,0.1370000,0.1350000,0.1320000,0.1300000,0.1320000,0.1310000,0.1310000,0.1280000,0.1320000,0.1280000,0.1210000,0.0390000,0.0410000,0.0420000,0.0390000,0.0330000,0.0320000,0.0340000,0.0330000,0.1360000,0.2100000,0.2080000,0.0650000,0.0320000,0.0320000,0.0320000,0.0310000,0.0300000,0.0290000,0.0300000,0.0320000,0.0320000,0.0500000,0.1970000,0.1400000,0.0820000,0.0300000,0.0290000,0.0270000,0.0280000,0.0300000,0.0290000,0.0300000,0.0280000,0.0280000,0.0280000,0.0300000,A,,,,
300,20260722,0.0310000,0.0310000,0.0290000,0.0290000,0.0290000,0.0300000,0.0330000,0.0350000,0.0350000,0.0340000,0.0320000,0.0360000,0.0320000,0.0320000,0.0340000,0.0310000,0.0320000,0.0370000,0.0350000,0.0360000,0.0350000,0.0330000,0.0290000,0.0310000,0.0320000,0.0330000,0.0310000,0.0280000,0.0280000,0.0310000,0.0310000,0.0310000,0.0310000,0.0280000,0.0300000,0.0300000,0.0300000,0.0320000,0.0310000,0.0320000,0.0300000,0.0260000,0.0270000,0.0320000,0.0320000,0.0320000,0.0310000,0.0300000,0.0290000,0.0290000,0.0310000,0.0320000,0.0320000,0.0310000,0.0300000,0.0290000,0.0280000,0.0290000,0.0320000,0.0320000,0.0310000,0.0350000,0.0340000,0.0340000,0.0340000,0.0370000,0.0370000,0.0950000,0.1180000,0.0340000,0.0320000,0.0330000,0.0360000,0.0550000,0.0330000,0.1660000,0.0450000,0.0370000,0.0680000,0.0460000,0.0490000,0.0450000,0.0430000,0.0930000,0.1430000,0.1340000,0.1340000,0.1380000,0.1740000,0.2310000,0.1330000,0.1330000,0.1340000,0.1710000,0.1390000,0.1630000,0.2430000,0.2340000,0.2050000,0.2500000,0.3840000,0.2400000,0.2070000,0.1610000,0.1440000,0.1410000,0.1400000,0.1310000,0.0590000,0.0640000,0.0640000,0.0700000,0.0650000,0.0670000,0.0510000,0.0480000,0.0560000,0.0550000,0.0590000,0.0560000,0.0810000,0.0910000,0.0500000,0.0500000,0.0530000,0.0590000,0.1890000,0.0660000,0.0670000,0.0660000,0.0660000,0.0670000,0.0680000,0.0670000,0.0670000,0.0670000,0.2620000,0.2770000,0.2010000,0.1440000,0.1680000,0.1920000,0.1120000,0.1000000,0.1590000,0.1470000,0.1570000,0.0680000,0.0580000,0.0580000,0.1090000,0.0530000,0.0510000,0.0550000,0.2000000,0.2290000,0.1900000,0.0590000,0.0560000,0.0550000,0.0580000,0.0580000,0.0590000,0.1300000,0.0680000,0.0600000,0.0620000,0.1300000,0.1760000,0.2280000,0.0710000,0.0600000,0.0600000,0.0660000,0.0650000,0.0650000,0.0650000,0.0670000,0.0680000,0.0670000,0.0670000,0.0680000,0.0690000,0.0700000,0.0660000,0.0670000,0.0640000,0.0630000,0.0660000,0.0670000,0.0670000,0.0660000,0.0660000,0.0670000,0.0660000,0.0670000,0.0650000,0.0630000,0.1490000,0.0660000,0.0640000,0.0630000,0.0620000,0.0620000,0.0620000,0.0600000,0.1200000,0.1240000,0.0940000,0.0980000,0.0630000,0.0640000,0.0660000,0.0650000,0.0460000,0.0440000,0.0430000,0.0440000,0.0460000,0.0490000,0.0450000,0.0460000,0.0490000,0.0550000,0.0560000,0.0520000,0.0470000,0.0610000,0.1420000,0.1580000,0.3380000,0.3890000,0.2130000,0.1350000,0.1350000,0.1340000,0.1310000,0.1330000,0.1310000,0.1300000,0.1310000,0.1430000,0.1380000,0.2430000,0.2370000,0.3050000,0.1320000,0.1340000,0.1350000,0.1340000,0.1380000,0.1290000,0.0510000,0.0500000,0.0490000,0.0470000,0.0470000,0.0460000,0.0460000,0.0390000,0.0350000,0.0330000,0.0380000,0.0390000,0.0380000,0.0390000,0.0400000,0.0390000,0.0380000,0.0360000,0.0320000,0.0310000,0.0310000,0.0330000,0.0360000,0.0350000,0.0350000,0.0340000,0.0340000,0.0340000,0.0320000,0.0320000,0.0310000,0.0310000,0.0310000,0.0350000,0.0360000,0.0360000,A,,,,
300,20260723,0.0360000,0.0360000,0.0350000,0.0320000,0.0320000,0.0330000,0.0440000,0.0470000,0.0500000,0.0510000,0.0510000,0.0510000,0.0330000,0.0350000,0.0330000,0.0310000,0.0320000,0.0310000,0.0310000,0.0320000,0.0340000,0.0340000,0.0350000,0.0340000,0.0380000,0.0380000,0.0360000,0.0320000,0.0350000,0.0350000,0.0370000,0.0360000,0.0390000,0.0390000,0.0380000,0.0380000,0.0380000,0.0350000,0.0330000,0.0330000,0.0330000,0.0320000,0.0340000,0.0340000,0.0360000,0.0320000,0.0310000,0.0310000,0.0300000,0.0280000,0.0280000,0.0270000,0.0280000,0.0270000,0.1540000,0.0320000,0.0320000,0.0320000,0.0320000,0.0330000,0.0310000,0.0320000,0.0270000,0.0270000,0.0280000,0.0270000,0.0290000,0.0290000,0.0270000,0.0300000,0.0310000,0.0280000,0.0270000,0.0270000,0.0270000,0.0260000,0.0270000,0.0300000,0.0300000,0.0300000,0.0300000,0.0290000,0.0320000,0.1170000,0.1210000,0.1240000,0.1940000,0.1800000,0.1310000,0.1540000,0.1270000,0.1250000,0.1270000,0.1270000,0.1280000,0.1280000,0.1280000,0.1390000,0.1330000,0.1280000,0.1520000,0.3740000,0.3320000,0.3260000,0.2750000,0.1440000,0.1350000,0.1880000,0.0450000,0.0420000,0.0410000,0.0380000,0.0400000,0.0440000,0.0410000,0.0550000,0.0410000,0.1670000,0.1670000,0.0450000,0.0410000,0.0880000,0.1000000,0.0310000,0.0320000,0.0320000,0.0320000,0.0370000,0.0730000,0.0850000,0.0910000,0.0990000,0.1030000,0.2180000,0.2360000,0.1290000,0.0890000,0.0870000,0.0850000,0.1060000,0.0880000,0.0840000,0.0850000,0.0960000,0.0910000,0.1200000,0.2020000,0.0890000,0.0990000,0.1090000,0.0880000,0.1190000,0.0880000,0.1190000,0.0890000,0.1190000,0.0790000,0.0360000,0.0400000,0.0400000,0.0460000,0.0440000,0.0380000,0.0380000,0.0400000,0.0400000,0.1190000,0.0790000,0.0580000,0.0460000,0.1860000,0.2190000,0.1900000,0.0430000,0.0840000,0.0400000,0.0410000,0.0410000,0.0410000,0.0390000,0.0430000,0.0430000,0.0420000,0.0950000,0.1710000,0.1850000,0.0840000,0.0410000,0.0400000,0.0400000,0.0420000,0.1010000,0.0520000,0.0560000,0.0550000,0.0590000,0.0600000,0.0590000,0.0490000,0.0470000,0.0460000,0.0440000,0.0440000,0.0420000,0.0420000,0.0420000,0.0420000,0.0430000,0.0440000,0.0410000,0.0430000,0.0490000,0.0500000,0.0460000,0.0450000,0.0410000,0.0360000,0.0350000,0.0360000,0.0300000,0.0290000,0.0390000,0.0340000,0.0370000,0.0400000,0.0390000,0.0380000,0.0490000,0.1300000,0.1260000,0.1250000,0.1250000,0.1240000,0.1250000,0.1250000,0.1240000,0.1250000,0.1250000,0.1290000,0.1290000,0.1330000,0.1340000,0.1390000,0.1410000,0.1420000,0.1430000,0.2200000,0.1730000,0.1550000,0.1470000,0.1460000,0.1300000,0.0510000,0.0570000,0.0550000,0.0780000,0.1780000,0.0730000,0.0650000,0.0590000,0.0590000,0.0580000,0.0990000,0.0660000,0.0570000,0.0570000,0.0530000,0.0500000,0.0400000,0.0370000,0.0340000,0.0390000,0.0380000,0.0360000,0.0290000,0.0300000,0.0330000,0.0350000,0.0330000,0.0320000,0.0320000,0.0330000,0.0320000,0.0330000,0.0290000,0.0310000,0.0320000,0.0310000,A,,,,
300,20260724,0.0300000,0.0290000,0.0280000,0.0290000,0.0290000,0.0310000,0.0320000,0.0320000,0.0320000,0.0320000,0.0290000,0.0290000,0.0290000,0.0290000,0.0290000,0.0310000,0.0340000,0.0330000,0.0330000,0.0330000,0.0290000,0.0300000,0.0300000,0.0320000,0.0350000,0.0350000,0.0380000,0.0380000,0.0370000,0.0360000,0.0340000,0.0330000,0.0330000,0.0330000,0.0320000,0.0340000,0.0310000,0.0340000,0.0330000,0.0330000,0.0320000,0.0310000,0.0310000,0.0300000,0.0300000,0.0300000,0.0310000,0.0320000,0.0340000,0.0340000,0.0350000,0.0300000,0.0300000,0.0260000,0.0270000,0.0280000,0.0280000,0.0280000,0.0320000,0.0320000,0.0310000,0.0290000,0.0290000,0.0280000,0.0280000,0.0790000,0.0290000,0.0330000,0.0320000,0.0310000,0.0320000,0.0290000,0.0300000,0.0290000,0.0290000,0.0300000,0.0960000,0.0990000,0.0390000,0.0390000,0.0380000,0.0370000,0.0760000,0.0460000,0.1300000,0.1290000,0.1290000,0.1300000,0.1800000,0.1380000,0.1300000,0.1330000,0.1620000,0.1430000,0.1430000,0.1450000,0.1430000,0.1870000,0.1330000,0.1270000,0.1310000,0.1360000,0.1410000,0.1330000,0.1300000,0.1540000,0.1880000,0.2200000,0.2160000,0.2140000,0.0660000,0.0390000,0.0360000,0.0370000,0.0390000,0.0360000,0.0320000,0.0320000,0.0350000,0.1370000,0.0630000,0.2210000,0.1860000,0.0910000,0.0360000,0.0380000,0.0420000,0.0400000,0.0390000,0.0450000,0.0440000,0.0430000,0.0470000,0.0470000,0.0460000,0.0460000,0.0460000,0.0440000,0.0420000,0.0430000,0.0830000,0.0930000,0.0350000,0.0330000,0.0700000,0.0340000,0.0340000,0.0390000,0.0350000,0.0340000,0.0350000,0.0360000,0.0380000,0.0580000,0.0880000,0.1160000,0.0780000,0.0380000,0.0390000,0.0400000,0.0370000,0.0350000,0.0320000,0.0320000,0.0330000,0.0310000,0.0320000,0.0340000,0.0360000,0.0350000,0.0360000,0.0370000,0.0370000,0.2030000,0.2340000,0.1270000,0.1230000,0.0770000,0.1610000,0.0820000,0.0720000,0.1500000,0.1350000,0.0550000,0.1310000,0.1300000,0.1240000,0.0530000,0.1210000,0.1190000,0.0510000,0.1190000,0.1070000,0.0520000,0.1200000,0.0650000,0.2280000,0.1360000,0.0790000,0.2280000,0.1170000,0.1790000,0.2590000,0.2180000,0.2530000,0.1730000,0.1900000,0.1270000,0.1030000,0.0640000,0.0420000,0.0400000,0.0410000,0.0430000,0.0490000,0.0500000,0.1460000,0.0620000,0.0470000,0.0480000,0.0550000,0.0600000,0.0580000,0.0540000,0.0550000,0.0550000,0.0490000,0.0560000,0.1380000,0.1350000,0.1340000,0.1390000,0.1400000,0.1370000,0.1330000,0.1330000,0.1310000,0.1310000,0.1290000,0.1280000,0.1320000,0.1320000,0.3010000,0.1300000,0.1300000,0.1590000,0.1310000,0.1230000,0.1260000,0.1280000,0.1260000,0.1130000,0.0380000,0.0390000,0.0370000,0.0360000,0.0390000,0.0370000,0.0360000,0.0350000,0.0340000,0.0340000,0.0340000,0.0360000,0.0390000,0.0400000,0.2130000,0.1110000,0.0400000,0.0370000,0.0450000,0.0430000,0.0460000,0.0400000,0.0390000,0.0400000,0.0480000,0.0600000,0.0600000,0.0570000,0.0550000,0.0550000,0.0490000,0.0390000,0.0400000,0.0410000,0.0370000,0.0370000,A,,,,
300,20260725,0.0370000,0.0360000,0.0350000,0.0330000,0.0330000,0.0340000,0.0310000,0.0330000,0.0320000,0.0310000,0.0320000,0.0310000,0.0310000,0.0310000,0.0330000,0.0340000,0.0270000,0.0270000,0.0280000,0.0270000,0.0270000,0.0270000,0.0270000,0.0270000,0.0290000,0.0290000,0.0300000,0.0310000,0.0310000,0.0290000,0.0280000,0.0270000,0.0280000,0.0270000,0.0290000,0.0290000,0.0290000,0.0290000,0.0280000,0.0330000,0.0310000,0.0320000,0.0290000,0.0310000,0.0280000,0.0280000,0.0350000,0.0340000,0.0340000,0.0340000,0.0330000,0.0340000,0.0330000,0.0330000,0.0340000,0.0360000,0.0350000,0.0360000,0.0330000,0.0280000,0.0280000,0.0280000,0.0270000,0.0280000,0.0280000,0.0270000,0.0280000,0.1550000,0.0270000,0.0310000,0.0310000,0.0310000,0.0290000,0.0290000,0.0300000,0.0270000,0.0280000,0.0270000,0.0270000,0.0260000,0.0260000,0.0260000,0.0260000,0.0370000,0.1850000,0.1230000,0.1200000,0.1170000,0.1180000,0.1220000,0.1240000,0.1230000,0.1590000,0.1270000,0.2400000,0.1740000,0.1390000,0.1520000,0.1250000,0.1270000,0.3280000,0.3080000,0.2820000,0.1240000,0.1290000,0.1380000,0.1450000,0.1310000,0.0530000,0.0470000,0.0440000,0.0450000,0.0450000,0.1220000,0.1890000,0.1570000,0.0450000,0.0440000,0.0440000,0.0400000,0.0400000,0.0370000,0.0380000,0.0380000,0.0380000,0.0380000,0.0390000,0.0400000,0.0380000,0.0350000,0.0390000,0.0400000,0.0400000,0.0400000,0.0400000,0.0400000,0.0400000,0.0410000,0.0410000,0.0410000,0.0360000,0.0370000,0.0390000,0.0400000,0.0400000,0.0430000,0.0430000,0.0430000,0.0430000,0.0430000,0.0430000,0.0440000,0.0430000,0.0380000,0.0380000,0.0380000,0.0380000,0.0440000,0.0450000,0.0440000,0.0460000,0.0440000,0.0440000,0.0440000,0.0460000,0.0490000,0.0640000,0.0490000,0.0720000,0.1290000,0.0450000,0.0430000,0.0490000,0.0530000,0.0550000,0.0540000,0.0540000,0.0640000,0.0620000,0.0630000,0.0600000,0.0500000,0.2170000,0.2650000,0.2690000,0.2650000,0.2010000,0.1860000,0.2000000,0.0470000,0.0460000,0.0460000,0.0460000,0.0480000,0.0540000,0.0540000,0.0520000,0.0540000,0.0520000,0.0520000,0.0460000,0.0460000,0.1070000,0.1430000,0.0460000,0.0460000,0.0470000,0.0500000,0.0500000,0.0480000,0.0940000,0.0540000,0.0550000,0.0540000,0.0550000,0.0530000,0.0530000,0.0550000,0.0600000,0.0600000,0.0580000,0.0580000,0.0600000,0.0610000,0.0640000,0.1770000,0.0680000,0.0750000,0.2920000,0.2430000,0.1540000,0.1520000,0.1510000,0.1470000,0.1440000,0.1430000,0.1660000,0.2710000,0.1540000,0.1430000,0.1790000,0.1390000,0.1440000,0.1320000,0.1290000,0.1350000,0.1320000,0.1310000,0.1400000,0.2580000,0.1780000,0.1110000,0.0370000,0.0370000,0.0360000,0.0370000,0.1180000,0.2190000,0.2190000,0.1760000,0.0360000,0.0410000,0.0390000,0.0400000,0.0450000,0.0460000,0.0410000,0.0410000,0.0370000,0.0400000,0.2150000,0.1410000,0.1110000,0.0320000,0.0340000,0.0360000,0.0330000,0.0350000,0.0330000,0.0310000,0.0290000,0.0310000,0.0300000,0.0280000,0.0280000,0.0280000,0.0300000,0.0290000,A,,,,
300,20260726,0.0290000,0.0310000,0.0290000,0.0280000,0.0280000,0.0460000,0.0470000,0.0450000,0.0440000,0.0470000,0.0320000,0.0290000,0.0280000,0.0280000,0.0300000,0.0300000,0.0300000,0.0280000,0.0270000,0.0280000,0.0280000,0.0300000,0.0310000,0.0310000,0.0300000,0.0310000,0.0310000,0.0320000,0.0350000,0.0370000,0.0370000,0.0350000,0.0280000,0.0300000,0.0310000,0.0310000,0.0320000,0.0310000,0.0340000,0.0350000,0.0350000,0.0310000,0.0320000,0.0260000,0.0260000,0.0260000,0.0260000,0.0260000,0.0280000,0.0290000,0.0280000,0.0280000,0.0250000,0.0260000,0.0250000,0.0260000,0.0250000,0.0260000,0.0220000,0.0210000,0.0230000,0.0240000,0.0240000,0.0230000,0.0210000,0.0210000,0.0200000,0.0210000,0.0210000,0.0230000,0.0260000,0.0270000,0.0260000,0.0270000,0.0260000,0.0270000,0.0270000,0.0260000,0.0260000,0.0250000,0.0310000,0.1310000,0.0580000,0.0430000,0.1220000,0.1220000,0.1220000,0.1240000,0.1240000,0.1720000,0.1320000,0.1280000,0.1950000,0.1250000,0.1330000,0.2080000,0.1210000,0.1370000,0.1210000,0.1210000,0.1230000,0.1230000,0.1230000,0.1780000,0.2680000,0.1800000,0.1880000,0.2090000,0.2710000,0.1410000,0.1050000,0.0670000,0.0330000,0.0320000,0.0330000,0.0320000,0.0340000,0.0340000,0.0330000,0.0310000,0.0290000,0.0360000,0.0350000,0.0300000,0.0370000,0.0300000,0.0330000,0.0410000,0.0380000,0.0660000,0.0320000,0.0380000,0.0550000,0.0390000,0.0250000,0.0280000,0.0280000,0.0300000,0.0300000,0.0300000,0.0300000,0.0360000,0.1580000,0.1240000,0.1090000,0.1140000,0.2300000,0.1980000,0.0940000,0.0950000,0.0890000,0.0890000,0.0890000,0.0940000,0.0920000,0.1040000,0.0870000,0.0940000,0.0860000,0.0920000,0.1040000,0.0890000,0.0820000,0.0800000,0.0770000,0.0790000,0.0890000,0.1280000,0.1460000,0.1210000,0.1290000,0.1320000,0.1270000,0.1190000,0.1150000,0.1080000,0.1120000,0.1040000,0.1090000,0.0780000,0.0780000,0.0770000,0.0730000,0.0730000,0.0750000,0.0720000,0.0410000,0.0420000,0.0410000,0.0340000,0.0330000,0.0300000,0.0320000,0.0340000,0.0350000,0.0400000,0.0390000,0.0380000,0.0380000,0.0400000,0.0410000,0.0410000,0.0400000,0.0410000,0.0410000,0.0440000,0.0450000,0.0460000,0.0430000,0.0430000,0.0440000,0.0400000,0.0360000,0.0360000,0.0440000,0.0880000,0.0960000,0.1030000,0.1530000,0.1550000,0.0870000,0.0870000,0.0710000,0.0490000,0.0430000,0.0420000,0.0940000,0.0740000,0.1410000,0.1480000,0.2900000,0.3600000,0.1940000,0.1950000,0.1950000,0.1970000,0.3730000,0.3710000,0.3240000,0.1830000,0.1760000,0.1790000,0.1860000,0.1890000,0.2000000,0.1750000,0.1750000,0.1780000,0.1790000,0.2470000,0.3120000,0.2970000,0.0820000,0.0820000,0.0890000,0.0900000,0.0930000,0.0980000,0.0910000,0.0910000,0.0940000,0.1000000,0.0930000,0.0790000,0.0810000,0.0810000,0.0820000,0.0810000,0.0560000,0.0430000,0.1070000,0.1510000,0.0770000,0.0810000,0.0840000,0.0850000,0.1770000,0.0730000,0.1490000,0.2540000,0.1640000,0.0690000,0.0720000,0.1200000,0.0790000,0.0680000,0.0690000,0.0800000,A,,,,
300,20260727,0.0850000,0.0750000,0.0740000,0.0850000,0.0870000,0.0960000,0.0720000,0.0820000,0.0870000,0.0740000,0.0720000,0.0810000,0.0850000,0.0840000,0.0780000,0.0720000,0.0740000,0.0800000,0.0770000,0.0770000,0.0810000,0.0680000,0.0720000,0.0400000,0.0440000,0.0580000,0.0620000,0.0290000,0.0270000,0.0270000,0.0240000,0.0260000,0.0270000,0.0270000,0.0260000,0.0270000,0.0270000,0.0270000,0.0270000,0.0270000,0.0280000,0.0270000,0.0270000,0.0270000,0.0270000,0.0260000,0.0270000,0.0270000,0.0260000,0.0330000,0.0300000,0.0300000,0.0320000,0.0320000,0.0320000,0.0320000,0.0310000,0.0310000,0.0320000,0.0310000,0.0320000,0.0310000,0.0310000,0.0310000,0.0320000,0.0270000,0.0240000,0.0240000,0.0270000,0.0260000,0.0260000,0.0260000,0.0260000,0.0270000,0.0270000,0.0280000,0.0270000,0.0280000,0.0270000,0.0270000,0.0330000,0.2020000,0.3510000,0.1340000,0.2060000,0.1860000,0.1850000,0.1800000,0.1790000,0.1770000,0.1700000,0.1740000,0.1720000,0.1740000,0.1680000,0.1810000,0.1670000,0.1650000,0.1700000,0.1740000,0.1740000,0.1790000,0.1770000,0.1680000,0.1670000,0.1680000,0.1910000,0.1500000,0.1040000,0.0750000,0.0770000,0.0900000,0.0870000,0.0700000,0.0680000,0.0700000,0.0660000,0.0340000,0.0350000,0.0370000,0.0290000,0.0290000,0.0290000,0.0280000,0.0290000,0.0290000,0.0280000,0.0290000,0.0280000,0.0280000,0.0280000,0.0280000,0.0280000,0.0280000,0.0400000,0.1470000,0.2550000,0.1090000,0.0890000,0.0860000,0.0870000,0.0850000,0.0860000,0.0900000,0.0830000,0.0450000,0.0410000,0.0420000,0.0450000,0.0540000,0.0400000,0.0380000,0.0380000,0.0380000,0.0380000,0.0380000,0.0380000,0.0380000,0.0370000,0.0380000,0.0350000,0.0330000,0.0320000,0.0320000,0.0330000,0.0320000,0.0290000,0.0310000,0.0320000,0.0320000,0.0320000,0.0320000,0.0900000,0.0820000,0.0540000,0.0320000,0.0320000,0.0320000,0.0320000,0.0320000,0.0320000,0.0310000,0.0320000,0.0320000,0.0310000,0.0330000,0.0320000,0.0330000,0.1520000,0.2520000,0.2590000,0.0990000,0.1490000,0.1430000,0.1380000,0.0870000,0.0960000,0.1600000,0.1150000,0.0780000,0.1430000,0.1460000,0.2320000,0.2630000,0.2390000,0.1770000,0.1750000,0.1290000,0.1890000,0.1780000,0.1530000,0.1480000,0.1900000,0.2700000,0.1790000,0.0850000,0.0920000,0.0790000,0.0820000,0.0850000,0.0860000,0.0880000,0.0850000,0.0830000,0.0850000,0.0860000,0.0910000,0.1050000,0.1780000,0.2050000,0.1980000,0.1850000,0.1820000,0.1820000,0.1800000,0.1730000,0.1480000,0.1300000,0.1280000,0.1290000,0.1290000,0.1300000,0.1290000,0.1330000,0.1380000,0.1380000,0.1380000,0.1470000,0.1480000,0.1530000,0.1960000,0.2090000,0.1100000,0.1000000,0.1000000,0.1050000,0.0970000,0.0880000,0.0890000,0.0880000,0.0890000,0.0860000,0.0880000,0.0730000,0.0690000,0.0730000,0.0790000,0.0800000,0.0760000,0.0710000,0.0690000,0.0770000,0.0790000,0.0800000,0.0700000,0.0700000,0.0720000,0.0780000,0.0730000,0.0670000,0.0650000,0.0640000,0.0730000,0.0750000,0.0750000,0.0670000,0.0660000,0.0660000,A,,,,
300,20260728,0.0710000,0.0740000,0.0730000,0.0740000,0.0730000,0.0740000,0.0770000,0.0760000,0.0760000,0.0790000,0.0750000,0.0790000,0.0770000,0.0400000,0.0410000,0.0400000,0.0340000,0.0340000,0.0330000,0.0330000,0.0340000,0.0330000,0.0320000,0.0280000,0.0280000,0.0300000,0.0280000,0.0290000,0.0280000,0.0270000,0.0290000,0.0280000,0.0280000,0.0290000,0.0280000,0.0280000,0.0290000,0.0280000,0.0290000,0.0280000,0.0300000,0.0290000,0.0300000,0.0300000,0.0290000,0.0290000,0.0290000,0.0290000,0.0300000,0.0290000,0.0290000,0.0300000,0.0300000,0.0280000,0.0250000,0.0270000,0.0330000,0.0340000,0.0330000,0.0340000,0.0330000,0.0330000,0.0340000,0.1480000,0.0350000,0.0340000,0.0360000,0.0320000,0.0320000,0.0320000,0.0330000,0.0310000,0.0320000,0.0270000,0.0270000,0.0270000,0.0270000,0.0280000,0.0270000,0.1000000,0.0350000,0.0370000,0.0370000,0.0520000,0.1280000,0.1270000,0.1260000,0.1210000,0.1210000,0.1200000,0.1210000,0.1500000,0.1330000,0.1230000,0.1240000,0.1240000,0.1240000,0.1260000,0.1250000,0.1230000,0.1220000,0.1230000,0.1300000,0.1320000,0.1310000,0.1310000,0.1310000,0.1180000,0.0420000,0.0410000,0.0420000,0.0430000,0.0430000,0.0420000,0.0430000,0.0440000,0.0450000,0.0440000,0.0440000,0.0440000,0.0430000,0.0370000,0.0330000,0.0310000,0.0280000,0.0280000,0.0290000,0.0330000,0.0290000,0.0300000,0.0290000,0.0300000,0.0290000,0.0300000,0.0290000,0.0300000,0.0290000,0.0290000,0.0290000,0.0290000,0.0290000,0.0860000,0.1440000,0.0670000,0.0290000,0.0290000,0.0290000,0.0280000,0.0300000,0.0290000,0.0300000,0.0300000,0.0300000,0.0300000,0.0290000,0.0330000,0.0400000,0.0390000,0.0400000,0.0400000,0.0390000,0.0400000,0.0400000,0.0400000,0.0390000,0.0400000,0.0390000,0.0400000,0.0400000,0.0390000,0.0400000,0.0350000,0.0350000,0.0380000,0.1120000,0.0400000,0.0390000,0.0380000,0.0400000,0.0400000,0.0360000,0.0360000,0.0370000,0.0370000,0.0360000,0.0370000,0.0340000,0.0320000,0.0330000,0.0320000,0.0330000,0.0330000,0.0330000,0.0330000,0.0330000,0.0330000,0.0330000,0.0350000,0.0310000,0.0310000,0.0280000,0.0280000,0.0290000,0.0280000,0.0290000,0.0290000,0.0440000,0.1210000,0.2720000,0.2720000,0.1540000,0.1780000,0.1490000,0.0780000,0.1400000,0.1430000,0.0450000,0.0440000,0.0550000,0.0440000,0.0440000,0.0450000,0.0460000,0.1280000,0.2170000,0.2200000,0.0820000,0.0780000,0.1470000,0.1460000,0.1450000,0.1450000,0.1340000,0.1280000,0.1300000,0.1310000,0.1260000,0.3000000,0.2250000,0.2230000,0.1230000,0.1230000,0.1230000,0.1230000,0.1230000,0.1170000,0.1250000,0.1240000,0.1260000,0.1260000,0.1260000,0.1060000,0.0370000,0.0370000,0.0370000,0.0380000,0.0370000,0.0370000,0.0360000,0.0440000,0.0400000,0.0410000,0.0400000,0.0720000,0.2570000,0.2230000,0.2840000,0.2570000,0.0870000,0.0990000,0.1010000,0.2560000,0.2110000,0.0820000,0.0840000,0.0900000,0.0950000,0.0990000,0.0950000,0.0850000,0.0840000,0.0830000,0.0920000,0.1020000,0.0830000,0.1530000,0.2760000,0.2690000,A,,,,
300,20260729,0.1850000,0.0900000,0.1010000,0.0790000,0.0770000,0.0380000,0.0380000,0.0390000,0.0330000,0.0320000,0.0330000,0.0290000,0.0270000,0.0280000,0.0270000,0.0270000,0.0270000,0.0260000,0.0270000,0.0270000,0.0250000,0.0230000,0.0260000,0.0260000,0.0280000,0.0290000,0.0290000,0.0280000,0.0260000,0.0270000,0.0270000,0.0260000,0.0270000,0.0260000,0.0270000,0.0260000,0.0260000,0.0270000,0.0270000,0.0270000,0.0270000,0.0260000,0.0280000,0.0260000,0.0270000,0.0270000,0.0260000,0.0270000,0.0260000,0.0270000,0.0270000,0.0270000,0.0260000,0.0270000,0.0270000,0.0260000,0.0240000,0.0310000,0.0320000,0.0330000,0.0320000,0.0330000,0.0320000,0.0320000,0.0310000,0.0320000,0.0310000,0.0320000,0.0310000,0.0310000,0.0320000,0.0310000,0.0320000,0.0320000,0.0970000,0.0470000,0.0420000,0.0660000,0.0980000,0.0470000,0.0350000,0.0320000,0.0280000,0.0420000,0.1170000,0.1190000,0.1150000,0.2050000,0.1180000,0.1200000,0.1210000,0.1190000,0.1170000,0.1180000,0.1170000,0.1200000,0.1750000,0.1200000,0.1190000,0.1200000,0.1200000,0.1200000,0.1210000,0.1400000,0.1200000,0.1210000,0.1150000,0.0990000,0.0260000,0.0270000,0.0270000,0.0260000,0.0270000,0.0260000,0.0270000,0.0260000,0.0250000,0.0240000,0.0260000,0.0270000,0.0320000,0.0320000,0.0320000,0.0360000,0.0350000,0.0310000,0.0300000,0.0310000,0.0310000,0.0300000,0.0310000,0.0310000,0.0300000,0.0310000,0.1450000,0.1160000,0.0490000,0.0310000,0.0320000,0.0850000,0.0350000,0.0320000,0.0310000,0.0320000,0.0310000,0.0320000,0.0310000,0.0270000,0.0270000,0.0280000,0.0280000,0.0260000,0.0250000,0.0270000,0.0250000,0.0250000,0.0250000,0.0250000,0.0240000,0.0240000,0.0250000,0.0240000,0.0370000,0.0720000,0.0870000,0.0990000,0.1050000,0.0790000,0.0820000,0.0910000,0.0910000,0.0570000,0.0330000,0.0320000,0.0320000,0.0360000,0.0340000,0.0350000,0.0340000,0.0340000,0.0330000,0.0340000,0.0340000,0.0700000,0.0870000,0.0810000,0.0490000,0.0500000,0.0490000,0.0490000,0.0490000,0.0360000,0.0410000,0.0440000,0.0410000,0.0400000,0.0390000,0.0390000,0.0380000,0.0380000,0.0380000,0.0370000,0.0360000,0.0410000,0.0400000,0.0390000,0.0420000,0.0340000,0.0340000,0.0370000,0.0350000,0.0350000,0.0380000,0.0310000,0.1500000,0.1210000,0.0970000,0.0400000,0.0460000,0.0410000,0.0410000,0.0410000,0.0420000,0.0420000,0.0420000,0.0420000,0.0420000,0.0600000,0.1290000,0.1290000,0.1290000,0.1280000,0.1240000,0.1180000,0.1180000,0.1170000,0.1170000,0.1180000,0.1170000,0.1170000,0.1170000,0.1170000,0.1170000,0.1170000,0.1170000,0.1170000,0.1170000,0.1160000,0.1210000,0.1200000,0.1160000,0.0990000,0.0300000,0.0300000,0.0290000,0.0290000,0.0290000,0.0290000,0.0290000,0.0270000,0.0290000,0.0290000,0.0290000,0.0300000,0.0300000,0.0290000,0.0290000,0.0290000,0.0290000,0.0280000,0.0290000,0.0290000,0.0280000,0.0280000,0.0290000,0.0290000,0.0280000,0.0270000,0.0240000,0.0260000,0.0270000,0.0280000,0.0270000,0.0270000,0.0270000,0.0270000,0.0290000,0.0330000,A,,,,
300,20260730,0.0340000,0.0330000,0.0330000,0.0330000,0.0320000,0.0330000,0.0320000,0.0320000,0.0320000,0.0330000,0.0320000,0.0320000,0.0320000,0.0330000,0.0320000,0.0320000,0.0320000,0.0330000,0.0320000,0.0330000,0.0330000,0.0320000,0.0300000,0.0280000,0.0280000,0.0290000,0.0300000,0.0280000,0.0280000,0.0280000,0.0280000,0.0270000,0.0280000,0.0280000,0.0270000,0.0280000,0.0280000,0.0270000,0.0280000,0.0280000,0.0290000,0.0290000,0.0290000,0.0250000,0.0250000,0.0280000,0.0270000,0.0280000,0.0270000,0.0270000,0.0280000,0.0280000,0.0280000,0.0270000,0.0270000,0.0270000,0.0280000,0.0270000,0.0280000,0.0290000,0.0270000,0.0320000,0.0280000,0.0270000,0.0270000,0.0270000,0.0270000,0.0270000,0.0260000,0.0260000,0.0240000,0.0250000,0.0260000,0.0260000,0.0270000,0.0260000,0.0270000,0.0320000,0.0320000,0.0330000,0.0310000,0.0320000,0.0320000,0.0520000,0.1240000,0.1240000,0.2270000,0.1250000,0.1260000,0.1630000,0.1250000,0.1250000,0.1300000,0.1260000,0.1270000,0.1240000,0.1230000,0.1240000,0.1230000,0.1260000,0.1260000,0.1200000,0.1210000,0.1200000,0.1210000,0.1210000,0.1240000,0.1610000,0.0420000,0.0320000,0.0320000,0.0330000,0.0340000,0.0350000,0.0370000,0.0330000,0.0330000,0.0330000,0.1590000,0.2090000,0.2050000,0.0350000,0.0340000,0.0340000,0.0350000,0.0340000,0.0350000,0.0370000,0.0340000,0.0360000,0.0360000,0.0710000,0.2040000,0.1440000,0.0820000,0.0330000,0.0340000,0.0330000,0.0340000,0.0340000,0.0360000,0.0400000,0.0360000,0.0350000,0.0350000,0.0340000,0.0340000,0.0340000,0.0330000,0.0350000,0.0340000,0.0350000,0.0340000,0.0390000,0.0430000,0.0820000,0.0410000,0.0450000,0.0450000,0.0440000,0.0430000,0.0430000,0.0430000,0.0420000,0.0430000,0.0430000,0.0440000,0.0470000,0.0400000,0.0380000,0.0410000,0.0380000,0.0380000,0.0380000,0.0410000,0.0380000,0.0400000,0.0360000,0.0310000,0.0320000,0.0310000,0.0310000,0.0320000,0.0320000,0.0310000,0.0310000,0.0330000,0.0290000,0.0290000,0.0300000,0.0290000,0.0290000,0.0300000,0.0300000,0.0300000,0.0300000,0.0300000,0.0300000,0.0310000,0.0310000,0.0310000,0.0320000,0.0300000,0.0310000,0.0370000,0.0330000,0.0330000,0.0360000,0.0370000,0.1440000,0.1190000,0.1280000,0.2500000,0.1520000,0.1030000,0.0590000,0.0510000,0.0420000,0.0430000,0.0440000,0.0430000,0.0440000,0.0460000,0.0520000,0.0510000,0.0510000,0.0560000,0.0760000,0.1500000,0.1450000,0.1440000,0.1460000,0.1430000,0.1390000,0.1390000,0.1390000,0.1390000,0.1370000,0.1300000,0.1300000,0.1300000,0.1310000,0.1310000,0.1250000,0.1260000,0.1260000,0.2190000,0.1280000,0.1280000,0.1300000,0.1300000,0.1110000,0.0400000,0.0340000,0.0350000,0.0970000,0.2150000,0.2160000,0.1030000,0.0360000,0.0370000,0.0340000,0.0320000,0.0290000,0.0300000,0.0280000,0.0280000,0.0310000,0.0280000,0.1660000,0.1300000,0.1530000,0.0300000,0.0300000,0.0290000,0.0300000,0.0280000,0.0280000,0.0270000,0.0280000,0.0270000,0.0290000,0.0330000,0.0310000,0.0320000,0.0320000,0.0310000,0.0310000,A,,,,
300,20260731,0.0320000,0.0310000,0.0310000,0.0310000,0.0310000,0.0310000,0.0300000,0.0310000,0.0310000,0.0310000,0.0280000,0.0260000,0.0260000,0.0260000,0.0260000,0.0260000,0.0260000,0.0260000,0.0260000,0.0260000,0.0260000,0.0260000,0.0270000,0.0270000,0.0280000,0.0290000,0.0300000,0.0280000,0.0270000,0.0270000,0.0280000,0.0270000,0.0270000,0.0250000,0.0240000,0.0250000,0.0260000,0.0260000,0.0270000,0.0260000,0.0270000,0.0260000,0.0270000,0.0270000,0.0270000,0.0270000,0.0270000,0.0260000,0.0270000,0.0270000,0.0270000,0.0280000,0.0280000,0.0330000,0.0320000,0.0330000,0.0320000,0.0320000,0.0320000,0.0330000,0.0320000,0.0330000,0.0340000,0.0330000,0.1910000,0.0320000,0.0340000,0.0350000,0.0280000,0.0290000,0.0290000,0.0280000,0.0270000,0.0240000,0.0250000,0.0260000,0.0260000,0.0260000,0.0270000,0.0260000,0.0260000,0.0260000,0.0260000,0.0440000,0.1180000,0.1160000,0.1170000,0.1180000,0.1170000,0.1170000,0.1440000,0.1780000,0.1210000,0.1210000,0.1230000,0.1240000,0.1240000,0.1240000,0.1230000,0.1630000,0.1220000,0.1220000,0.1220000,0.1240000,0.1220000,0.1220000,0.1240000,0.1040000,0.0330000,0.0550000,0.0310000,0.0310000,0.0400000,0.2090000,0.2140000,0.2120000,0.0550000,0.0400000,0.0400000,0.0880000,0.0380000,0.0410000,0.0360000,0.0360000,0.0370000,0.0560000,0.1130000,0.0730000,0.0410000,0.0340000,0.0350000,0.0340000,0.0340000,0.0340000,0.0310000,0.0290000,0.0300000,0.0300000,0.0300000,0.0300000,0.0320000,0.0400000,0.0470000,0.0460000,0.0470000,0.0460000,0.0460000,0.0290000,0.0320000,0.0360000,0.0370000,0.0400000,0.0370000,0.0360000,0.0350000,0.0370000,0.0380000,0.0350000,0.0360000,0.0380000,0.0370000,0.0330000,0.0240000,0.0270000,0.0270000,0.0270000,0.0270000,0.0270000,0.0290000,0.0290000,0.0310000,0.0300000,0.0310000,0.0320000,0.0300000,0.0280000,0.0270000,0.0300000,0.0380000,0.0370000,0.0390000,0.0330000,0.0320000,0.0320000,0.0330000,0.0320000,0.0320000,0.0330000,0.0320000,0.0320000,0.0320000,0.0320000,0.0350000,0.0340000,0.0330000,0.0330000,0.0330000,0.0330000,0.0340000,0.0330000,0.0340000,0.0330000,0.0330000,0.0300000,0.0280000,0.0290000,0.0280000,0.0290000,0.0280000,0.0290000,0.0290000,0.0330000,0.0340000,0.0350000,0.0310000,0.1480000,0.1560000,0.1580000,0.1630000,0.1100000,0.0570000,0.0390000,0.0400000,0.0400000,0.0480000,0.0500000,0.0500000,0.0690000,0.1440000,0.1370000,0.1310000,0.1310000,0.1300000,0.1270000,0.1250000,0.1280000,0.1310000,0.1320000,0.1310000,0.1260000,0.1240000,0.1230000,0.1230000,0.1230000,0.1230000,0.1230000,0.1230000,0.2790000,0.3730000,0.3720000,0.1340000,0.1110000,0.0700000,0.0450000,0.0490000,0.0480000,0.0470000,0.0470000,0.0510000,0.0510000,0.1700000,0.1480000,0.1570000,0.0450000,0.0440000,0.0440000,0.0470000,0.0440000,0.0450000,0.0430000,0.0440000,0.0440000,0.0440000,0.0420000,0.0320000,0.0320000,0.0310000,0.0290000,0.0290000,0.0280000,0.0280000,0.0270000,0.0280000,0.0280000,0.0270000,0.0250000,0.0260000,0.0270000,A,,,,
300,20260801,0.0270000,0.0270000,0.0260000,0.0260000,0.0260000,0.0260000,0.0250000,0.0260000,0.0260000,0.0260000,0.0260000,0.0260000,0.0260000,0.0260000,0.0260000,0.0260000,0.0250000,0.0260000,0.0260000,0.0260000,0.0240000,0.0240000,0.0250000,0.0260000,0.0270000,0.0270000,0.0280000,0.0260000,0.0260000,0.0250000,0.0260000,0.0260000,0.0260000,0.0260000,0.0260000,0.0280000,0.0270000,0.0290000,0.0330000,0.0330000,0.0310000,0.0300000,0.0330000,0.0320000,0.0320000,0.0320000,0.0320000,0.0310000,0.0320000,0.0320000,0.0310000,0.0320000,0.0320000,0.0310000,0.0300000,0.0260000,0.0250000,0.0240000,0.0250000,0.0260000,0.0260000,0.0260000,0.0260000,0.0260000,0.0270000,0.0260000,0.0270000,0.0260000,0.0260000,0.0260000,0.0260000,0.0250000,0.0260000,0.0230000,0.0250000,0.0250000,0.0260000,0.0270000,0.0260000,0.0260000,0.1030000,0.1190000,0.0270000,0.0450000,0.1450000,0.1170000,0.1590000,0.1170000,0.1190000,0.1450000,0.1150000,0.1170000,0.1210000,0.1240000,0.1250000,0.1360000,0.1230000,0.1410000,0.1200000,0.1190000,0.1210000,0.1200000,0.1220000,0.1200000,0.1420000,0.1220000,0.1240000,0.1070000,0.1760000,0.0560000,0.0360000,0.0400000,0.0450000,0.0430000,0.0450000,0.0460000,0.0480000,0.1570000,0.0490000,0.0480000,0.0490000,0.0490000,0.0490000,0.0480000,0.0500000,0.0500000,0.0500000,0.0490000,0.0490000,0.0490000,0.0560000,0.0540000,0.0530000,0.0530000,0.0540000,0.0410000,0.0380000,0.0390000,0.0390000,0.0380000,0.0380000,0.0390000,0.0390000,0.0390000,0.0390000,0.0400000,0.0390000,0.0410000,0.0410000,0.0350000,0.0350000,0.0370000,0.1340000,0.0300000,0.0290000,0.0300000,0.0290000,0.0760000,0.0750000,0.0290000,0.0300000,0.0320000,0.0340000,0.0390000,0.0350000,0.0330000,0.0330000,0.0340000,0.0320000,0.0350000,0.0300000,0.0320000,0.0350000,0.0380000,0.0370000,0.0370000,0.0380000,0.0370000,0.0360000,0.0370000,0.0430000,0.0380000,0.0370000,0.0350000,0.0350000,0.0350000,0.0350000,0.0350000,0.0350000,0.0350000,0.0350000,0.0350000,0.0380000,0.0420000,0.0580000,0.0620000,0.0570000,0.0490000,0.0450000,0.0460000,0.0470000,0.0520000,0.0600000,0.0600000,0.0540000,0.0500000,0.2050000,0.2610000,0.2600000,0.2600000,0.2040000,0.2620000,0.2080000,0.0760000,0.0460000,0.0410000,0.0380000,0.0400000,0.0410000,0.0450000,0.0470000,0.0480000,0.0480000,0.0470000,0.0470000,0.0910000,0.2200000,0.2420000,0.3600000,0.3140000,0.3200000,0.2160000,0.1360000,0.1660000,0.1430000,0.1350000,0.1340000,0.1330000,0.1410000,0.3070000,0.2330000,0.1740000,0.1300000,0.1390000,0.1310000,0.1280000,0.1250000,0.1230000,0.1310000,0.1290000,0.1300000,0.1860000,0.0590000,0.0440000,0.0460000,0.0440000,0.0440000,0.0450000,0.0460000,0.0440000,0.0370000,0.0360000,0.0400000,0.0400000,0.0400000,0.0400000,0.0380000,0.0400000,0.0380000,0.0380000,0.0390000,0.0400000,0.0400000,0.0410000,0.0400000,0.0400000,0.0400000,0.0400000,0.0410000,0.0370000,0.0320000,0.0290000,0.0290000,0.0290000,0.0290000,0.0460000,0.0450000,0.0460000,A,,,,
300,20260802,0.0460000,0.0460000,0.0370000,0.0270000,0.0290000,0.0290000,0.0280000,0.0290000,0.0280000,0.0280000,0.0280000,0.0290000,0.0270000,0.0290000,0.0280000,0.0300000,0.0290000,0.0290000,0.0290000,0.0290000,0.0280000,0.0230000,0.0240000,0.0260000,0.0270000,0.0280000,0.0280000,0.0280000,0.0260000,0.0270000,0.0260000,0.0260000,0.0260000,0.0260000,0.0260000,0.0270000,0.0260000,0.0270000,0.0270000,0.0270000,0.0280000,0.0280000,0.0270000,0.0270000,0.0300000,0.0330000,0.0330000,0.0320000,0.0330000,0.0320000,0.0330000,0.0320000,0.0310000,0.0320000,0.0310000,0.0320000,0.0310000,0.0310000,0.0320000,0.0310000,0.0300000,0.0280000,0.0310000,0.0310000,0.0310000,0.0310000,0.0300000,0.0260000,0.0260000,0.0260000,0.0260000,0.0260000,0.0250000,0.0270000,0.0260000,0.0260000,0.0260000,0.0260000,0.0270000,0.0260000,0.0260000,0.0230000,0.0230000,0.0460000,0.1650000,0.1650000,0.1160000,0.1160000,0.1160000,0.1170000,0.1490000,0.1160000,0.1160000,0.1160000,0.1160000,0.1170000,0.1170000,0.1180000,0.1190000,0.1240000,0.2110000,0.1240000,0.1230000,0.1450000,0.1240000,0.1260000,0.1260000,0.1030000,0.0380000,0.0430000,0.1000000,0.2010000,0.2800000,0.2930000,0.3250000,0.1420000,0.1170000,0.0990000,0.0960000,0.0910000,0.0900000,0.0970000,0.0960000,0.0990000,0.0960000,0.1070000,0.0970000,0.0930000,0.0960000,0.2430000,0.1250000,0.1040000,0.0990000,0.0970000,0.0970000,0.0970000,0.1730000,0.1780000,0.1790000,0.1850000,0.1880000,0.1500000,0.1130000,0.1080000,0.1210000,0.2420000,0.1670000,0.1180000,0.1040000,0.1160000,0.0940000,0.0960000,0.1090000,0.1090000,0.0480000,0.0430000,0.0430000,0.0400000,0.0370000,0.0370000,0.0370000,0.0380000,0.0360000,0.0380000,0.0360000,0.0370000,0.0360000,0.0370000,0.0360000,0.0360000,0.0360000,0.0360000,0.0360000,0.0350000,0.0350000,0.0370000,0.0360000,0.0360000,0.0370000,0.0360000,0.0360000,0.0370000,0.0360000,0.0370000,0.0360000,0.0360000,0.0360000,0.0370000,0.0370000,0.0370000,0.0370000,0.0700000,0.0370000,0.0370000,0.0370000,0.0370000,0.0370000,0.0370000,0.0370000,0.0380000,0.0380000,0.0370000,0.0310000,0.0350000,0.0400000,0.0410000,0.0410000,0.0400000,0.0430000,0.1760000,0.1400000,0.1520000,0.0870000,0.0470000,0.0480000,0.0490000,0.0480000,0.0480000,0.0460000,0.0470000,0.0470000,0.0490000,0.2180000,0.2330000,0.2490000,0.1170000,0.1240000,0.1500000,0.1780000,0.1770000,0.1770000,0.1810000,0.1770000,0.1810000,0.1780000,0.3230000,0.2820000,0.2760000,0.1800000,0.1940000,0.1930000,0.1930000,0.1930000,0.1930000,0.1910000,0.1770000,0.1820000,0.1850000,0.1880000,0.1800000,0.1760000,0.1560000,0.1030000,0.1030000,0.0830000,0.0920000,0.2020000,0.0870000,0.0850000,0.1000000,0.0980000,0.0800000,0.0810000,0.0670000,0.0390000,0.0340000,0.0300000,0.0290000,0.0280000,0.0290000,0.0290000,0.0290000,0.0280000,0.0280000,0.0270000,0.0290000,0.0330000,0.0340000,0.0330000,0.0330000,0.0340000,0.0330000,0.0330000,0.0320000,0.0330000,0.0330000,0.0330000,0.0350000,A,,,,
300,20260803,0.0340000,0.0330000,0.0320000,0.0330000,0.0320000,0.0320000,0.0320000,0.0320000,0.0320000,0.0310000,0.0320000,0.0320000,0.0270000,0.0270000,0.0270000,0.0270000,0.0270000,0.0280000,0.0260000,0.0240000,0.0250000,0.0270000,0.0260000,0.0280000,0.0290000,0.0290000,0.0290000,0.0280000,0.0280000,0.0280000,0.0270000,0.0280000,0.0270000,0.0280000,0.0270000,0.0280000,0.0280000,0.0280000,0.0270000,0.0280000,0.0280000,0.0280000,0.0270000,0.0250000,0.0260000,0.0270000,0.0270000,0.0280000,0.0270000,0.0280000,0.0270000,0.0280000,0.0270000,0.0270000,0.0270000,0.0270000,0.0270000,0.0270000,0.0280000,0.0270000,0.0310000,0.0340000,0.0330000,0.0330000,0.0330000,0.0320000,0.0320000,0.0300000,0.0300000,0.0320000,0.0320000,0.0320000,0.0320000,0.0320000,0.0310000,0.0320000,0.0320000,0.0310000,0.0320000,0.0310000,0.0320000,0.0310000,0.0280000,0.0580000,0.2130000,0.2230000,0.1390000,0.1200000,0.1190000,0.1200000,0.1200000,0.1200000,0.1200000,0.1200000,0.2210000,0.1200000,0.1200000,0.1190000,0.1530000,0.1580000,0.1190000,0.1190000,0.1580000,0.1410000,0.1210000,0.1990000,0.1300000,0.0980000,0.0440000,0.0530000,0.0520000,0.0540000,0.0510000,0.0450000,0.0630000,0.2130000,0.2270000,0.2290000,0.0670000,0.0560000,0.0550000,0.0560000,0.1440000,0.0620000,0.0500000,0.0510000,0.0510000,0.0530000,0.0560000,0.0610000,0.0530000,0.0540000,0.0550000,0.0550000,0.0550000,0.0540000,0.0540000,0.0550000,0.0540000,0.0580000,0.0560000,0.0560000,0.0550000,0.0590000,0.0600000,0.0850000,0.0610000,0.0610000,0.0610000,0.0610000,0.0630000,0.0650000,0.0670000,0.0630000,0.0640000,0.0640000,0.0650000,0.0640000,0.0620000,0.0560000,0.0590000,0.0570000,0.0510000,0.0510000,0.2040000,0.1010000,0.0520000,0.0550000,0.0510000,0.0500000,0.0510000,0.0580000,0.0600000,0.0560000,0.0500000,0.0510000,0.0560000,0.0550000,0.0580000,0.0580000,0.0600000,0.0560000,0.0580000,0.0580000,0.0570000,0.0630000,0.0630000,0.0640000,0.1420000,0.1070000,0.0520000,0.0520000,0.0540000,0.0550000,0.0540000,0.0540000,0.0540000,0.0890000,0.1690000,0.1260000,0.1130000,0.0610000,0.0650000,0.0670000,0.0650000,0.0850000,0.0650000,0.0640000,0.1950000,0.1110000,0.0510000,0.0420000,0.0430000,0.0420000,0.0440000,0.0490000,0.0500000,0.0510000,0.0630000,0.0640000,0.0640000,0.0640000,0.0640000,0.0650000,0.0470000,0.0450000,0.0450000,0.0660000,0.1310000,0.1280000,0.1260000,0.1270000,0.1260000,0.1260000,0.1260000,0.1270000,0.1270000,0.1340000,0.1300000,0.1300000,0.1320000,0.1330000,0.1330000,0.1320000,0.2410000,0.3090000,0.2570000,0.1450000,0.1380000,0.1530000,0.3060000,0.2330000,0.0420000,0.0430000,0.0440000,0.0450000,0.0360000,0.0340000,0.0340000,0.0360000,0.0330000,0.0340000,0.0350000,0.0330000,0.1570000,0.2100000,0.2080000,0.0840000,0.0340000,0.0360000,0.0360000,0.0360000,0.0360000,0.0350000,0.0370000,0.0350000,0.0350000,0.0360000,0.0350000,0.0350000,0.0350000,0.0350000,0.0340000,0.0350000,0.0350000,0.0350000,0.0340000,0.0340000,A,,,,
300,20260804,0.0360000,0.0350000,0.0340000,0.0350000,0.0340000,0.0300000,0.0290000,0.0300000,0.0290000,0.0300000,0.0290000,0.0300000,0.0300000,0.0310000,0.0300000,0.0310000,0.0300000,0.0300000,0.0310000,0.0300000,0.0310000,0.0300000,0.0310000,0.0300000,0.0320000,0.0310000,0.0300000,0.0310000,0.0310000,0.0300000,0.0300000,0.0300000,0.0300000,0.0290000,0.0300000,0.0300000,0.0300000,0.0300000,0.0310000,0.0290000,0.0300000,0.0300000,0.0300000,0.0300000,0.0300000,0.0290000,0.0300000,0.0290000,0.0300000,0.0300000,0.0320000,0.0350000,0.0350000,0.0350000,0.0350000,0.0350000,0.0340000,0.0350000,0.0340000,0.0340000,0.0350000,0.0340000,0.0350000,0.0370000,0.0350000,0.1300000,0.0990000,0.0390000,0.0340000,0.0340000,0.0340000,0.0290000,0.0270000,0.0290000,0.0290000,0.0290000,0.0280000,0.0290000,0.0270000,0.0270000,0.0440000,0.0780000,0.0360000,0.0580000,0.1280000,0.1240000,0.1430000,0.1200000,0.1200000,0.1370000,0.1330000,0.1190000,0.1200000,0.1270000,0.1200000,0.1200000,0.1210000,0.1220000,0.1220000,0.1240000,0.1250000,0.1250000,0.1250000,0.1240000,0.1240000,0.1230000,0.1240000,0.0980000,0.0360000,0.0350000,0.0320000,0.0290000,0.0290000,0.0290000,0.0300000,0.1530000,0.0280000,0.0280000,0.0940000,0.0670000,0.0370000,0.0430000,0.0420000,0.0390000,0.0610000,0.0360000,0.0360000,0.0370000,0.0360000,0.0360000,0.0360000,0.0360000,0.0370000,0.0360000,0.0350000,0.0360000,0.0360000,0.0360000,0.0370000,0.0370000,0.0360000,0.0370000,0.0370000,0.0370000,0.0340000,0.0330000,0.0320000,0.0330000,0.0320000,0.0340000,0.0330000,0.0340000,0.0340000,0.0340000,0.0340000,0.0340000,0.0340000,0.0350000,0.0340000,0.0340000,0.0350000,0.0420000,0.0490000,0.0490000,0.0490000,0.0490000,0.0500000,0.0350000,0.0330000,0.0340000,0.0330000,0.0330000,0.1630000,0.1500000,0.1460000,0.1310000,0.1240000,0.1810000,0.2200000,0.1300000,0.1110000,0.0950000,0.0340000,0.0330000,0.0350000,0.0350000,0.0330000,0.0300000,0.0310000,0.0360000,0.0350000,0.0360000,0.0690000,0.0890000,0.0350000,0.0270000,0.0290000,0.0310000,0.0310000,0.0310000,0.0300000,0.0310000,0.0300000,0.0310000,0.0360000,0.0420000,0.0410000,0.0420000,0.0340000,0.0580000,0.0390000,0.0500000,0.0380000,0.0490000,0.0370000,0.0310000,0.0300000,0.0370000,0.0400000,0.0390000,0.0400000,0.0400000,0.0390000,0.0410000,0.0410000,0.0400000,0.0440000,0.0680000,0.1350000,0.1220000,0.1210000,0.1260000,0.1210000,0.1200000,0.1220000,0.1220000,0.1210000,0.1210000,0.1200000,0.1300000,0.1290000,0.1260000,0.1330000,0.1360000,0.1320000,0.1320000,0.1340000,0.1320000,0.1340000,0.1360000,0.1350000,0.1070000,0.0450000,0.0420000,0.0420000,0.2050000,0.2190000,0.1750000,0.0400000,0.0450000,0.0360000,0.0330000,0.0330000,0.0330000,0.0340000,0.0360000,0.0380000,0.0370000,0.1700000,0.1370000,0.1650000,0.0340000,0.0350000,0.0340000,0.0340000,0.0340000,0.0330000,0.0340000,0.0340000,0.0330000,0.0320000,0.0310000,0.0320000,0.0280000,0.0280000,0.0270000,0.0270000,0.0280000,A,,,,
300,20260805,0.0280000,0.0270000,0.0280000,0.0270000,0.0270000,0.0270000,0.0270000,0.0280000,0.0280000,0.0280000,0.0280000,0.0280000,0.0280000,0.0250000,0.0260000,0.0270000,0.0270000,0.0280000,0.0270000,0.0280000,0.0270000,0.0270000,0.0280000,0.0270000,0.0290000,0.0300000,0.0300000,0.0290000,0.0280000,0.0270000,0.0250000,0.0270000,0.0280000,0.0270000,0.0280000,0.0280000,0.0280000,0.0280000,0.0270000,0.0280000,0.0280000,0.0280000,0.0280000,0.0280000,0.0340000,0.0330000,0.0310000,0.0300000,0.0340000,0.0320000,0.0330000,0.0330000,0.0330000,0.0320000,0.0330000,0.0320000,0.0320000,0.0320000,0.0320000,0.0300000,0.0260000,0.0280000,0.0270000,0.0270000,0.0280000,0.0280000,0.0290000,0.0300000,0.0290000,0.0290000,0.0320000,0.0880000,0.0370000,0.0910000,0.0320000,0.0320000,0.0290000,0.0290000,0.0760000,0.0810000,0.0840000,0.0340000,0.0370000,0.0570000,0.1240000,0.1280000,0.1250000,0.1250000,0.1250000,0.1300000,0.2280000,0.1310000,0.1230000,0.1230000,0.1230000,0.1260000,0.1270000,0.1270000,0.1260000,0.1250000,0.1290000,0.1290000,0.1290000,0.1320000,0.1430000,0.1450000,0.1440000,0.1180000,0.1130000,0.0570000,0.0440000,0.0440000,0.0440000,0.0450000,0.0790000,0.0450000,0.0510000,0.0500000,0.0500000,0.0510000,0.0540000,0.0570000,0.0570000,0.0570000,0.0580000,0.0570000,0.0520000,0.0510000,0.0530000,0.0540000,0.0480000,0.0430000,0.0430000,0.0670000,0.0420000,0.0420000,0.0440000,0.0430000,0.0410000,0.0410000,0.0360000,0.0350000,0.0340000,0.0350000,0.0350000,0.0300000,0.0300000,0.0290000,0.0290000,0.0300000,0.0280000,0.0290000,0.0290000,0.0280000,0.0290000,0.0290000,0.0280000,0.0290000,0.0290000,0.0290000,0.0280000,0.0290000,0.0290000,0.0290000,0.0280000,0.0290000,0.0290000,0.0770000,0.0580000,0.0320000,0.0330000,0.0330000,0.0330000,0.0380000,0.0390000,0.0380000,0.0390000,0.0390000,0.0390000,0.1000000,0.2170000,0.2260000,0.1910000,0.0480000,0.0480000,0.0480000,0.0480000,0.0480000,0.0390000,0.0390000,0.0420000,0.0440000,0.0420000,0.0520000,0.0360000,0.0360000,0.0350000,0.0360000,0.0340000,0.0350000,0.1710000,0.1760000,0.1640000,0.1550000,0.1530000,0.1420000,0.1420000,0.1280000,0.0860000,0.0290000,0.0280000,0.0280000,0.0330000,0.1460000,0.1250000,0.1220000,0.1490000,0.0410000,0.0370000,0.0380000,0.0380000,0.0390000,0.0390000,0.0400000,0.0400000,0.0410000,0.0410000,0.0640000,0.1290000,0.1280000,0.1270000,0.1290000,0.1310000,0.1310000,0.1220000,0.1210000,0.1210000,0.1210000,0.1220000,0.1210000,0.1210000,0.1210000,0.1220000,0.1290000,0.1280000,0.1340000,0.1340000,0.1350000,0.1340000,0.1340000,0.1370000,0.2180000,0.2260000,0.2270000,0.0620000,0.1670000,0.1220000,0.0500000,0.0490000,0.0480000,0.0500000,0.0480000,0.0410000,0.0430000,0.0410000,0.0420000,0.0370000,0.0310000,0.0320000,0.0300000,0.0300000,0.0280000,0.0300000,0.0290000,0.0290000,0.0280000,0.0280000,0.0270000,0.0280000,0.0270000,0.0280000,0.0270000,0.0280000,0.0270000,0.0270000,0.0270000,0.0270000,0.0280000,A,,,,
300,20260806,0.0270000,0.0270000,0.0270000,0.0270000,0.0260000,0.0260000,0.0250000,0.0240000,0.0270000,0.0260000,0.0270000,0.0270000,0.0260000,0.0270000,0.0260000,0.0270000,0.0260000,0.0260000,0.0270000,0.0260000,0.0270000,0.0260000,0.0270000,0.0270000,0.0280000,0.0330000,0.0310000,0.0320000,0.0320000,0.0330000,0.0320000,0.0330000,0.0330000,0.0320000,0.0330000,0.0330000,0.0320000,0.0330000,0.0320000,0.0320000,0.0330000,0.0320000,0.0330000,0.0330000,0.0280000,0.0270000,0.0250000,0.0240000,0.0270000,0.0270000,0.0270000,0.0270000,0.0280000,0.0270000,0.0270000,0.0270000,0.0260000,0.0270000,0.0270000,0.0270000,0.0270000,0.0310000,0.0270000,0.0250000,0.0260000,0.0250000,0.0240000,0.0240000,0.0260000,0.0250000,0.0260000,0.0250000,0.0260000,0.0260000,0.0250000,0.0250000,0.0260000,0.0250000,0.0250000,0.0270000,0.0260000,0.0280000,0.0270000,0.0560000,0.1210000,0.1860000,0.2270000,0.2130000,0.1480000,0.1160000,0.1170000,0.1180000,0.1240000,0.1220000,0.1230000,0.1180000,0.1190000,0.1170000,0.1180000,0.1170000,0.1170000,0.1200000,0.1240000,0.1250000,0.1240000,0.1240000,0.1240000,0.0960000,0.0350000,0.0350000,0.0330000,0.0310000,0.0300000,0.0290000,0.0360000,0.0380000,0.0380000,0.0380000,0.0560000,0.0550000,0.0550000,0.0540000,0.0540000,0.0520000,0.0350000,0.0360000,0.0390000,0.0390000,0.0400000,0.0400000,0.0390000,0.0370000,0.0460000,0.0460000,0.0420000,0.0380000,0.0660000,0.1800000,0.0980000,0.1060000,0.1130000,0.1220000,0.1090000,0.2610000,0.1530000,0.1050000,0.1040000,0.1040000,0.0980000,0.0930000,0.1820000,0.0950000,0.0870000,0.0930000,0.1010000,0.1110000,0.1150000,0.0960000,0.0930000,0.1050000,0.1140000,0.1050000,0.0930000,0.0910000,0.0690000,0.0810000,0.0540000,0.0490000,0.1190000,0.0450000,0.0470000,0.0490000,0.0500000,0.0480000,0.0380000,0.0370000,0.0380000,0.0380000,0.0380000,0.0390000,0.0340000,0.0300000,0.1150000,0.0920000,0.1230000,0.1220000,0.1160000,0.1180000,0.1140000,0.1090000,0.1190000,0.1030000,0.1150000,0.1070000,0.0800000,0.0380000,0.1380000,0.1140000,0.1170000,0.1120000,0.0890000,0.1200000,0.1090000,0.0960000,0.3520000,0.2460000,0.2180000,0.1730000,0.1240000,0.0760000,0.0800000,0.0370000,0.0370000,0.0370000,0.0370000,0.0370000,0.0370000,0.0380000,0.0380000,0.0370000,0.0370000,0.0370000,0.0390000,0.0450000,0.0480000,0.0490000,0.0470000,0.0750000,0.1390000,0.1410000,0.1490000,0.1470000,0.1450000,0.1470000,0.1460000,0.1380000,0.1270000,0.1280000,0.1270000,0.1230000,0.1190000,0.1220000,0.1230000,0.1230000,0.1230000,0.1210000,0.1200000,0.1180000,0.1210000,0.1260000,0.1260000,0.0970000,0.0380000,0.0380000,0.0380000,0.0390000,0.0370000,0.0410000,0.0500000,0.0410000,0.0510000,0.0440000,0.0380000,0.0670000,0.0900000,0.1010000,0.1080000,0.1090000,0.0920000,0.2580000,0.2600000,0.2190000,0.0920000,0.0910000,0.0900000,0.0840000,0.0830000,0.0830000,0.0810000,0.0820000,0.0830000,0.0840000,0.2430000,0.1840000,0.1680000,0.0870000,0.0890000,0.0840000,A,,,,
300,20260807,0.0890000,0.0830000,0.0870000,0.0860000,0.0920000,0.1110000,0.0880000,0.0870000,0.0990000,0.1040000,0.0860000,0.0900000,0.1090000,0.0930000,0.0560000,0.0450000,0.0470000,0.0430000,0.0530000,0.0520000,0.0510000,0.0510000,0.0500000,0.0500000,0.0400000,0.0340000,0.0350000,0.0350000,0.0330000,0.0330000,0.0330000,0.0320000,0.0330000,0.0330000,0.0320000,0.0340000,0.0340000,0.0350000,0.0330000,0.0280000,0.0300000,0.0310000,0.0320000,0.0310000,0.0300000,0.0310000,0.0310000,0.0300000,0.0310000,0.0310000,0.0300000,0.0310000,0.0300000,0.0310000,0.0310000,0.0300000,0.0310000,0.0310000,0.0300000,0.0300000,0.0310000,0.0320000,0.1340000,0.1150000,0.0360000,0.0360000,0.0370000,0.0400000,0.0340000,0.0340000,0.0340000,0.0340000,0.0350000,0.0340000,0.0330000,0.0340000,0.0340000,0.0320000,0.0300000,0.0290000,0.0980000,0.0380000,0.0400000,0.0710000,0.1280000,0.1280000,0.1340000,0.2830000,0.1680000,0.1220000,0.1230000,0.1250000,0.1230000,0.1750000,0.1260000,0.1250000,0.1260000,0.1250000,0.1320000,0.1520000,0.1260000,0.1490000,0.1250000,0.1270000,0.1280000,0.1280000,0.1420000,0.0990000,0.0390000,0.0370000,0.0340000,0.0330000,0.0320000,0.0330000,0.0310000,0.0260000,0.0320000,0.0350000,0.0330000,0.0680000,0.0370000,0.0400000,0.0410000,0.0400000,0.0380000,0.0380000,0.0400000,0.0370000,0.0440000,0.0400000,0.0390000,0.0380000,0.0380000,0.0340000,0.0350000,0.0350000,0.0360000,0.0350000,0.0360000,0.0350000,0.0320000,0.0320000,0.0340000,0.0330000,0.0340000,0.0340000,0.0330000,0.0340000,0.0340000,0.0340000,0.0340000,0.0340000,0.0340000,0.0340000,0.0340000,0.0340000,0.0350000,0.0340000,0.0340000,0.0340000,0.0320000,0.0310000,0.0340000,0.0330000,0.0340000,0.0340000,0.0340000,0.0340000,0.0340000,0.0340000,0.0350000,0.0330000,0.0330000,0.0330000,0.0410000,0.0370000,0.0370000,0.0370000,0.0360000,0.0370000,0.0380000,0.0370000,0.0380000,0.0370000,0.0380000,0.0370000,0.0380000,0.0380000,0.0380000,0.0400000,0.0390000,0.0390000,0.0410000,0.0390000,0.0390000,0.0400000,0.0530000,0.0530000,0.0520000,0.0530000,0.0560000,0.0370000,0.0330000,0.0370000,0.0360000,0.0370000,0.0360000,0.0360000,0.0360000,0.0590000,0.1640000,0.1220000,0.1050000,0.0380000,0.0400000,0.0410000,0.0400000,0.0400000,0.0340000,0.0360000,0.0980000,0.1210000,0.0410000,0.0400000,0.0400000,0.0380000,0.0390000,0.0670000,0.1300000,0.1270000,0.1270000,0.1310000,0.2300000,0.1390000,0.1350000,0.1250000,0.1310000,0.1500000,0.3000000,0.2180000,0.1300000,0.1300000,0.1280000,0.1300000,0.1360000,0.1320000,0.1350000,0.1410000,0.1380000,0.1400000,0.1430000,0.1080000,0.0560000,0.0510000,0.0560000,0.1290000,0.2320000,0.2280000,0.0900000,0.0500000,0.0580000,0.0820000,0.0650000,0.0570000,0.0870000,0.0920000,0.1020000,0.1090000,0.1190000,0.2450000,0.2100000,0.1450000,0.0840000,0.0830000,0.0800000,0.0810000,0.0800000,0.0800000,0.0780000,0.0790000,0.0770000,0.0780000,0.0770000,0.0790000,0.0780000,0.0770000,0.0780000,0.0770000,A,,,,
300,20260808,0.0780000,0.0780000,0.0770000,0.0770000,0.0770000,0.0770000,0.0750000,0.0740000,0.0760000,0.0770000,0.0780000,0.0780000,0.0780000,0.0760000,0.0760000,0.0760000,0.0760000,0.0810000,0.0820000,0.0820000,0.0820000,0.0830000,0.0920000,0.0920000,0.0880000,0.0790000,0.0320000,0.0310000,0.0320000,0.0320000,0.0340000,0.0340000,0.0320000,0.0320000,0.0320000,0.0320000,0.0320000,0.0320000,0.0330000,0.0290000,0.0280000,0.0270000,0.0240000,0.0250000,0.0270000,0.0260000,0.0270000,0.0270000,0.0260000,0.0280000,0.0300000,0.1030000,0.0430000,0.0280000,0.1460000,0.0370000,0.0410000,0.0950000,0.0300000,0.0320000,0.0310000,0.0270000,0.0270000,0.0280000,0.0270000,0.0270000,0.0250000,0.0220000,0.0240000,0.0250000,0.0250000,0.0250000,0.0290000,0.0260000,0.0260000,0.0260000,0.0260000,0.0260000,0.0260000,0.0260000,0.0270000,0.0250000,0.0260000,0.0540000,0.1190000,0.1220000,0.1210000,0.1200000,0.1200000,0.1200000,0.1180000,0.1180000,0.1200000,0.1200000,0.1190000,0.1190000,0.1200000,0.1190000,0.1190000,0.1180000,0.1190000,0.1180000,0.1180000,0.1190000,0.1150000,0.1140000,0.1140000,0.0840000,0.0260000,0.0250000,0.0250000,0.0250000,0.0250000,0.0250000,0.0250000,0.0250000,0.0250000,0.0250000,0.0250000,0.0250000,0.0250000,0.0250000,0.0240000,0.0250000,0.0250000,0.0250000,0.0230000,0.0220000,0.0250000,0.0250000,0.0240000,0.0260000,0.0240000,0.0250000,0.0250000,0.0250000,0.0240000,0.0250000,0.0250000,0.0240000,0.0260000,0.0250000,0.0240000,0.0260000,0.0250000,0.0250000,0.0240000,0.0250000,0.0300000,0.0310000,0.0300000,0.0310000,0.0300000,0.0310000,0.0300000,0.0300000,0.0300000,0.0300000,0.0300000,0.0300000,0.0300000,0.0300000,0.0290000,0.0270000,0.0280000,0.0300000,0.0300000,0.0300000,0.0300000,0.0290000,0.0300000,0.0300000,0.0300000,0.0260000,0.0250000,0.0250000,0.0250000,0.0250000,0.0240000,0.0220000,0.0230000,0.0250000,0.0250000,0.0250000,0.0240000,0.0250000,0.0250000,0.0250000,0.0250000,0.0250000,0.0240000,0.0250000,0.0250000,0.0250000,0.0240000,0.0270000,0.0240000,0.0260000,0.0260000,0.0260000,0.0250000,0.0250000,0.0270000,0.0340000,0.0320000,0.0320000,0.0380000,0.0390000,0.0350000,0.0370000,0.0380000,0.0360000,0.0360000,0.0410000,0.0580000,0.1160000,0.0630000,0.1470000,0.1120000,0.0370000,0.0930000,0.0420000,0.0410000,0.0420000,0.0420000,0.0360000,0.0320000,0.0610000,0.1220000,0.1220000,0.1210000,0.1210000,0.1210000,0.1210000,0.1210000,0.1220000,0.1210000,0.1210000,0.1200000,0.1190000,0.1160000,0.1160000,0.1160000,0.1160000,0.1170000,0.1170000,0.1200000,0.1270000,0.1250000,0.1260000,0.1260000,0.0980000,0.0410000,0.0380000,0.0380000,0.0370000,0.0370000,0.0380000,0.0380000,0.0390000,0.0370000,0.0390000,0.0390000,0.0380000,0.0390000,0.0380000,0.0380000,0.0370000,0.0380000,0.0390000,0.0390000,0.0500000,0.0570000,0.0560000,0.0550000,0.0560000,0.0490000,0.1180000,0.0530000,0.0370000,0.1030000,0.2070000,0.1140000,0.2160000,0.2150000,0.0810000,0.0400000,0.0460000,A,,,,
300,20260809,0.0440000,0.0500000,0.0460000,0.0430000,0.0420000,0.0400000,0.0470000,0.0760000,0.2130000,0.1460000,0.1030000,0.0370000,0.0490000,0.0690000,0.0440000,0.0320000,0.0320000,0.0320000,0.0290000,0.0280000,0.0270000,0.0270000,0.0280000,0.0270000,0.0290000,0.0290000,0.0280000,0.0290000,0.0270000,0.0270000,0.0270000,0.0280000,0.0270000,0.0270000,0.0280000,0.0270000,0.0290000,0.0280000,0.0270000,0.0260000,0.0260000,0.0280000,0.0280000,0.0290000,0.0290000,0.0280000,0.0280000,0.0270000,0.0290000,0.0270000,0.0280000,0.0280000,0.0280000,0.0280000,0.0280000,0.0280000,0.0280000,0.0280000,0.0270000,0.0260000,0.0260000,0.0270000,0.0270000,0.0280000,0.0290000,0.0340000,0.0330000,0.0330000,0.0320000,0.0330000,0.0330000,0.0320000,0.0320000,0.0330000,0.0320000,0.0330000,0.0320000,0.0320000,0.0330000,0.0710000,0.0900000,0.0390000,0.0410000,0.0660000,0.1270000,0.1230000,0.1560000,0.2020000,0.1550000,0.1380000,0.1180000,0.1180000,0.1180000,0.1200000,0.1210000,0.1250000,0.1760000,0.1740000,0.3440000,0.2940000,0.2040000,0.2080000,0.2110000,0.2110000,0.2160000,0.2100000,0.2100000,0.1760000,0.1190000,0.1180000,0.1770000,0.2380000,0.1150000,0.1140000,0.1150000,0.0540000,0.0640000,0.1100000,0.0820000,0.0460000,0.0470000,0.0470000,0.0470000,0.0480000,0.0460000,0.0460000,0.0490000,0.0520000,0.0520000,0.0520000,0.0530000,0.0470000,0.0460000,0.0460000,0.0460000,0.0440000,0.0440000,0.0440000,0.0440000,0.0440000,0.0430000,0.0440000,0.0440000,0.0450000,0.0500000,0.0450000,0.0450000,0.0470000,0.0450000,0.0460000,0.0450000,0.0450000,0.0450000,0.0450000,0.0450000,0.0450000,0.0450000,0.0400000,0.0400000,0.0410000,0.0400000,0.0400000,0.0400000,0.0370000,0.0340000,0.0380000,0.0370000,0.0420000,0.0370000,0.0430000,0.0450000,0.0460000,0.0800000,0.1010000,0.1090000,0.0560000,0.0470000,0.0460000,0.0470000,0.0440000,0.0450000,0.0470000,0.0480000,0.0470000,0.0500000,0.0460000,0.0470000,0.0440000,0.0430000,0.0430000,0.0430000,0.0460000,0.0420000,0.0420000,0.0410000,0.0410000,0.0470000,0.0470000,0.0470000,0.0470000,0.0460000,0.0490000,0.0480000,0.0480000,0.0460000,0.0470000,0.1140000,0.1800000,0.1540000,0.1450000,0.1380000,0.1390000,0.1440000,0.1430000,0.1310000,0.0590000,0.0510000,0.0510000,0.0510000,0.0510000,0.0520000,0.0520000,0.0520000,0.0520000,0.0530000,0.0570000,0.0560000,0.0850000,0.1390000,0.1380000,0.1370000,0.1370000,0.1310000,0.1300000,0.1310000,0.1390000,0.2700000,0.3590000,0.1970000,0.1980000,0.2020000,0.2060000,0.1760000,0.1950000,0.1870000,0.1730000,0.1750000,0.2000000,0.1780000,0.1740000,0.2190000,0.1590000,0.0900000,0.1230000,0.1010000,0.1310000,0.1140000,0.1180000,0.1320000,0.1320000,0.0850000,0.0740000,0.1270000,0.0370000,0.0310000,0.0310000,0.0300000,0.0300000,0.0350000,0.0350000,0.0360000,0.0360000,0.0350000,0.0350000,0.0360000,0.0350000,0.0310000,0.0290000,0.0300000,0.0310000,0.0320000,0.0310000,0.0310000,0.0320000,0.0310000,0.0310000,0.0310000,0.0310000,A,,,,
300,20260810,0.0320000,0.0260000,0.0260000,0.0260000,0.0260000,0.0260000,0.0260000,0.0260000,0.0260000,0.0260000,0.0260000,0.0260000,0.0250000,0.0260000,0.0260000,0.0260000,0.0260000,0.0250000,0.0260000,0.0260000,0.0260000,0.0250000,0.0260000,0.0260000,0.0280000,0.0280000,0.0280000,0.0270000,0.0270000,0.0250000,0.0240000,0.0260000,0.0260000,0.0270000,0.0260000,0.0260000,0.0270000,0.0270000,0.0260000,0.0310000,0.0330000,0.0320000,0.0330000,0.0320000,0.0330000,0.0320000,0.0320000,0.0310000,0.0320000,0.0320000,0.0320000,0.0310000,0.0310000,0.0300000,0.0290000,0.0310000,0.0310000,0.0290000,0.0260000,0.0260000,0.0260000,0.0270000,0.0260000,0.0260000,0.0260000,0.0250000,0.0260000,0.0260000,0.0260000,0.0260000,0.0270000,0.0250000,0.0260000,0.0270000,0.0260000,0.0260000,0.0250000,0.0240000,0.0230000,0.0260000,0.1240000,0.0520000,0.0670000,0.1850000,0.1750000,0.1180000,0.1180000,0.1180000,0.1210000,0.1240000,0.1240000,0.1240000,0.1260000,0.1290000,0.1290000,0.1310000,0.1320000,0.1300000,0.1290000,0.1360000,0.1380000,0.1370000,0.1380000,0.1370000,0.1370000,0.1380000,0.1380000,0.1040000,0.0490000,0.0480000,0.0480000,0.0470000,0.0470000,0.0470000,0.0470000,0.1180000,0.0470000,0.0470000,0.0470000,0.0470000,0.0520000,0.0560000,0.0570000,0.0570000,0.0560000,0.0580000,0.0590000,0.0590000,0.0580000,0.0570000,0.0570000,0.0560000,0.0540000,0.0540000,0.0540000,0.0540000,0.0540000,0.0540000,0.0540000,0.0550000,0.0540000,0.0550000,0.0550000,0.0540000,0.0550000,0.0540000,0.0550000,0.0540000,0.0550000,0.0540000,0.0540000,0.0500000,0.0510000,0.0530000,0.0530000,0.0530000,0.0520000,0.0530000,0.0530000,0.0530000,0.0560000,0.0590000,0.0590000,0.0590000,0.0580000,0.0590000,0.0580000,0.0590000,0.0590000,0.0560000,0.0570000,0.0560000,0.0570000,0.0570000,0.0560000,0.0570000,0.0560000,0.0560000,0.0560000,0.0570000,0.0560000,0.0570000,0.0560000,0.0560000,0.0570000,0.0560000,0.0560000,0.0580000,0.0580000,0.0580000,0.0620000,0.0620000,0.0620000,0.0620000,0.0620000,0.0620000,0.0620000,0.0620000,0.0610000,0.0570000,0.0560000,0.0700000,0.0980000,0.0980000,0.0930000,0.0930000,0.0630000,0.0600000,0.0570000,0.0490000,0.0410000,0.0420000,0.0410000,0.0410000,0.0410000,0.0430000,0.0440000,0.0380000,0.0420000,0.0470000,0.0490000,0.0480000,0.0490000,0.0490000,0.0520000,0.0510000,0.1070000,0.2460000,0.3030000,0.2100000,0.1310000,0.1310000,0.1320000,0.1320000,0.1320000,0.1310000,0.1280000,0.1320000,0.1320000,0.1720000,0.2690000,0.2700000,0.1700000,0.1360000,0.1370000,0.1350000,0.1360000,0.1350000,0.1360000,0.1320000,0.1310000,0.0970000,0.0400000,0.0530000,0.0560000,0.0600000,0.0620000,0.0610000,0.0600000,0.0410000,0.0360000,0.0380000,0.0380000,0.0370000,0.0360000,0.0370000,0.0360000,0.0370000,0.0360000,0.0360000,0.0370000,0.0370000,0.0360000,0.0370000,0.0370000,0.0360000,0.0360000,0.0300000,0.0310000,0.0320000,0.0330000,0.0320000,0.0280000,0.0270000,0.0270000,0.0280000,0.0300000,0.0300000,A,,,,
300,20260811,0.0320000,0.0320000,0.0300000,0.0310000,0.0290000,0.0300000,0.0300000,0.0290000,0.0290000,0.0300000,0.0290000,0.0300000,0.0290000,0.0300000,0.0290000,0.0300000,0.0290000,0.0300000,0.0290000,0.0290000,0.0300000,0.0290000,0.0300000,0.0300000,0.0320000,0.0320000,0.0320000,0.0310000,0.0310000,0.0300000,0.0310000,0.0300000,0.0300000,0.0300000,0.0300000,0.0310000,0.0300000,0.0310000,0.0290000,0.0280000,0.0290000,0.0310000,0.0310000,0.0300000,0.0310000,0.0360000,0.0360000,0.0370000,0.0360000,0.0360000,0.0360000,0.0370000,0.0350000,0.0360000,0.0350000,0.0350000,0.0350000,0.0350000,0.0350000,0.0350000,0.0370000,0.0360000,0.0370000,0.1240000,0.0350000,0.0360000,0.0330000,0.0330000,0.0360000,0.0310000,0.0310000,0.0290000,0.0270000,0.0290000,0.0290000,0.0290000,0.0300000,0.0290000,0.0300000,0.0290000,0.0930000,0.0430000,0.0380000,0.0670000,0.1220000,0.1200000,0.1200000,0.1200000,0.1200000,0.1290000,0.1210000,0.1220000,0.1220000,0.1220000,0.1220000,0.1230000,0.1230000,0.1210000,0.1140000,0.1100000,0.1120000,0.1130000,0.1140000,0.1130000,0.1130000,0.1180000,0.1140000,0.0820000,0.0860000,0.0260000,0.0250000,0.0260000,0.0260000,0.0270000,0.0310000,0.0310000,0.0670000,0.0330000,0.0340000,0.0340000,0.0360000,0.0410000,0.0400000,0.0370000,0.0370000,0.0370000,0.0370000,0.0380000,0.0380000,0.0370000,0.0370000,0.0370000,0.0370000,0.0400000,0.0390000,0.0400000,0.0390000,0.0340000,0.0350000,0.0360000,0.0360000,0.0980000,0.1350000,0.0400000,0.0400000,0.0390000,0.0400000,0.0400000,0.0420000,0.0410000,0.0420000,0.0420000,0.0410000,0.0390000,0.0360000,0.0390000,0.0390000,0.0390000,0.0390000,0.0380000,0.0390000,0.0390000,0.0370000,0.0330000,0.0330000,0.0310000,0.0300000,0.0300000,0.0300000,0.0300000,0.0310000,0.0290000,0.0300000,0.0300000,0.0330000,0.0330000,0.0360000,0.0360000,0.0360000,0.0360000,0.0360000,0.0360000,0.0360000,0.0360000,0.0360000,0.0350000,0.0360000,0.0360000,0.0360000,0.0360000,0.0360000,0.0380000,0.0380000,0.0380000,0.0390000,0.0370000,0.0410000,0.0430000,0.0390000,0.0410000,0.0440000,0.0500000,0.2540000,0.2530000,0.2230000,0.0900000,0.2530000,0.1810000,0.1700000,0.1590000,0.1890000,0.1760000,0.1440000,0.2090000,0.1850000,0.1880000,0.1310000,0.1700000,0.2030000,0.0410000,0.0400000,0.0410000,0.0390000,0.0400000,0.0420000,0.0430000,0.0440000,0.0720000,0.1310000,0.1300000,0.1290000,0.1310000,0.1280000,0.1280000,0.1280000,0.1290000,0.1270000,0.1260000,0.1270000,0.1260000,0.1250000,0.1260000,0.1260000,0.1260000,0.1270000,0.1270000,0.1260000,0.1240000,0.1250000,0.1250000,0.1190000,0.0930000,0.0430000,0.0430000,0.0440000,0.0430000,0.0410000,0.0400000,0.0390000,0.0340000,0.0350000,0.0350000,0.0350000,0.0350000,0.0360000,0.0400000,0.0490000,0.2200000,0.2230000,0.1520000,0.0420000,0.0400000,0.0400000,0.0410000,0.0400000,0.0410000,0.0380000,0.0390000,0.0400000,0.0390000,0.1890000,0.1390000,0.1560000,0.0380000,0.0370000,0.0370000,0.0370000,0.0330000,A,,,,
300,20260812,0.0340000,0.0320000,0.0320000,0.0320000,0.0320000,0.0330000,0.0320000,0.0320000,0.0310000,0.0320000,0.0310000,0.0330000,0.0320000,0.0330000,0.0320000,0.0330000,0.0330000,0.0330000,0.0320000,0.0320000,0.0320000,0.0320000,0.0330000,0.0320000,0.0320000,0.0310000,0.0320000,0.0330000,0.0310000,0.0310000,0.0320000,0.0320000,0.0320000,0.0310000,0.0320000,0.0310000,0.0320000,0.0310000,0.0320000,0.0320000,0.0320000,0.0320000,0.0320000,0.0310000,0.0310000,0.0320000,0.0310000,0.0310000,0.0310000,0.0320000,0.0370000,0.0370000,0.0380000,0.0360000,0.0370000,0.0360000,0.0400000,0.0430000,0.0420000,0.0430000,0.0420000,0.0420000,0.0430000,0.0420000,0.0420000,0.0420000,0.0410000,0.0400000,0.0360000,0.0340000,0.0350000,0.0380000,0.0390000,0.0410000,0.0400000,0.0400000,0.0910000,0.1080000,0.0410000,0.0430000,0.0440000,0.0410000,0.0400000,0.0730000,0.1340000,0.1310000,0.1660000,0.2260000,0.1270000,0.1290000,0.1290000,0.1300000,0.1290000,0.1300000,0.1300000,0.1300000,0.1540000,0.1300000,0.1300000,0.1310000,0.1310000,0.1310000,0.1310000,0.1300000,0.1260000,0.1250000,0.1250000,0.0900000,0.0340000,0.0330000,0.0340000,0.0330000,0.0340000,0.0330000,0.0340000,0.0390000,0.0400000,0.0400000,0.0400000,0.0390000,0.0410000,0.0450000,0.0400000,0.0410000,0.0410000,0.0430000,0.0480000,0.0570000,0.0580000,0.0570000,0.0580000,0.0570000,0.0480000,0.0400000,0.0450000,0.0430000,0.0430000,0.0420000,0.0380000,0.0390000,0.0350000,0.0680000,0.2020000,0.1100000,0.0420000,0.0410000,0.0400000,0.0370000,0.0370000,0.0400000,0.0380000,0.0480000,0.0470000,0.0520000,0.0480000,0.0560000,0.0350000,0.0600000,0.0860000,0.0910000,0.0990000,0.1030000,0.1050000,0.1090000,0.0790000,0.0870000,0.0980000,0.0770000,0.0780000,0.1000000,0.0820000,0.0760000,0.1020000,0.0800000,0.0770000,0.1050000,0.1060000,0.0760000,0.1040000,0.1040000,0.1060000,0.0810000,0.1120000,0.0800000,0.0630000,0.0410000,0.0410000,0.0380000,0.0340000,0.0310000,0.0360000,0.0350000,0.0400000,0.0400000,0.0380000,0.0370000,0.0370000,0.0410000,0.0420000,0.0420000,0.0410000,0.0400000,0.0410000,0.0420000,0.0450000,0.0400000,0.0370000,0.1530000,0.1370000,0.1210000,0.1130000,0.1100000,0.1060000,0.0630000,0.0430000,0.0470000,0.0490000,0.0490000,0.0430000,0.0450000,0.0460000,0.0450000,0.0450000,0.0430000,0.0390000,0.0430000,0.0450000,0.0750000,0.1310000,0.1310000,0.1250000,0.1250000,0.1250000,0.1250000,0.1280000,0.1290000,0.1280000,0.1300000,0.1300000,0.1290000,0.1290000,0.1280000,0.1250000,0.1280000,0.1270000,0.1230000,0.1240000,0.1230000,0.1220000,0.1240000,0.1250000,0.0900000,0.0310000,0.0310000,0.0350000,0.0340000,0.0350000,0.0320000,0.0320000,0.0320000,0.0320000,0.0340000,0.0320000,0.0320000,0.0330000,0.0340000,0.0330000,0.1220000,0.2100000,0.2080000,0.0700000,0.0330000,0.0330000,0.0330000,0.0330000,0.0330000,0.0320000,0.0310000,0.0390000,0.0370000,0.0880000,0.1760000,0.1760000,0.0660000,0.0360000,0.0350000,0.0350000,0.0360000,A,,,,
300,20260813,0.0360000,0.0350000,0.0350000,0.0350000,0.0350000,0.0350000,0.0350000,0.0350000,0.0350000,0.0340000,0.0350000,0.0330000,0.0320000,0.0340000,0.0350000,0.0320000,0.0300000,0.0300000,0.0300000,0.0310000,0.0300000,0.0300000,0.0310000,0.0310000,0.0330000,0.0330000,0.0320000,0.0310000,0.0280000,0.0300000,0.0310000,0.0300000,0.0300000,0.0300000,0.0300000,0.0300000,0.0300000,0.0310000,0.0300000,0.0300000,0.0310000,0.0310000,0.0300000,0.0290000,0.0280000,0.0290000,0.0300000,0.0300000,0.0310000,0.0300000,0.0300000,0.0300000,0.0300000,0.0300000,0.0300000,0.0290000,0.0280000,0.0280000,0.0300000,0.0290000,0.0290000,0.0280000,0.0340000,0.0290000,0.0290000,0.0290000,0.0290000,0.0290000,0.0350000,0.0350000,0.0340000,0.0350000,0.0350000,0.0340000,0.0340000,0.0350000,0.0360000,0.0340000,0.1060000,0.0330000,0.0320000,0.0410000,0.0860000,0.2720000,0.1890000,0.2160000,0.1240000,0.1220000,0.1240000,0.1220000,0.1780000,0.1320000,0.1210000,0.1250000,0.1190000,0.1190000,0.1190000,0.1180000,0.1190000,0.1190000,0.1180000,0.1180000,0.1180000,0.1170000,0.1170000,0.2240000,0.2490000,0.0830000,0.0310000,0.0310000,0.0310000,0.0320000,0.0320000,0.0300000,0.0280000,0.0330000,0.0310000,0.0320000,0.0330000,0.0410000,0.0300000,0.0280000,0.0280000,0.0300000,0.0300000,0.0290000,0.0300000,0.0300000,0.0390000,0.0450000,0.0450000,0.0450000,0.0450000,0.0450000,0.0300000,0.0330000,0.0350000,0.0360000,0.0350000,0.0350000,0.0350000,0.0340000,0.0340000,0.0340000,0.0340000,0.0340000,0.0350000,0.0350000,0.0330000,0.0280000,0.0300000,0.0310000,0.0300000,0.0310000,0.0320000,0.0320000,0.0310000,0.0300000,0.0300000,0.0300000,0.0300000,0.0300000,0.0300000,0.0300000,0.0300000,0.0290000,0.0250000,0.0250000,0.0260000,0.0250000,0.0260000,0.0250000,0.0250000,0.0250000,0.0250000,0.0240000,0.0250000,0.0250000,0.0250000,0.0250000,0.0260000,0.0250000,0.0250000,0.0250000,0.0240000,0.0260000,0.0250000,0.0250000,0.0250000,0.0220000,0.0230000,0.0250000,0.0250000,0.0250000,0.0260000,0.0250000,0.0260000,0.0260000,0.0260000,0.0250000,0.0260000,0.0250000,0.0250000,0.0250000,0.0240000,0.0260000,0.0250000,0.0300000,0.0280000,0.0260000,0.0290000,0.0300000,0.0290000,0.0290000,0.1340000,0.0800000,0.1320000,0.0850000,0.0370000,0.0370000,0.1140000,0.0360000,0.0360000,0.0380000,0.0400000,0.0410000,0.0410000,0.0770000,0.1280000,0.1220000,0.1250000,0.1250000,0.1250000,0.1260000,0.1230000,0.1230000,0.1230000,0.1230000,0.1190000,0.1180000,0.1180000,0.1180000,0.1180000,0.1340000,0.2350000,0.2420000,0.2160000,0.1770000,0.1210000,0.1220000,0.1220000,0.0850000,0.0330000,0.0330000,0.0320000,0.0310000,0.0300000,0.0300000,0.0320000,0.0310000,0.0310000,0.0300000,0.0310000,0.0310000,0.0320000,0.0290000,0.0280000,0.0280000,0.0290000,0.0290000,0.0290000,0.0300000,0.0280000,0.0280000,0.0270000,0.0260000,0.0250000,0.0270000,0.0270000,0.0270000,0.0280000,0.0270000,0.0270000,0.0280000,0.0270000,0.0270000,0.0290000,0.0300000,A,,,,
300,20260814,0.0310000,0.0350000,0.0360000,0.0370000,0.0360000,0.0360000,0.0360000,0.0360000,0.0360000,0.0360000,0.0360000,0.0350000,0.0360000,0.0350000,0.0360000,0.0350000,0.0350000,0.0350000,0.0330000,0.0330000,0.0300000,0.0290000,0.0280000,0.0290000,0.0300000,0.0310000,0.0310000,0.0310000,0.0300000,0.0290000,0.0290000,0.0290000,0.0300000,0.0290000,0.0290000,0.0290000,0.0300000,0.0300000,0.0270000,0.0270000,0.0290000,0.0290000,0.0290000,0.0300000,0.0290000,0.0280000,0.0300000,0.0290000,0.0290000,0.0280000,0.0300000,0.0290000,0.0290000,0.0290000,0.0300000,0.0300000,0.0290000,0.0280000,0.0260000,0.0270000,0.0290000,0.0290000,0.0280000,0.0290000,0.0300000,0.1010000,0.0290000,0.0300000,0.0320000,0.0280000,0.0290000,0.0280000,0.0290000,0.0310000,0.0340000,0.0340000,0.0340000,0.0340000,0.0350000,0.0330000,0.0340000,0.0340000,0.0330000,0.0690000,0.1240000,0.1230000,0.1220000,0.1230000,0.1180000,0.1160000,0.1420000,0.1590000,0.1320000,0.1950000,0.1250000,0.1200000,0.1210000,0.1210000,0.1580000,0.1230000,0.1280000,0.1280000,0.1280000,0.1260000,0.1270000,0.1270000,0.1250000,0.0890000,0.0390000,0.0390000,0.0370000,0.0320000,0.0300000,0.0270000,0.0280000,0.0270000,0.0280000,0.0280000,0.0290000,0.0290000,0.0310000,0.0290000,0.0280000,0.0270000,0.0280000,0.0270000,0.0280000,0.0280000,0.0270000,0.0280000,0.0270000,0.0280000,0.0280000,0.0260000,0.0320000,0.0330000,0.0360000,0.0350000,0.0340000,0.0330000,0.0300000,0.0270000,0.0300000,0.0310000,0.0300000,0.0300000,0.0300000,0.0300000,0.0310000,0.0300000,0.0300000,0.0300000,0.0300000,0.0300000,0.0310000,0.0330000,0.0310000,0.0270000,0.0270000,0.0270000,0.0870000,0.0270000,0.0260000,0.0260000,0.0260000,0.0580000,0.0440000,0.0270000,0.0290000,0.0300000,0.0300000,0.1070000,0.1810000,0.1570000,0.0320000,0,0,0,0,0,0,0.0980000,0.1600000,0.1490000,0.1470000,0.1410000,0.0660000,0.0330000,0.0280000,0.0280000,0.0290000,0.0280000,0.0280000,0.0280000,0.0280000,0.0280000,0.1140000,0.2470000,0.2980000,0.0680000,0.0870000,0.1620000,0.0920000,0.0810000,0.1280000,0.1230000,0.1210000,0.1230000,0.0750000,0.1290000,0.1310000,0.0910000,0.0960000,0.1950000,0.1300000,0.1720000,0.0410000,0.0390000,0.0400000,0.0400000,0.0390000,0.0450000,0.0440000,0.0390000,0.0360000,0.0370000,0.1080000,0.0760000,0.1280000,0.1250000,0.1230000,0.1200000,0.1200000,0.1200000,0.2840000,0.2930000,0.2910000,0.1210000,0.1190000,0.1200000,0.1190000,0.1190000,0.1200000,0.1190000,0.1210000,0.1220000,0.1210000,0.2500000,0.2190000,0.2040000,0.1180000,0.0790000,0.0280000,0.0300000,0.0310000,0.0310000,0.0330000,0.0320000,0.0320000,0.0320000,0.0330000,0.0320000,0.0320000,0.0320000,0.0320000,0.0320000,0.0340000,0.0340000,0.0310000,0.0310000,0.0300000,0.0270000,0.0320000,0.0330000,0.0320000,0.0270000,0.0290000,0.0310000,0.0310000,0.0300000,0.0300000,0.0300000,0.0290000,0.0290000,0.0300000,0.0290000,0.0290000,0.0290000,V,,,,
400,1,174,A,,
400,175,182,A,79,Power Outage Alarm
400,183,288,A,,
300,20260815,0.0280000,0.0250000,0.0250000,0.0250000,0.0250000,0.0240000,0.0250000,0.0250000,0.0240000,0.0240000,0.0250000,0.0240000,0.0260000,0.0250000,0.0250000,0.0420000,0.1040000,0.0290000,0.0470000,0.2050000,0.0820000,0.0310000,0.0310000,0.0310000,0.0320000,0.0330000,0.0310000,0.0350000,0.0300000,0.0300000,0.0340000,0.0310000,0.0340000,0.0300000,0.0300000,0.0340000,0.0340000,0.0320000,0.0340000,0.0470000,0.0500000,0.0260000,0.0250000,0.0260000,0.0250000,0.0250000,0.0250000,0.0240000,0.0260000,0.0240000,0.0270000,0.0310000,0.0310000,0.0300000,0.0300000,0.0300000,0.0300000,0.0300000,0.0270000,0.0270000,0.0300000,0.0290000,0.0300000,0.0290000,0.0290000,0.0250000,0.0250000,0.0240000,0.0240000,0.0240000,0.0240000,0.0240000,0.0240000,0.0260000,0.0260000,0.0240000,0.0290000,0.0250000,0.0240000,0.0240000,0.0250000,0.0240000,0.0640000,0.1430000,0.1260000,0.1260000,0.1220000,0.1670000,0.1200000,0.1220000,0.1200000,0.1240000,0.2080000,0.2380000,0.1880000,0.2710000,0.3580000,0.2020000,0.2040000,0.2080000,0.1770000,0.2190000,0.2190000,0.2480000,0.1880000,0.2170000,0.2160000,0.2280000,0.1960000,0.1650000,0.1620000,0.1240000,0.1300000,0.1240000,0.1100000,0.0550000,0.0620000,0.0780000,0.0510000,0.0520000,0.0490000,0.0450000,0.0480000,0.0520000,0.0520000,0.0560000,0.0580000,0.0600000,0.0570000,0.0580000,0.0580000,0.1330000,0.1470000,0.1430000,0.1380000,0.0760000,0.1160000,0.0450000,0.0440000,0.0420000,0.0450000,0.0560000,0.0560000,0.0550000,0.0560000,0.0560000,0.0500000,0.0390000,0.0490000,0.0450000,0.0420000,0.0400000,0.0360000,0.0330000,0.0330000,0.0310000,0.0310000,0.0310000,0.0310000,0.0310000,0.0310000,0.0320000,0.0350000,0.0360000,0.0360000,0.0350000,0.0350000,0.0280000,0.0300000,0.0310000,0.0300000,0.0300000,0.0710000,0.1010000,0.1150000,0.0700000,0.0420000,0.0430000,0.0420000,0.0420000,0.0430000,0.0410000,0.0410000,0.0400000,0.0400000,0.0350000,0.0360000,0.0370000,0.0360000,0.0370000,0.0360000,0.0370000,0.0360000,0.0330000,0.0300000,0.0320000,0.0330000,0.0330000,0.0330000,0.0330000,0.0320000,0.0280000,0.0320000,0.0320000,0.0280000,0.0280000,0.0290000,0.0600000,0.1510000,0.2370000,0.2580000,0.2970000,0.1610000,0.0370000,0.0310000,0.0320000,0.0320000,0.0320000,0.0310000,0.0330000,0.0360000,0.0390000,0.0390000,0.0380000,0.0380000,0.0360000,0.0540000,0.2480000,0.3030000,0.2730000,0.1270000,0.1220000,0.1180000,0.1190000,0.1210000,0.1210000,0.1180000,0.1190000,0.1200000,0.1190000,0.2810000,0.2190000,0.1730000,0.1170000,0.1170000,0.1180000,0.1170000,0.1180000,0.1250000,0.1260000,0.1260000,0.0880000,0.0380000,0.0340000,0.0330000,0.0320000,0.0350000,0.0390000,0.0390000,0.0390000,0.0390000,0.0400000,0.0400000,0.0360000,0.0330000,0.0360000,0.0350000,0.0320000,0.0300000,0.0300000,0.0270000,0.0270000,0.0270000,0.0260000,0.0260000,0.0270000,0.0260000,0.0270000,0.0260000,0.0270000,0.0260000,0.0270000,0.0240000,0.0230000,0.0250000,0.0260000,0.0250000,0.0260000,A,,,,
300,20260816,0.0260000,0.0250000,0.0260000,0.0250000,0.0260000,0.0250000,0.0260000,0.0250000,0.0260000,0.0250000,0.0260000,0.0260000,0.0260000,0.0260000,0.0260000,0.0270000,0.0270000,0.0260000,0.0260000,0.0270000,0.0270000,0.0270000,0.0270000,0.0280000,0.0280000,0.0290000,0.0310000,0.0360000,0.0350000,0.0340000,0.0350000,0.0350000,0.0360000,0.0350000,0.0360000,0.0360000,0.0350000,0.0400000,0.0500000,0.0500000,0.0500000,0.0510000,0.0500000,0.0420000,0.0330000,0.0300000,0.0290000,0.0280000,0.0290000,0.0280000,0.0290000,0.0280000,0.0280000,0.0270000,0.0280000,0.0290000,0.0290000,0.0260000,0.0230000,0.0260000,0.0260000,0.0250000,0.0250000,0.0260000,0.0250000,0.0250000,0.0260000,0.0260000,0.0250000,0.0250000,0.0250000,0.0260000,0.0260000,0.0260000,0.0250000,0.0260000,0.0250000,0.0250000,0.0240000,0.0640000,0.0950000,0.0350000,0.0360000,0.0760000,0.1320000,0.1250000,0.1300000,0.1440000,0.1640000,0.1940000,0.1720000,0.1780000,0.2140000,0.1760000,0.1820000,0.1840000,0.1850000,0.1850000,0.1520000,0.1300000,0.1310000,0.1330000,0.1830000,0.1680000,0.1330000,0.1330000,0.1310000,0.0890000,0.0460000,0.0340000,0.0320000,0.0320000,0.0290000,0.0270000,0.0330000,0.0330000,0.0330000,0.0330000,0.0330000,0.0330000,0.0330000,0.0330000,0.0330000,0.0330000,0.0330000,0.0350000,0.0350000,0.0350000,0.0360000,0.0340000,0.0340000,0.0350000,0.0350000,0.0360000,0.0360000,0.0340000,0.0350000,0.0340000,0.0350000,0.0350000,0.0350000,0.0340000,0.0350000,0.0350000,0.0350000,0.0350000,0.0350000,0.0350000,0.0350000,0.0300000,0.0290000,0.0340000,0.0350000,0.0370000,0.0370000,0.0380000,0.0380000,0.0380000,0.0370000,0.0370000,0.0370000,0.0360000,0.0370000,0.1020000,0.1550000,0.1230000,0.0390000,0.0400000,0.0400000,0.0410000,0.0350000,0.0370000,0.0390000,0.0400000,0.0400000,0.0400000,0.0400000,0.0380000,0.0350000,0.0350000,0.0340000,0.0360000,0.0360000,0.0400000,0.0420000,0.0400000,0.0650000,0.0970000,0.0980000,0.0430000,0.0300000,0.0330000,0.0310000,0.0340000,0.0330000,0.0320000,0.0320000,0.0320000,0.0330000,0.0360000,0.0340000,0.0340000,0.0340000,0.0330000,0.0340000,0.0340000,0.0330000,0.0330000,0.0340000,0.0340000,0.0340000,0.0390000,0.0350000,0.0380000,0.0440000,0.0470000,0.0460000,0.0490000,0.0480000,0.0480000,0.0490000,0.0930000,0.2230000,0.2190000,0.1500000,0.0480000,0.0480000,0.0810000,0.1340000,0.1340000,0.1320000,0.1310000,0.1320000,0.1340000,0.1450000,0.3070000,0.2270000,0.1730000,0.1260000,0.1270000,0.1260000,0.1270000,0.1280000,0.1270000,0.1280000,0.1240000,0.1230000,0.1190000,0.1210000,0.1210000,0.1250000,0.0850000,0.0360000,0.0370000,0.0360000,0.0360000,0.0420000,0.0510000,0.0510000,0.0510000,0.0790000,0.0850000,0.0440000,0.0330000,0.0350000,0.0350000,0.0340000,0.0330000,0.0340000,0.0330000,0.0330000,0.0340000,0.0330000,0.0330000,0.0380000,0.0380000,0.0370000,0.0340000,0.0300000,0.0320000,0.0320000,0.0320000,0.0320000,0.0320000,0.0320000,0.0320000,0.0320000,0.0310000,A,,,,
300,20260817,0.0330000,0.0320000,0.0310000,0.0320000,0.0320000,0.0330000,0.0310000,0.0300000,0.0280000,0.0290000,0.0290000,0.0270000,0.0280000,0.0260000,0.0270000,0.0260000,0.0260000,0.0260000,0.0270000,0.0260000,0.0260000,0.0260000,0.0270000,0.0260000,0.0280000,0.0280000,0.0280000,0.0270000,0.0260000,0.0260000,0.0270000,0.0260000,0.0270000,0.0240000,0.0250000,0.0270000,0.0270000,0.0270000,0.0280000,0.0270000,0.0270000,0.0280000,0.0280000,0.0270000,0.0270000,0.0270000,0.0280000,0.0270000,0.0290000,0.0340000,0.0330000,0.0320000,0.0330000,0.0310000,0.0300000,0.0300000,0.0320000,0.0320000,0.0320000,0.0310000,0.0320000,0.0310000,0.0310000,0.0320000,0.0300000,0.0260000,0.0260000,0.0270000,0.0270000,0.0260000,0.0270000,0.0260000,0.0270000,0.0260000,0.0250000,0.0230000,0.0260000,0.0260000,0.0260000,0.0280000,0.0830000,0.1720000,0.0290000,0.0820000,0.1410000,0.1570000,0.1510000,0.1170000,0.1180000,0.1920000,0.2160000,0.2020000,0.2640000,0.1320000,0.1410000,0.1400000,0.1370000,0.1360000,0.1340000,0.1350000,0.1560000,0.2130000,0.1380000,0.1380000,0.1400000,0.1420000,0.2830000,0.2290000,0.0510000,0.0510000,0.0540000,0.0580000,0.0550000,0.0600000,0.0560000,0.0540000,0.0590000,0.0540000,0.0560000,0.0560000,0.0580000,0.0590000,0.0550000,0.0610000,0.0550000,0.0620000,0.0800000,0.0670000,0.0500000,0.0450000,0.0410000,0.0400000,0.0400000,0.0410000,0.0400000,0.0410000,0.0400000,0.0410000,0.0400000,0.0400000,0.0410000,0.0410000,0.0400000,0.0430000,0.0520000,0.1350000,0.1350000,0.1090000,0.0430000,0.0430000,0.0430000,0.0440000,0.0430000,0.0440000,0.0440000,0.0450000,0.0480000,0.0710000,0.1120000,0.0480000,0.0510000,0.0490000,0.0510000,0.0500000,0.0530000,0.0500000,0.0500000,0.0500000,0.0510000,0.0510000,0.0500000,0.0530000,0.0580000,0.0590000,0.0980000,0.1260000,0.1330000,0.1440000,0.1410000,0.1430000,0.1420000,0.2390000,0.1420000,0.2160000,0.1880000,0.3530000,0.3530000,0.3480000,0.1820000,0.2170000,0.2390000,0.1320000,0.1280000,0.1310000,0.1300000,0.1310000,0.0660000,0.0630000,0.0620000,0.0530000,0.0530000,0.0510000,0.0510000,0.0500000,0.0490000,0.0490000,0.0480000,0.0490000,0.0430000,0.0410000,0.1170000,0.0780000,0.0350000,0.0320000,0.0340000,0.0340000,0.0340000,0.0340000,0.0340000,0.0350000,0.0340000,0.0360000,0.0610000,0.0380000,0.0360000,0.0340000,0.0350000,0.0730000,0.1190000,0.1160000,0.1150000,0.1160000,0.1150000,0.1160000,0.1150000,0.1150000,0.1150000,0.1220000,0.1340000,0.1340000,0.1340000,0.1380000,0.1410000,0.1410000,0.1400000,0.1420000,0.1480000,0.1520000,0.1510000,0.1520000,0.1410000,0.1070000,0.1580000,0.2260000,0.2210000,0.1020000,0.0410000,0.0410000,0.0470000,0.0380000,0.0380000,0.0360000,0.0320000,0.0320000,0.0580000,0.1510000,0.2090000,0.2240000,0.0960000,0.0940000,0.0990000,0.1020000,0.1060000,0.0840000,0.0950000,0.1030000,0.1040000,0.1030000,0.1040000,0.1040000,0.1050000,0.0750000,0.1020000,0.1050000,0.0590000,0.0350000,0.0340000,0.0340000,A,,,,
300,20260818,0.0300000,0.0290000,0.0290000,0.0290000,0.0290000,0.0300000,0.0290000,0.0280000,0.0290000,0.0300000,0.0260000,0.0240000,0.0260000,0.0260000,0.0290000,0.0340000,0.0320000,0.0330000,0.0330000,0.0330000,0.0320000,0.0320000,0.0320000,0.0320000,0.0340000,0.0330000,0.0340000,0.0340000,0.0320000,0.0300000,0.0300000,0.0280000,0.0280000,0.0270000,0.0270000,0.0270000,0.0280000,0.0270000,0.0280000,0.0270000,0.0280000,0.0270000,0.0280000,0.0280000,0.0270000,0.0270000,0.0280000,0.0270000,0.0290000,0.0280000,0.0290000,0.0280000,0.0280000,0.0280000,0.0280000,0.0300000,0.0310000,0.1480000,0.0300000,0.0300000,0.0300000,0.0310000,0.0310000,0.0320000,0.0360000,0.0300000,0.0310000,0.0310000,0.0320000,0.0310000,0.0310000,0.0310000,0.0310000,0.0410000,0.0440000,0.0430000,0.0430000,0.0440000,0.0520000,0.0430000,0.0280000,0.0940000,0.0920000,0.1300000,0.1320000,0.1330000,0.1310000,0.1350000,0.1350000,0.1340000,0.1800000,0.1350000,0.1350000,0.1300000,0.1280000,0.1280000,0.1270000,0.1200000,0.1180000,0.1190000,0.1180000,0.1190000,0.1180000,0.1180000,0.1190000,0.1180000,0.1210000,0.0770000,0.0300000,0.0290000,0.0360000,0.0360000,0.0320000,0.0280000,0.0310000,0.0340000,0.0330000,0.0320000,0.0240000,0.0270000,0.0240000,0.0240000,0.0240000,0.0240000,0.0240000,0.0230000,0.0230000,0.0240000,0.0240000,0.0240000,0.0240000,0.0230000,0.0240000,0.0240000,0.0230000,0.0240000,0.0230000,0.0240000,0.0220000,0.0220000,0.0290000,0.0360000,0.0310000,0.0310000,0.0300000,0.0290000,0.0290000,0.0290000,0.0290000,0.0290000,0.0290000,0.0280000,0.0300000,0.0290000,0.0290000,0.0290000,0.0300000,0.0310000,0.0340000,0.0340000,0.0330000,0.0330000,0.0340000,0.0330000,0.0340000,0.0290000,0.1000000,0.2460000,0.2460000,0.0800000,0.1160000,0.1240000,0.0860000,0.1690000,0.1260000,0.0300000,0.0310000,0.0320000,0.0310000,0.0310000,0.0310000,0.0320000,0.0310000,0.0310000,0.0310000,0.0310000,0.0310000,0.0310000,0.0300000,0.0300000,0.0310000,0.0300000,0.0300000,0.0300000,0.0320000,0.0300000,0.0290000,0.0310000,0.0300000,0.0340000,0.0390000,0.0340000,0.0360000,0.0320000,0.0320000,0.0310000,0.0320000,0.0360000,0.0340000,0.0510000,0.0420000,0.0410000,0.0400000,0.0440000,0.0400000,0.0400000,0.0350000,0.0330000,0.0320000,0.0320000,0.0320000,0.0320000,0.0310000,0.0320000,0.1460000,0.0650000,0.0330000,0.0740000,0.1240000,0.1240000,0.1230000,0.1240000,0.1230000,0.1170000,0.1170000,0.1200000,0.1210000,0.1220000,0.1250000,0.1200000,0.1200000,0.1220000,0.1210000,0.1210000,0.1210000,0.1210000,0.1210000,0.1210000,0.1710000,0.1220000,0.1220000,0.0790000,0.0370000,0.0410000,0.0350000,0.0360000,0.0360000,0.0350000,0.0360000,0.0360000,0.0350000,0.0360000,0.0350000,0.0360000,0.0410000,0.0500000,0.0500000,0.0490000,0.0500000,0.0500000,0.0360000,0.0290000,0.0290000,0.0290000,0.0290000,0.0280000,0.0280000,0.0280000,0.0280000,0.0270000,0.0270000,0.0280000,0.0290000,0.0290000,0.0250000,0.0230000,0.0240000,0.0250000,A,,,,
300,20260819,0.0270000,0.0250000,0.0250000,0.0260000,0.0260000,0.0260000,0.0260000,0.0250000,0.0260000,0.0250000,0.0250000,0.0260000,0.0250000,0.0260000,0.0310000,0.0310000,0.0320000,0.0310000,0.0300000,0.0310000,0.0300000,0.0310000,0.0300000,0.0300000,0.0320000,0.0320000,0.0310000,0.0320000,0.0230000,0.0230000,0.0250000,0.0260000,0.0250000,0.0260000,0.0250000,0.0260000,0.0250000,0.0260000,0.0250000,0.0260000,0.0260000,0.0260000,0.0260000,0.0260000,0.0260000,0.0260000,0.0260000,0.0250000,0.0270000,0.0270000,0.0270000,0.0260000,0.0250000,0.0230000,0.0250000,0.0260000,0.0260000,0.0260000,0.0250000,0.0260000,0.0250000,0.0260000,0.0250000,0.0310000,0.0310000,0.0310000,0.0320000,0.0300000,0.0310000,0.0310000,0.0320000,0.0330000,0.0320000,0.0290000,0.0300000,0.0330000,0.0290000,0.0310000,0.3000000,0.0990000,0.0940000,0.0310000,0.0360000,0.0710000,0.1210000,0.1200000,0.1210000,0.1200000,0.1190000,0.1160000,0.1150000,0.1170000,0.1170000,0.1170000,0.1180000,0.1180000,0.1220000,0.1170000,0.1160000,0.1690000,0.1400000,0.1180000,0.1160000,0.1170000,0.1150000,0.1150000,0.1120000,0.0680000,0.0230000,0.0230000,0.0230000,0.0270000,0.0290000,0.0290000,0.0280000,0.0280000,0.0280000,0.0280000,0.0310000,0.0300000,0.0290000,0.0290000,0.0290000,0.0330000,0.0840000,0.0500000,0.0270000,0.0260000,0.0280000,0.0270000,0.0270000,0.0260000,0.0260000,0.0270000,0.0260000,0.0260000,0.0260000,0.0280000,0.0270000,0.0270000,0.0240000,0.0250000,0.0260000,0.0270000,0.0270000,0.0280000,0.0300000,0.0290000,0.0290000,0.0270000,0.0280000,0.0270000,0.0270000,0.0260000,0.0260000,0.0260000,0.0260000,0.0270000,0.0320000,0.0300000,0.0290000,0.0300000,0.0620000,0.0460000,0.0530000,0.0370000,0.0370000,0.0350000,0.0350000,0.0350000,0.0340000,0.0350000,0.0330000,0.0320000,0.0340000,0.0340000,0.0290000,0.0280000,0.0280000,0.0280000,0.0280000,0.0280000,0.0280000,0.0280000,0.0280000,0.0280000,0.0280000,0.0280000,0.0300000,0.0290000,0.0290000,0.0260000,0.0290000,0.0250000,0.0240000,0.0250000,0.0250000,0.0240000,0.0250000,0.0200000,0.0210000,0.0220000,0.0230000,0.0220000,0.0230000,0.0220000,0.0230000,0.0230000,0.0220000,0.0240000,0.0290000,0.0280000,0.0290000,0.0280000,0.0350000,0.0340000,0.0500000,0.0440000,0.0360000,0.0390000,0.0370000,0.0790000,0.0900000,0.0390000,0.0380000,0.0370000,0.0340000,0.0770000,0.1200000,0.1190000,0.1200000,0.1160000,0.1160000,0.1170000,0.1160000,0.1170000,0.1160000,0.1180000,0.1180000,0.1190000,0.1180000,0.1180000,0.1180000,0.1180000,0.1190000,0.1830000,0.1780000,0.1210000,0.1210000,0.1200000,0.1230000,0.0820000,0.0450000,0.0510000,0.0510000,0.0510000,0.0510000,0.2040000,0.2180000,0.1890000,0.0380000,0.0400000,0.0390000,0.0370000,0.0390000,0.0390000,0.0360000,0.0360000,0.0380000,0.0370000,0.1600000,0.1380000,0.1670000,0.0310000,0.0250000,0.0260000,0.0260000,0.0260000,0.0260000,0.0250000,0.0260000,0.0250000,0.0250000,0.0250000,0.0250000,0.0250000,0.0260000,0.0250000,A,,,,
300,20260820,0.0260000,0.0250000,0.0260000,0.0250000,0.0250000,0.0250000,0.0260000,0.0250000,0.0260000,0.0250000,0.0250000,0.0260000,0.0250000,0.0240000,0.0230000,0.0240000,0.0250000,0.0240000,0.0250000,0.0250000,0.0250000,0.0280000,0.0310000,0.0310000,0.0320000,0.0320000,0.0320000,0.0330000,0.0310000,0.0320000,0.0310000,0.0310000,0.0310000,0.0310000,0.0250000,0.0240000,0.0260000,0.0250000,0.0260000,0.0260000,0.0260000,0.0260000,0.0260000,0.0270000,0.0250000,0.0260000,0.0250000,0.0260000,0.0260000,0.0250000,0.0260000,0.0230000,0.0240000,0.0250000,0.0250000,0.0260000,0.0250000,0.0250000,0.0250000,0.0260000,0.0260000,0.0250000,0.0310000,0.0270000,0.0260000,0.0260000,0.0270000,0.0260000,0.0270000,0.0320000,0.0300000,0.0290000,0.0320000,0.0310000,0.0320000,0.0340000,0.1140000,0.0370000,0.0380000,0.0370000,0.0370000,0.0380000,0.0370000,0.1490000,0.1220000,0.1220000,0.1220000,0.1270000,0.1310000,0.1680000,0.1240000,0.1250000,0.1220000,0.1210000,0.1190000,0.1200000,0.1200000,0.1200000,0.1200000,0.1230000,0.1230000,0.1240000,0.1230000,0.1230000,0.1210000,0.1180000,0.1150000,0.0740000,0.0270000,0.0320000,0.0270000,0.0280000,0.0270000,0.0280000,0.0270000,0.0230000,0.0340000,0.0330000,0.0320000,0.0320000,0.0330000,0.0320000,0.0320000,0.0320000,0.0320000,0.0320000,0.0320000,0.0320000,0.0320000,0.0320000,0.0320000,0.0300000,0.0270000,0.0270000,0.0270000,0.0270000,0.0270000,0.0280000,0.0270000,0.0270000,0.0310000,0.0280000,0.0260000,0.0260000,0.0250000,0.0250000,0.0250000,0.0250000,0.0250000,0.0260000,0.0250000,0.0250000,0.0250000,0.0250000,0.0240000,0.0250000,0.0250000,0.0250000,0.0250000,0.0250000,0.0250000,0.0240000,0.0250000,0.0250000,0.0300000,0.0310000,0.0310000,0.0330000,0.0320000,0.0330000,0.0320000,0.0310000,0.0310000,0.0310000,0.0310000,0.0320000,0.0330000,0.0320000,0.0330000,0.0370000,0.0330000,0.0330000,0.0300000,0.0280000,0.0250000,0.0230000,0.0250000,0.0260000,0.0260000,0.0300000,0.0270000,0.0270000,0.0270000,0.0290000,0.0320000,0.0310000,0.0320000,0.0320000,0.0330000,0.0330000,0.0320000,0.0330000,0.0330000,0.0320000,0.0340000,0.0540000,0.0720000,0.0960000,0.1340000,0.1230000,0.1540000,0.2060000,0.0410000,0.0400000,0.0410000,0.0420000,0.0470000,0.0520000,0.0520000,0.0510000,0.0480000,0.0490000,0.0480000,0.0500000,0.0480000,0.0490000,0.0500000,0.0910000,0.1390000,0.1370000,0.1370000,0.1300000,0.1260000,0.1300000,0.1360000,0.1360000,0.1350000,0.1360000,0.1360000,0.1270000,0.1190000,0.1210000,0.1210000,0.1220000,0.1210000,0.1220000,0.1210000,0.1220000,0.1210000,0.1210000,0.1200000,0.0770000,0.0340000,0.0330000,0.0330000,0.0340000,0.0330000,0.0340000,0.0330000,0.0310000,0.0300000,0.0300000,0.0290000,0.0300000,0.0270000,0.0240000,0.0250000,0.0310000,0.0320000,0.0330000,0.0320000,0.0320000,0.0320000,0.0320000,0.0320000,0.0320000,0.0320000,0.0320000,0.0310000,0.0320000,0.0320000,0.0280000,0.0260000,0.0270000,0.0270000,0.0260000,0.0260000,0.0270000,A,,,,
300,20260821,0.0280000,0.0320000,0.0300000,0.0280000,0.0290000,0.0280000,0.0270000,0.0270000,0.0260000,0.0260000,0.0260000,0.0260000,0.0260000,0.0250000,0.0270000,0.0260000,0.0260000,0.0260000,0.0270000,0.0260000,0.0260000,0.0260000,0.0260000,0.0260000,0.0280000,0.0270000,0.0290000,0.0290000,0.0300000,0.0330000,0.0330000,0.0330000,0.0320000,0.0340000,0.0330000,0.0340000,0.0340000,0.0330000,0.0340000,0.0340000,0.0300000,0.0250000,0.0270000,0.0280000,0.0280000,0.0270000,0.0260000,0.0270000,0.0270000,0.0270000,0.0270000,0.0260000,0.0270000,0.0270000,0.0270000,0.0260000,0.0270000,0.0270000,0.0270000,0.0260000,0.0270000,0.0270000,0.0260000,0.0260000,0.0280000,0.0280000,0.0620000,0.0450000,0.0320000,0.0280000,0.0280000,0.0290000,0.0280000,0.0280000,0.0250000,0.0230000,0.0260000,0.0270000,0.0330000,0.0320000,0.0310000,0.0430000,0.1140000,0.0840000,0.1290000,0.1300000,0.1340000,0.1270000,0.1230000,0.1220000,0.1190000,0.1190000,0.1200000,0.1200000,0.1610000,0.1170000,0.1160000,0.1160000,0.1200000,0.1200000,0.1200000,0.1200000,0.1200000,0.1200000,0.1240000,0.1220000,0.1210000,0.0750000,0.0320000,0.0320000,0.0320000,0.0380000,0.0370000,0.0370000,0.0380000,0.0380000,0.0370000,0.0370000,0.0370000,0.0370000,0.0370000,0.0380000,0.0410000,0.0450000,0.0440000,0.0430000,0.0440000,0.0430000,0.0430000,0.0430000,0.0440000,0.0440000,0.0440000,0.0430000,0.0440000,0.0440000,0.0390000,0.0370000,0.0330000,0.0300000,0.0310000,0.0310000,0.0310000,0.0310000,0.0310000,0.0340000,0.0350000,0.0350000,0.0350000,0.0330000,0.0340000,0.0320000,0.0330000,0.0330000,0.0340000,0.0330000,0.0330000,0.0330000,0.0330000,0.0330000,0.0330000,0.0330000,0.0330000,0.0330000,0.0330000,0.0320000,0.0330000,0.0330000,0.0330000,0.0330000,0.0370000,0.0390000,0.0390000,0.0380000,0.0390000,0.0390000,0.0380000,0.0390000,0.0380000,0.0380000,0.0380000,0.0390000,0.0380000,0.0380000,0.0380000,0.0400000,0.0420000,0.0420000,0.0410000,0.0380000,0.0370000,0.0360000,0.0370000,0.0380000,0.0760000,0.2060000,0.1020000,0.0430000,0.0450000,0.0440000,0.0440000,0.0440000,0.0440000,0.0420000,0.0410000,0.0390000,0.0390000,0.0410000,0.0440000,0.0430000,0.0370000,0.0310000,0.0320000,0.0320000,0.0330000,0.0350000,0.0320000,0.0330000,0.0320000,0.0320000,0.0320000,0.0330000,0.0330000,0.0350000,0.0390000,0.0390000,0.0390000,0.0820000,0.1290000,0.1260000,0.1230000,0.1220000,0.1260000,0.1220000,0.1230000,0.1230000,0.1220000,0.1220000,0.1230000,0.1170000,0.1180000,0.1170000,0.1180000,0.1180000,0.1180000,0.1820000,0.1730000,0.1770000,0.1210000,0.1220000,0.1210000,0.0760000,0.0320000,0.0430000,0.0320000,0.0340000,0.0340000,0.0340000,0.0340000,0.0330000,0.0340000,0.0340000,0.0330000,0.0340000,0.0340000,0.0330000,0.0340000,0.0350000,0.0340000,0.0320000,0.0300000,0.0310000,0.0320000,0.0340000,0.0390000,0.0370000,0.0380000,0.0370000,0.0400000,0.0410000,0.0430000,0.0390000,0.0310000,0.0310000,0.0310000,0.0310000,0.0310000,0.0270000,A,,,,
300,20260822,0.0260000,0.0260000,0.0260000,0.0250000,0.0260000,0.0260000,0.0250000,0.0250000,0.0240000,0.0250000,0.0250000,0.0240000,0.0240000,0.0250000,0.0240000,0.0250000,0.0220000,0.0220000,0.0240000,0.0240000,0.0240000,0.0240000,0.0240000,0.0240000,0.0260000,0.0250000,0.0260000,0.0250000,0.0240000,0.0240000,0.0250000,0.0240000,0.0240000,0.0240000,0.0260000,0.0300000,0.0300000,0.0310000,0.0300000,0.0300000,0.0290000,0.0270000,0.0300000,0.0310000,0.0290000,0.0300000,0.0290000,0.0260000,0.0250000,0.0240000,0.0250000,0.0250000,0.0240000,0.0250000,0.0240000,0.0250000,0.0240000,0.0250000,0.0240000,0.0250000,0.0240000,0.0220000,0.0220000,0.0240000,0.0240000,0.0240000,0.0240000,0.0240000,0.0240000,0.0240000,0.0250000,0.0230000,0.0240000,0.0240000,0.0240000,0.0240000,0.0250000,0.0240000,0.0250000,0.0240000,0.0240000,0.1130000,0.0280000,0.1030000,0.1410000,0.1270000,0.1650000,0.1260000,0.1250000,0.1870000,0.1570000,0.1430000,0.1690000,0.2980000,0.3320000,0.3640000,0.3660000,0.2530000,0.1990000,0.2020000,0.1560000,0.1480000,0.1230000,0.1220000,0.1190000,0.1240000,0.1220000,0.0750000,0.0330000,0.0500000,0.0310000,0.0310000,0.0300000,0.0290000,0.0290000,0.0290000,0.0350000,0.2140000,0.0930000,0.2590000,0.3040000,0.2830000,0.1690000,0.0970000,0.0890000,0.1480000,0.2880000,0.2510000,0.1730000,0.0830000,0.0850000,0.0880000,0.0850000,0.0930000,0.0720000,0.0740000,0.0790000,0.0820000,0.1150000,0.2290000,0.2000000,0.0900000,0.0810000,0.0870000,0.0930000,0.0900000,0.0860000,0.0820000,0.0810000,0.0810000,0.0790000,0.0820000,0.0820000,0.0820000,0.0820000,0.0820000,0.0810000,0.0780000,0.0760000,0.0790000,0.0790000,0.0770000,0.0760000,0.0760000,0.0760000,0.0770000,0.0840000,0.0880000,0.0870000,0.0800000,0.0430000,0.0340000,0.0340000,0.0380000,0.1850000,0.2360000,0.2540000,0.1910000,0.1260000,0.1000000,0.1630000,0.1330000,0.1180000,0.1090000,0.0970000,0.0850000,0.0910000,0.0930000,0.0980000,0.0990000,0.1010000,0.1010000,0.0980000,0.0880000,0.1160000,0.3010000,0.3210000,0.1650000,0.1870000,0.2010000,0.1690000,0.1660000,0.1630000,0.1790000,0.2300000,0.2310000,0.2330000,0.3040000,0.2080000,0.1900000,0.1980000,0.1990000,0.1980000,0.1970000,0.2010000,0.2040000,0.1970000,0.1900000,0.1580000,0.1590000,0.1890000,0.3110000,0.2020000,0.1910000,0.1880000,0.1900000,0.1940000,0.3040000,0.2470000,0.1840000,0.1760000,0.1790000,0.1860000,0.1860000,0.1870000,0.1960000,0.1880000,0.1870000,0.1830000,0.1830000,0.1920000,0.1840000,0.1940000,0.1800000,0.1780000,0.1800000,0.1940000,0.2120000,0.2010000,0.1680000,0.1680000,0.0940000,0.0730000,0.1030000,0.0810000,0.1190000,0.0870000,0.0860000,0.0880000,0.0890000,0.0840000,0.1410000,0.2570000,0.2980000,0.2260000,0.0900000,0.0940000,0.0860000,0.0620000,0.1020000,0.0960000,0.0830000,0.0870000,0.1090000,0.0910000,0.2160000,0.1380000,0.1190000,0.0970000,0.0780000,0.0760000,0.0730000,0.0760000,0.0740000,0.0740000,0.0750000,0.0760000,0.0790000,A,,,,
300,20260823,0.0800000,0.0800000,0.0760000,0.0720000,0.0720000,0.0710000,0.0760000,0.0760000,0.0730000,0.0700000,0.0700000,0.0650000,0.0640000,0.0650000,0.0680000,0.0710000,0.0710000,0.0710000,0.0720000,0.0710000,0.0710000,0.0710000,0.0710000,0.0710000,0.0720000,0.0720000,0.0740000,0.0720000,0.0700000,0.0690000,0.0700000,0.0720000,0.0740000,0.0450000,0.0330000,0.0330000,0.0310000,0.0270000,0.0270000,0.0280000,0.0270000,0.0280000,0.0280000,0.0300000,0.0320000,0.0320000,0.0320000,0.0320000,0.0320000,0.0320000,0.0310000,0.0320000,0.0310000,0.0310000,0.0300000,0.0310000,0.0260000,0.0230000,0.0240000,0.0260000,0.0250000,0.0260000,0.0250000,0.0260000,0.0250000,0.0250000,0.0250000,0.0260000,0.0250000,0.0250000,0.0250000,0.0260000,0.0250000,0.0260000,0.0250000,0.0250000,0.0260000,0.0250000,0.0260000,0.1010000,0.0710000,0.2100000,0.1140000,0.1810000,0.2140000,0.2180000,0.2050000,0.2060000,0.1270000,0.1290000,0.1280000,0.2130000,0.1240000,0.2580000,0.1860000,0.1980000,0.2040000,0.2180000,0.3880000,0.2030000,0.1930000,0.1890000,0.1760000,0.1810000,0.2000000,0.1870000,0.1740000,0.1260000,0.1010000,0.0960000,0.0960000,0.0900000,0.0900000,0.1240000,0.0890000,0.1170000,0.0780000,0.0900000,0.1020000,0.0800000,0.0740000,0.0760000,0.0820000,0.0800000,0.0700000,0.0580000,0.0330000,0.0320000,0.0290000,0.0250000,0.0250000,0.0250000,0.0250000,0.0250000,0.0250000,0.0240000,0.0240000,0.0240000,0.0240000,0.0260000,0.0320000,0.0320000,0.0330000,0.0330000,0.0330000,0.0710000,0.0580000,0.1080000,0.0960000,0.0340000,0.0420000,0.0560000,0.0330000,0.0340000,0.0350000,0.0340000,0.0340000,0.0320000,0.0290000,0.0290000,0.0300000,0.0290000,0.0300000,0.0290000,0.0300000,0.0290000,0.0300000,0.0310000,0.0300000,0.0300000,0.0300000,0.0300000,0.0300000,0.0290000,0.0290000,0.0440000,0.0490000,0.0490000,0.0530000,0.1450000,0.2430000,0.1060000,0.0830000,0.1120000,0.0840000,0.0840000,0.0830000,0.0790000,0.0760000,0.0720000,0.0740000,0.0880000,0.0880000,0.1320000,0.1660000,0.1650000,0.1660000,0.1740000,0.1720000,0.1740000,0.1780000,0.1330000,0.1760000,0.2770000,0.2500000,0.2540000,0.2360000,0.2310000,0.2250000,0.2220000,0.2170000,0.2280000,0.2170000,0.2060000,0.1610000,0.1220000,0.1310000,0.1370000,0.1490000,0.1530000,0.1380000,0.1450000,0.1840000,0.2030000,0.3380000,0.2660000,0.1890000,0.1830000,0.1800000,0.1770000,0.1720000,0.1620000,0.1630000,0.1660000,0.1680000,0.2760000,0.2110000,0.1660000,0.1690000,0.1690000,0.1670000,0.1760000,0.1680000,0.1700000,0.1750000,0.1710000,0.1760000,0.1740000,0.1400000,0.1310000,0.1250000,0.1190000,0.1290000,0.1290000,0.1270000,0.1300000,0.1470000,0.1400000,0.1230000,0.1220000,0.1220000,0.1210000,0.1220000,0.1230000,0.1230000,0.1290000,0.1280000,0.1280000,0.1270000,0.1270000,0.1270000,0.1260000,0.1260000,0.1240000,0.1210000,0.1210000,0.1210000,0.1210000,0.1210000,0.1180000,0.1150000,0.1150000,0.1150000,0.1170000,0.1160000,0.1170000,0.1170000,0.1170000,A,,,,
300,20260824,0.0540000,0.0380000,0.0380000,0.0370000,0.0370000,0.0370000,0.0360000,0.0350000,0.0310000,0.0270000,0.0260000,0.0260000,0.0260000,0.0260000,0.0270000,0.0270000,0.0270000,0.0270000,0.0260000,0.0250000,0.0230000,0.0230000,0.0250000,0.0250000,0.0320000,0.0320000,0.0320000,0.0320000,0.0300000,0.0300000,0.0300000,0.0300000,0.0260000,0.0250000,0.0250000,0.0260000,0.0260000,0.0250000,0.0260000,0.0260000,0.0270000,0.0270000,0.0270000,0.0270000,0.0260000,0.0270000,0.0280000,0.0270000,0.0290000,0.0340000,0.0340000,0.0340000,0.0350000,0.0340000,0.0340000,0.0340000,0.0340000,0.0310000,0.0290000,0.0290000,0.0300000,0.0290000,0.0290000,0.0310000,0.0440000,0.0430000,0.0440000,0.0430000,0.0440000,0.0350000,0.0270000,0.0270000,0.0980000,0.1200000,0.1200000,0.1200000,0.1200000,0.1230000,0.1260000,0.1250000,0.1270000,0.2020000,0.1270000,0.1220000,0.1480000,0.1740000,0.1230000,0.1220000,0.1220000,0.1220000,0.1770000,0.1240000,0.1300000,0.1230000,0.1230000,0.1230000,0.1430000,0.2450000,0.3480000,0.2170000,0.2030000,0.2080000,0.1770000,0.1800000,0.1820000,0.1890000,0.1900000,0.1870000,0.1840000,0.1820000,0.2590000,0.2250000,0.1830000,0.1760000,0.1770000,0.1750000,0.1710000,0.2870000,0.3470000,0.3460000,0.1710000,0.0850000,0.0850000,0.0850000,0.0840000,0.0800000,0.0790000,0.0780000,0.0800000,0.0820000,0.1740000,0.1890000,0.1890000,0.0760000,0.0960000,0.0870000,0.0460000,0.0330000,0.0330000,0.0320000,0.0320000,0.0320000,0.0320000,0.0330000,0.0320000,0.0320000,0.0280000,0.0270000,0.0270000,0.0270000,0.0270000,0.0280000,0.1410000,0.1090000,0.0380000,0.0270000,0.0280000,0.0270000,0.0270000,0.0280000,0.0270000,0.1230000,0.0280000,0.0270000,0.0280000,0.0340000,0.0330000,0.0470000,0.0360000,0.0350000,0.0350000,0.0350000,0.0350000,0.0340000,0.0350000,0.0350000,0.0350000,0.0350000,0.0320000,0.0310000,0.0310000,0.0280000,0.0250000,0.0260000,0.0300000,0.0310000,0.0330000,0.0330000,0.1060000,0.1990000,0.2030000,0.2010000,0.1170000,0.1220000,0.1220000,0.1230000,0.1290000,0.1240000,0.1200000,0.1310000,0.1870000,0.3420000,0.3310000,0.2770000,0.2250000,0.2120000,0.2010000,0.2320000,0.2320000,0.2190000,0.2790000,0.2700000,0.2090000,0.1840000,0.2130000,0.1450000,0.1890000,0.1270000,0.1260000,0.1270000,0.1290000,0.1290000,0.1280000,0.1290000,0.1280000,0.1250000,0.1280000,0.1270000,0.1280000,0.1220000,0.1190000,0.1190000,0.1190000,0.1210000,0.1260000,0.1250000,0.1250000,0.1250000,0.1250000,0.1250000,0.0800000,0.0340000,0.0340000,0.0350000,0.0400000,0.0330000,0.0330000,0.0350000,0.0370000,0.0380000,0.0380000,0.0380000,0.0370000,0.0370000,0.0380000,0.0420000,0.0520000,0.0520000,0.0530000,0.0510000,0.0490000,0.0370000,0.0320000,0.0330000,0.0340000,0.0330000,0.0330000,0.0390000,0.0380000,0.0390000,0.0390000,0.0380000,0.0380000,0.0400000,0.0390000,0.0390000,0.0390000,0.0350000,0.0340000,0.0300000,0.0270000,0.0290000,0.0300000,0.0290000,0.0290000,0.0290000,0.0290000,0.0290000,A,,,,
300,20260825,0.0300000,0.0290000,0.0290000,0.0290000,0.0290000,0.0290000,0.0290000,0.0290000,0.0290000,0.0290000,0.0290000,0.0310000,0.0350000,0.0350000,0.0340000,0.0340000,0.0350000,0.0340000,0.0330000,0.0340000,0.0340000,0.0320000,0.0280000,0.0290000,0.0300000,0.0310000,0.0300000,0.0300000,0.0290000,0.0290000,0.0290000,0.0290000,0.0300000,0.0300000,0.0280000,0.0260000,0.0290000,0.0300000,0.0290000,0.0300000,0.0290000,0.0300000,0.0300000,0.0290000,0.0330000,0.0350000,0.0340000,0.0350000,0.0350000,0.0340000,0.0350000,0.0340000,0.0340000,0.0340000,0.0290000,0.0290000,0.0280000,0.0290000,0.0290000,0.0290000,0.0290000,0.0290000,0.0290000,0.0280000,0.0300000,0.1420000,0.0300000,0.0330000,0.0320000,0.0310000,0.0300000,0.0320000,0.0760000,0.1240000,0.1230000,0.1180000,0.1200000,0.1200000,0.1260000,0.1270000,0.1990000,0.1350000,0.1310000,0.1340000,0.1340000,0.1340000,0.1590000,0.1720000,0.1780000,0.1840000,0.1890000,0.1950000,0.1980000,0.1680000,0.1980000,0.1700000,0.1480000,0.1280000,0.1210000,0.1200000,0.1200000,0.1200000,0.1210000,0.1200000,0.1190000,0.1190000,0.1210000,0.1230000,0.1220000,0.1300000,0.1840000,0.1640000,0.1530000,0.1880000,0.1980000,0.1740000,0.1750000,0.1780000,0.1790000,0.1780000,0.1290000,0.0840000,0.1120000,0.1890000,0.0860000,0.0860000,0.0870000,0.0840000,0.0750000,0.0760000,0.0750000,0.0820000,0.0830000,0.1560000,0.2000000,0.0800000,0.0820000,0.0850000,0.0890000,0.0890000,0.0890000,0.0890000,0.0850000,0.0800000,0.0790000,0.0850000,0.0830000,0.0930000,0.0810000,0.0780000,0.0770000,0.0730000,0.0520000,0.0420000,0.0380000,0.0330000,0.0300000,0.0300000,0.0300000,0.0300000,0.0300000,0.0300000,0.0300000,0.0290000,0.0280000,0.0260000,0.0270000,0.0260000,0.0280000,0.0310000,0.0330000,0.0320000,0.0320000,0.0310000,0.0320000,0.0350000,0.1200000,0.0370000,0.0380000,0.0700000,0.0970000,0.1060000,0.1120000,0.1110000,0.0880000,0.0800000,0.0820000,0.1030000,0.1230000,0.1230000,0.1250000,0.1290000,0.1340000,0.1480000,0.1470000,0.2690000,0.2260000,0.2200000,0.1570000,0.1420000,0.1430000,0.1430000,0.1420000,0.1390000,0.2140000,0.2070000,0.2060000,0.1690000,0.1540000,0.1500000,0.1440000,0.1450000,0.1470000,0.1490000,0.1360000,0.1330000,0.1350000,0.1340000,0.1340000,0.1330000,0.1360000,0.1370000,0.1370000,0.1360000,0.1390000,0.1380000,0.1330000,0.1350000,0.2980000,0.3040000,0.2860000,0.1350000,0.2140000,0.1280000,0.1270000,0.1270000,0.1270000,0.1250000,0.1260000,0.1270000,0.2330000,0.2110000,0.1450000,0.1480000,0.0340000,0.0340000,0.0360000,0.0380000,0.0530000,0.0590000,0.0590000,0.0510000,0.0550000,0.0590000,0.0580000,0.0580000,0.0620000,0.0620000,0.0520000,0.0550000,0.0450000,0.0460000,0.0450000,0.0490000,0.0490000,0.0490000,0.0470000,0.0470000,0.0440000,0.0470000,0.0360000,0.0340000,0.0350000,0.0340000,0.0350000,0.0340000,0.0340000,0.0310000,0.0300000,0.0290000,0.0290000,0.0290000,0.0280000,0.0340000,0.0340000,0.0350000,0.0340000,0.0340000,A,,,,
300,20260826,0.0350000,0.0340000,0.0330000,0.0340000,0.0330000,0.0330000,0.0290000,0.0280000,0.0280000,0.0280000,0.0280000,0.0280000,0.0280000,0.0280000,0.0280000,0.0280000,0.0280000,0.0280000,0.0260000,0.0250000,0.0270000,0.0280000,0.0280000,0.0290000,0.0290000,0.0300000,0.0300000,0.0300000,0.0280000,0.0280000,0.0310000,0.0340000,0.0330000,0.0340000,0.0330000,0.0340000,0.0330000,0.0340000,0.0340000,0.0340000,0.0330000,0.0300000,0.0280000,0.0270000,0.0260000,0.0260000,0.0270000,0.0250000,0.0270000,0.0260000,0.0260000,0.0260000,0.0250000,0.0260000,0.0260000,0.0250000,0.0260000,0.0220000,0.0240000,0.0260000,0.0250000,0.0260000,0.0260000,0.0250000,0.0250000,0.0300000,0.0310000,0.0300000,0.0310000,0.0310000,0.0300000,0.0310000,0.0770000,0.1780000,0.1560000,0.1220000,0.1220000,0.1500000,0.1260000,0.1250000,0.1270000,0.1270000,0.1210000,0.1220000,0.1240000,0.1400000,0.1510000,0.1270000,0.1260000,0.1250000,0.1270000,0.1260000,0.1280000,0.1220000,0.1270000,0.1290000,0.1300000,0.1310000,0.1310000,0.1330000,0.1290000,0.1300000,0.1290000,0.1490000,0.1290000,0.1260000,0.1290000,0.1240000,0.1240000,0.1200000,0.1190000,0.1200000,0.1190000,0.1200000,0.1200000,0.1190000,0.1200000,0.1230000,0.1210000,0.1210000,0.0730000,0.0290000,0.0290000,0.0280000,0.0300000,0.0290000,0.0280000,0.0290000,0.0290000,0.0290000,0.0290000,0.0300000,0.0350000,0.0350000,0.0350000,0.0380000,0.0350000,0.0340000,0.0630000,0.0570000,0.0350000,0.0350000,0.0360000,0.0360000,0.1170000,0.1020000,0.0360000,0.0340000,0.1390000,0.1320000,0.0370000,0.0310000,0.0320000,0.0320000,0.0330000,0.0320000,0.0320000,0.0310000,0.0300000,0.1430000,0.2070000,0.2060000,0.1050000,0.0330000,0.0590000,0.0630000,0.0390000,0.0490000,0.0500000,0.0510000,0.0510000,0.0530000,0.0440000,0.0380000,0.0430000,0.0460000,0.0460000,0.0460000,0.0410000,0.0390000,0.0350000,0.0350000,0.0350000,0.0340000,0.0340000,0.0290000,0.0290000,0.0290000,0.0300000,0.0290000,0.0200000,0.0230000,0.0690000,0.1170000,0.1150000,0.1140000,0.1140000,0.1150000,0.1140000,0.1140000,0.1150000,0.1150000,0.1150000,0.1140000,0.1140000,0.1150000,0.1150000,0.1150000,0.1210000,0.1250000,0.1240000,0.1250000,0.1260000,0.1280000,0.1910000,0.1910000,0.1550000,0.1260000,0.1250000,0.1290000,0.1310000,0.1330000,0.1380000,0.1370000,0.1340000,0.1330000,0.1400000,0.1420000,0.1420000,0.1430000,0.1350000,0.1250000,0.1250000,0.1230000,0.1240000,0.1240000,0.1210000,0.1240000,0.1350000,0.1380000,0.0900000,0.0450000,0.0500000,0.0490000,0.0520000,0.0510000,0.0500000,0.0560000,0.0560000,0.0550000,0.0480000,0.0450000,0.0420000,0.0410000,0.0380000,0.0360000,0.0370000,0.0360000,0.0390000,0.0380000,0.0340000,0.0310000,0.0310000,0.0320000,0.0310000,0.0260000,0.0260000,0.0280000,0.0290000,0.0290000,0.0280000,0.0290000,0.0290000,0.0280000,0.0290000,0.0280000,0.0290000,0.0280000,0.0290000,0.0280000,0.0280000,0.0280000,0.0280000,0.0300000,0.0350000,0.0330000,0.0340000,0.0330000,A,,,,
300,20260827,0.0340000,0.0340000,0.0330000,0.0330000,0.0320000,0.0330000,0.0330000,0.0280000,0.0280000,0.0290000,0.0280000,0.0290000,0.0280000,0.0290000,0.0280000,0.0290000,0.0280000,0.0280000,0.0290000,0.0280000,0.0290000,0.0280000,0.0290000,0.0290000,0.0300000,0.0300000,0.0300000,0.0310000,0.0280000,0.0260000,0.0280000,0.0320000,0.0350000,0.0340000,0.0340000,0.0340000,0.0340000,0.0340000,0.0330000,0.0340000,0.0340000,0.0320000,0.0290000,0.0290000,0.0280000,0.0290000,0.0280000,0.0290000,0.0280000,0.0290000,0.0280000,0.0270000,0.0250000,0.0280000,0.0280000,0.0280000,0.0290000,0.0270000,0.0290000,0.0290000,0.0270000,0.0270000,0.0300000,0.0260000,0.0260000,0.0260000,0.0270000,0.0330000,0.0320000,0.0310000,0.0320000,0.0310000,0.0780000,0.1240000,0.1230000,0.1230000,0.1210000,0.1180000,0.1180000,0.1190000,0.1190000,0.1190000,0.1220000,0.2440000,0.1270000,0.2060000,0.1780000,0.1260000,0.1640000,0.1290000,0.1650000,0.2980000,0.1540000,0.1310000,0.1330000,0.1310000,0.1310000,0.1350000,0.1300000,0.1320000,0.1290000,0.1270000,0.1360000,0.1320000,0.1320000,0.1350000,0.1330000,0.1370000,0.1330000,0.1370000,0.1360000,0.1370000,0.1450000,0.1470000,0.1250000,0.1230000,0.1240000,0.1240000,0.1350000,0.1460000,0.0960000,0.0530000,0.0530000,0.0530000,0.0390000,0.0360000,0.0380000,0.0370000,0.0370000,0.0370000,0.0370000,0.0370000,0.0370000,0.0370000,0.0360000,0.0400000,0.0480000,0.0750000,0.1520000,0.2690000,0.1250000,0.1300000,0.0910000,0.0910000,0.0940000,0.0920000,0.0930000,0.1200000,0.0860000,0.0880000,0.0890000,0.0830000,0.0930000,0.0800000,0.0820000,0.0810000,0.0790000,0.0800000,0.0800000,0.0810000,0.0800000,0.0800000,0.0810000,0.0810000,0.0800000,0.0810000,0.0800000,0.0800000,0.0790000,0.0800000,0.0940000,0.0900000,0.0900000,0.0890000,0.0910000,0.0880000,0.0850000,0.0850000,0.0850000,0.0850000,0.0860000,0.0860000,0.0830000,0.0800000,0.0800000,0.0760000,0.0750000,0.0760000,0.0770000,0.0830000,0.0860000,0.0860000,0.1350000,0.1790000,0.1790000,0.1740000,0.1700000,0.1720000,0.1740000,0.1730000,0.1740000,0.1730000,0.1740000,0.1750000,0.1750000,0.1760000,0.1750000,0.1780000,0.2640000,0.1850000,0.1920000,0.1460000,0.1440000,0.1840000,0.1460000,0.1940000,0.1390000,0.1330000,0.1320000,0.1320000,0.1300000,0.1270000,0.2400000,0.2270000,0.1620000,0.3020000,0.2990000,0.2440000,0.1310000,0.1300000,0.1270000,0.1250000,0.2170000,0.1260000,0.1250000,0.1240000,0.1280000,0.1300000,0.2740000,0.2180000,0.1670000,0.0360000,0.0350000,0.0340000,0.0380000,0.0400000,0.0400000,0.0410000,0.0430000,0.0550000,0.0940000,0.1090000,0.0880000,0.0880000,0.0880000,0.0870000,0.0830000,0.0820000,0.0790000,0.0760000,0.0780000,0.0760000,0.0780000,0.0780000,0.0620000,0.0590000,0.0650000,0.0720000,0.0730000,0.0690000,0.0620000,0.0610000,0.0720000,0.0740000,0.0710000,0.0630000,0.0640000,0.0710000,0.0740000,0.0780000,0.0700000,0.0690000,0.0750000,0.0790000,0.0800000,0.0730000,0.0710000,0.0710000,A,,,,
300,20260828,0.0760000,0.0780000,0.0740000,0.0740000,0.0730000,0.0740000,0.0710000,0.0720000,0.0700000,0.0710000,0.0720000,0.0710000,0.0370000,0.0370000,0.0440000,0.0470000,0.0450000,0.0460000,0.0450000,0.0460000,0.0310000,0.0290000,0.0290000,0.0290000,0.0300000,0.0360000,0.0360000,0.0350000,0.0340000,0.0330000,0.0340000,0.0330000,0.0340000,0.0350000,0.0340000,0.0310000,0.0300000,0.0250000,0.0240000,0.0270000,0.0260000,0.0270000,0.0270000,0.0270000,0.0260000,0.0260000,0.0270000,0.0260000,0.0270000,0.0260000,0.0270000,0.0260000,0.0260000,0.0260000,0.0270000,0.0260000,0.0260000,0.0260000,0.0300000,0.0320000,0.0320000,0.0310000,0.0330000,0.0330000,0.0330000,0.1720000,0.0320000,0.0350000,0.0270000,0.0280000,0.0260000,0.0270000,0.0760000,0.1200000,0.1190000,0.1190000,0.1190000,0.1200000,0.1200000,0.1250000,0.1990000,0.1250000,0.1260000,0.1250000,0.1280000,0.1270000,0.1260000,0.1260000,0.1260000,0.1280000,0.1330000,0.1280000,0.1240000,0.1280000,0.1270000,0.1280000,0.1270000,0.1270000,0.1260000,0.1270000,0.1300000,0.1250000,0.1230000,0.1250000,0.2000000,0.1270000,0.1270000,0.1270000,0.1290000,0.1300000,0.1300000,0.1310000,0.1320000,0.1290000,0.1300000,0.1310000,0.1320000,0.1350000,0.1490000,0.1470000,0.0900000,0.2070000,0.1860000,0.0380000,0.0410000,0.0430000,0.0430000,0.0430000,0.0410000,0.0360000,0.0390000,0.0440000,0.0400000,0.0410000,0.0460000,0.0440000,0.0390000,0.0710000,0.0390000,0.0370000,0.0390000,0.0350000,0.0290000,0.0330000,0.0300000,0.0350000,0.0370000,0.0260000,0.0260000,0.0250000,0.0260000,0.0250000,0.0260000,0.0250000,0.0260000,0.0260000,0.0250000,0.0310000,0.0320000,0.0310000,0.0310000,0.0300000,0.0310000,0.0310000,0.0310000,0.0310000,0.0310000,0.0310000,0.0310000,0.0310000,0.0260000,0.0250000,0.0260000,0.0220000,0.0240000,0.0270000,0.0270000,0.0270000,0.0280000,0.0270000,0.0270000,0.0270000,0.0270000,0.0270000,0.0270000,0.0280000,0.0290000,0.0320000,0.0280000,0.0290000,0.0280000,0.0300000,0.0850000,0.1270000,0.1260000,0.1250000,0.1280000,0.1260000,0.1230000,0.1250000,0.1240000,0.1240000,0.1300000,0.1310000,0.1290000,0.1260000,0.1250000,0.1260000,0.1290000,0.1250000,0.1270000,0.1260000,0.1270000,0.1260000,0.2180000,0.1290000,0.1300000,0.1830000,0.1770000,0.1320000,0.1330000,0.1320000,0.1360000,0.1380000,0.1390000,0.1410000,0.1420000,0.1640000,0.1880000,0.2010000,0.3160000,0.3190000,0.1970000,0.1970000,0.1960000,0.1860000,0.1920000,0.1910000,0.1770000,0.1730000,0.1220000,0.0810000,0.0860000,0.0900000,0.1050000,0.0740000,0.0730000,0.0760000,0.0960000,0.0510000,0.0440000,0.0430000,0.0380000,0.0330000,0.0340000,0.0340000,0.0360000,0.0350000,0.0350000,0.0340000,0.0330000,0.0350000,0.0300000,0.0320000,0.0370000,0.0350000,0.0340000,0.0360000,0.0370000,0.0360000,0.0360000,0.0360000,0.0350000,0.0360000,0.0360000,0.0330000,0.0310000,0.0310000,0.0340000,0.0450000,0.0450000,0.0460000,0.0450000,0.0450000,0.0440000,0.0270000,0.0300000,0.0290000,A,,,,
300,20260829,0.0300000,0.0300000,0.0290000,0.0290000,0.0290000,0.0280000,0.0290000,0.0290000,0.0300000,0.0320000,0.0300000,0.0250000,0.0260000,0.0320000,0.0340000,0.0330000,0.0330000,0.0330000,0.0330000,0.0330000,0.0330000,0.0320000,0.0330000,0.0320000,0.0310000,0.0300000,0.0310000,0.0300000,0.0270000,0.0280000,0.0280000,0.0280000,0.0280000,0.0280000,0.0260000,0.0260000,0.0280000,0.0280000,0.0290000,0.0290000,0.0290000,0.0290000,0.0290000,0.0300000,0.0280000,0.0290000,0.0290000,0.0280000,0.0290000,0.0290000,0.0290000,0.0300000,0.0340000,0.0350000,0.0340000,0.0330000,0.0340000,0.0330000,0.0320000,0.0300000,0.0330000,0.0330000,0.0280000,0.0290000,0.0280000,0.0280000,0.0280000,0.0270000,0.0280000,0.0280000,0.0310000,0.0310000,0.0880000,0.1310000,0.1270000,0.1260000,0.1250000,0.2000000,0.1350000,0.1150000,0.1440000,0.1520000,0.1160000,0.1400000,0.1220000,0.2060000,0.2240000,0.1880000,0.1270000,0.1310000,0.2690000,0.2280000,0.1420000,0.1400000,0.1420000,0.1450000,0.1380000,0.2480000,0.2010000,0.1760000,0.1280000,0.2520000,0.3040000,0.3040000,0.2330000,0.1280000,0.1250000,0.1260000,0.1270000,0.1260000,0.1270000,0.1270000,0.1260000,0.1270000,0.1280000,0.1260000,0.1240000,0.1260000,0.1270000,0.1260000,0.0750000,0.0360000,0.0350000,0.0370000,0.0420000,0.0430000,0.0420000,0.0400000,0.0400000,0.0420000,0.0370000,0.0380000,0.0380000,0.0360000,0.0380000,0.0290000,0.0280000,0.0270000,0.0270000,0.0940000,0.0290000,0.0300000,0.0290000,0.0300000,0.0290000,0.0300000,0.0310000,0.0310000,0.0320000,0.0320000,0.0320000,0.0280000,0.0290000,0.0290000,0.0280000,0.0270000,0.0270000,0.0260000,0.0340000,0.0300000,0.0290000,0.0300000,0.0290000,0.0290000,0.0290000,0.0290000,0.0290000,0.0290000,0.0290000,0.0330000,0.0310000,0.0260000,0.0260000,0.0250000,0.0260000,0.0260000,0.0250000,0.0260000,0.0260000,0.0260000,0.0250000,0.0260000,0.0270000,0.0260000,0.0270000,0.0270000,0.0260000,0.0270000,0.0270000,0.0270000,0.0420000,0.0490000,0.0950000,0.1360000,0.1360000,0.1350000,0.1350000,0.1340000,0.1350000,0.1340000,0.1340000,0.1340000,0.1340000,0.1320000,0.1290000,0.1290000,0.1300000,0.1290000,0.1300000,0.1300000,0.1300000,0.1310000,0.1310000,0.1360000,0.1370000,0.1370000,0.1380000,0.1380000,0.1380000,0.1380000,0.1390000,0.1380000,0.1450000,0.1450000,0.1460000,0.1450000,0.1460000,0.1380000,0.1380000,0.1370000,0.1370000,0.1370000,0.1380000,0.1390000,0.1440000,0.1470000,0.1460000,0.1470000,0.1400000,0.1400000,0.0920000,0.0500000,0.0480000,0.0480000,0.0620000,0.0630000,0.0620000,0.0640000,0.0640000,0.0550000,0.0460000,0.0470000,0.0470000,0.0480000,0.0470000,0.0470000,0.0470000,0.0430000,0.0310000,0.0310000,0.0300000,0.0370000,0.0370000,0.0360000,0.0360000,0.0360000,0.0370000,0.0320000,0.0300000,0.0330000,0.0330000,0.0290000,0.0280000,0.0270000,0.0270000,0.0270000,0.0280000,0.0270000,0.0270000,0.0270000,0.0280000,0.0270000,0.0270000,0.0280000,0.0270000,0.0280000,0.0270000,0.0270000,A,,,,
300,20260830,0.0270000,0.0270000,0.0280000,0.0270000,0.0270000,0.0270000,0.0270000,0.0290000,0.0330000,0.0320000,0.0320000,0.0320000,0.0320000,0.0290000,0.0300000,0.0310000,0.0320000,0.0320000,0.0280000,0.0270000,0.0270000,0.0280000,0.0270000,0.0270000,0.0290000,0.0290000,0.0280000,0.0290000,0.0270000,0.0270000,0.0280000,0.0270000,0.0270000,0.0270000,0.0270000,0.0260000,0.0280000,0.0240000,0.0250000,0.0270000,0.0270000,0.0280000,0.0330000,0.0330000,0.0330000,0.0320000,0.0330000,0.0320000,0.0320000,0.0310000,0.0330000,0.0290000,0.0270000,0.0270000,0.0270000,0.0270000,0.0270000,0.0240000,0.0250000,0.0270000,0.0260000,0.0270000,0.0280000,0.0270000,0.0270000,0.0330000,0.0280000,0.0280000,0.0280000,0.0280000,0.0280000,0.0280000,0.0790000,0.1220000,0.1220000,0.1210000,0.1210000,0.1950000,0.1660000,0.2330000,0.1380000,0.1640000,0.1360000,0.1290000,0.1300000,0.1300000,0.1280000,0.1250000,0.1250000,0.1240000,0.1250000,0.1230000,0.1550000,0.1660000,0.1310000,0.1320000,0.1310000,0.1690000,0.2040000,0.1260000,0.1250000,0.1250000,0.1250000,0.1250000,0.1250000,0.1240000,0.1220000,0.1210000,0.1410000,0.2390000,0.3450000,0.3850000,0.3950000,0.2130000,0.1830000,0.2000000,0.1930000,0.1880000,0.1810000,0.1810000,0.1250000,0.0880000,0.0860000,0.0920000,0.0850000,0.0910000,0.0870000,0.0850000,0.0790000,0.0800000,0.0800000,0.0810000,0.0850000,0.0810000,0.0810000,0.0810000,0.0820000,0.0870000,0.0870000,0.0870000,0.0880000,0.0880000,0.0820000,0.0870000,0.0860000,0.0930000,0.0880000,0.0860000,0.0860000,0.0860000,0.0870000,0.0880000,0.0870000,0.0880000,0.0880000,0.0840000,0.0820000,0.0820000,0.1250000,0.2220000,0.2650000,0.1680000,0.1650000,0.1650000,0.2120000,0.2420000,0.1860000,0.1760000,0.1800000,0.1890000,0.1950000,0.1770000,0.1750000,0.1760000,0.1520000,0.1260000,0.1300000,0.1330000,0.1330000,0.1330000,0.1320000,0.1330000,0.1330000,0.1360000,0.1300000,0.1330000,0.1320000,0.1320000,0.1330000,0.1300000,0.1270000,0.1290000,0.1270000,0.1270000,0.1310000,0.1400000,0.1400000,0.1390000,0.1400000,0.1400000,0.1330000,0.1230000,0.1230000,0.1230000,0.1220000,0.1230000,0.1230000,0.1220000,0.1210000,0.1230000,0.1240000,0.1290000,0.1330000,0.1340000,0.1330000,0.1300000,0.1300000,0.1310000,0.1320000,0.1310000,0.1320000,0.1390000,0.1380000,0.1310000,0.2400000,0.3010000,0.3020000,0.1810000,0.2080000,0.3490000,0.3080000,0.2270000,0.1280000,0.1290000,0.1280000,0.1280000,0.1310000,0.1270000,0.1370000,0.1250000,0.0790000,0.1090000,0.2360000,0.2180000,0.0740000,0.0400000,0.0380000,0.0370000,0.0360000,0.0370000,0.0360000,0.0360000,0.0350000,0.0340000,0.0340000,0.0340000,0.0320000,0.0280000,0.0290000,0.0300000,0.0290000,0.0290000,0.0280000,0.0300000,0.0290000,0.0290000,0.0300000,0.0290000,0.0290000,0.0280000,0.0280000,0.0250000,0.0280000,0.0280000,0.0280000,0.0280000,0.0280000,0.0280000,0.0280000,0.0280000,0.0330000,0.0340000,0.0330000,0.0340000,0.0330000,0.0330000,0.0320000,0.0330000,A,,,,
300,20260831,0.0330000,0.0320000,0.0280000,0.0270000,0.0280000,0.0270000,0.0280000,0.0270000,0.0280000,0.0270000,0.0260000,0.0260000,0.0280000,0.0280000,0.0280000,0.0290000,0.0280000,0.0280000,0.0280000,0.0280000,0.0280000,0.0270000,0.0280000,0.0280000,0.0290000,0.0300000,0.0350000,0.0350000,0.0340000,0.0340000,0.0330000,0.0340000,0.0330000,0.0330000,0.0300000,0.0290000,0.0280000,0.0280000,0.0280000,0.0290000,0.0280000,0.0290000,0.0300000,0.0280000,0.0280000,0.0280000,0.0280000,0.0280000,0.0280000,0.0290000,0.0280000,0.0280000,0.0280000,0.0290000,0.0260000,0.0250000,0.0280000,0.0270000,0.0280000,0.0280000,0.0330000,0.0340000,0.0330000,0.0340000,0.0330000,0.0330000,0.0320000,0.0330000,0.0330000,0.0300000,0.0280000,0.0280000,0.0800000,0.1210000,0.1940000,0.1230000,0.1520000,0.2620000,0.1880000,0.1260000,0.1630000,0.1260000,0.1670000,0.1360000,0.1230000,0.1220000,0.1220000,0.1250000,0.1180000,0.1190000,0.1180000,0.1190000,0.1180000,0.1140000,0.1200000,0.1220000,0.1230000,0.1220000,0.1210000,0.1260000,0.1220000,0.1230000,0.1220000,0.1180000,0.1180000,0.1170000,0.1170000,0.1170000,0.1180000,0.1170000,0.1180000,0.1220000,0.1190000,0.1220000,0.1180000,0.1200000,0.1220000,0.1200000,0.1220000,0.2020000,0.1080000,0.0480000,0.0280000,0.0290000,0.0280000,0.0330000,0.0340000,0.0340000,0.0340000,0.0340000,0.0330000,0.0340000,0.0350000,0.0350000,0.0350000,0.0330000,0.0300000,0.0300000,0.0300000,0.0300000,0.0300000,0.0300000,0.0290000,0.0300000,0.0300000,0.0290000,0.0300000,0.0300000,0.0290000,0.0300000,0.0290000,0.0290000,0.0280000,0.0280000,0.0280000,0.0290000,0.0310000,0.0340000,0.0350000,0.0350000,0.0340000,0.0350000,0.0340000,0.0340000,0.0330000,0.0340000,0.0350000,0.0350000,0.0320000,0.0310000,0.0270000,0.0270000,0.0280000,0.0280000,0.0330000,0.0340000,0.0330000,0.0340000,0.0290000,0.0290000,0.0290000,0.0280000,0.0290000,0.0850000,0.0400000,0.0340000,0.0340000,0.0340000,0.0330000,0.0420000,0.0540000,0.0540000,0.1060000,0.1460000,0.1450000,0.1330000,0.1300000,0.1300000,0.1320000,0.1290000,0.1290000,0.1250000,0.1240000,0.1240000,0.1220000,0.1230000,0.1240000,0.1250000,0.1270000,0.1230000,0.1240000,0.1600000,0.1660000,0.1830000,0.1620000,0.1250000,0.1260000,0.1270000,0.1280000,0.1360000,0.1340000,0.1280000,0.1260000,0.1310000,0.1330000,0.1340000,0.1380000,0.1320000,0.1320000,0.1340000,0.1250000,0.1230000,0.1230000,0.1220000,0.1180000,0.1170000,0.1180000,0.1170000,0.1180000,0.1200000,0.0710000,0.0860000,0.1690000,0.0890000,0.0800000,0.0390000,0.0780000,0.1870000,0.0430000,0.0430000,0.0420000,0.0420000,0.0460000,0.0380000,0.0410000,0.0410000,0.0420000,0.0500000,0.0440000,0.0500000,0.0460000,0.0450000,0.0500000,0.0490000,0.0540000,0.0490000,0.0630000,0.0560000,0.0280000,0.0260000,0.0260000,0.0260000,0.0270000,0.0260000,0.0270000,0.0270000,0.0260000,0.0260000,0.0260000,0.0260000,0.0260000,0.0270000,0.0260000,0.0270000,0.0250000,0.0250000,0.0250000,0.0260000,A,,,,
300,20260901,0.0260000,0.0260000,0.0290000,0.0300000,0.0310000,0.0310000,0.0310000,0.0310000,0.0310000,0.0300000,0.0300000,0.0310000,0.0260000,0.0250000,0.0250000,0.0260000,0.0260000,0.0270000,0.0270000,0.0270000,0.0270000,0.0270000,0.0270000,0.0270000,0.0290000,0.0280000,0.0290000,0.0260000,0.0240000,0.0270000,0.0270000,0.0270000,0.0280000,0.0270000,0.0270000,0.0270000,0.0330000,0.0330000,0.0320000,0.0330000,0.0340000,0.0330000,0.0340000,0.0350000,0.0340000,0.0310000,0.0270000,0.0270000,0.0250000,0.0260000,0.0280000,0.0280000,0.0270000,0.0270000,0.0270000,0.0270000,0.0280000,0.0270000,0.0260000,0.0270000,0.0270000,0.0280000,0.0270000,0.0280000,0.0290000,0.0920000,0.0540000,0.0320000,0.0290000,0.0320000,0.0330000,0.0320000,0.0860000,0.1250000,0.1250000,0.1240000,0.1250000,0.1220000,0.1180000,0.1190000,0.1770000,0.1250000,0.1290000,0.1200000,0.1210000,0.1200000,0.1210000,0.1540000,0.1270000,0.1210000,0.1210000,0.1200000,0.1320000,0.1200000,0.1170000,0.1200000,0.1220000,0.1230000,0.1220000,0.1210000,0.1220000,0.1210000,0.1220000,0.1210000,0.1210000,0.1150000,0.1180000,0.1170000,0.1190000,0.1210000,0.1230000,0.1230000,0.1250000,0.1240000,0.1230000,0.1240000,0.1240000,0.1230000,0.1240000,0.1300000,0.0740000,0.0400000,0.0400000,0.0350000,0.0340000,0.0330000,0.0320000,0.0320000,0.0320000,0.0290000,0.0270000,0.0770000,0.0280000,0.0270000,0.0280000,0.0280000,0.0270000,0.0280000,0.0290000,0.0280000,0.0290000,0.0280000,0.0280000,0.0310000,0.0350000,0.0340000,0.0340000,0.0340000,0.0330000,0.0340000,0.0350000,0.0340000,0.0340000,0.0340000,0.0350000,0.0340000,0.0290000,0.0310000,0.0300000,0.0290000,0.0340000,0.0440000,0.0450000,0.0440000,0.0440000,0.0450000,0.0410000,0.1340000,0.1100000,0.1050000,0.1150000,0.1070000,0.0950000,0.0850000,0.0850000,0.0860000,0.0850000,0.0860000,0.0870000,0.0870000,0.0870000,0.0880000,0.0890000,0.0880000,0.0860000,0.0840000,0.0850000,0.0940000,0.0840000,0.0820000,0.0880000,0.0870000,0.1440000,0.1830000,0.1780000,0.1750000,0.1760000,0.1710000,0.1280000,0.1280000,0.1270000,0.1280000,0.1320000,0.1340000,0.1500000,0.2210000,0.1720000,0.1290000,0.1310000,0.1490000,0.2950000,0.1850000,0.1390000,0.1400000,0.1370000,0.1350000,0.1330000,0.1350000,0.1370000,0.1360000,0.1350000,0.1330000,0.1330000,0.1280000,0.1440000,0.1260000,0.1290000,0.1340000,0.2020000,0.1530000,0.1340000,0.1360000,0.1350000,0.1410000,0.1430000,0.1480000,0.2990000,0.2960000,0.1930000,0.1920000,0.1310000,0.0910000,0.0950000,0.0910000,0.0870000,0.0870000,0.0810000,0.0780000,0.0820000,0.0880000,0.0960000,0.0840000,0.0750000,0.0790000,0.0850000,0.0870000,0.0810000,0.0750000,0.0770000,0.0790000,0.0770000,0.0690000,0.0670000,0.0710000,0.0770000,0.0830000,0.0720000,0.0700000,0.0760000,0.0800000,0.0800000,0.0800000,0.0760000,0.0740000,0.0720000,0.0660000,0.0300000,0.0300000,0.0300000,0.0310000,0.0300000,0.0310000,0.0290000,0.0300000,0.0290000,0.0280000,0.0290000,0.0290000,A,,,,
300,20260902,0.0300000,0.0290000,0.0290000,0.0300000,0.0290000,0.0290000,0.0290000,0.0290000,0.0290000,0.0340000,0.0350000,0.0320000,0.0320000,0.0340000,0.0340000,0.0340000,0.0340000,0.0340000,0.0320000,0.0280000,0.0290000,0.0290000,0.0290000,0.0290000,0.0310000,0.0310000,0.0310000,0.0310000,0.0290000,0.0300000,0.0290000,0.0290000,0.0270000,0.0260000,0.0290000,0.0290000,0.0300000,0.0300000,0.0300000,0.0300000,0.0290000,0.0330000,0.0360000,0.0350000,0.0340000,0.0350000,0.0340000,0.0340000,0.0350000,0.0320000,0.0290000,0.0290000,0.0290000,0.0290000,0.0290000,0.0290000,0.0290000,0.0280000,0.0290000,0.0290000,0.0290000,0.0280000,0.0290000,0.0300000,0.0280000,0.0290000,0.0290000,0.0260000,0.0270000,0.0290000,0.0300000,0.0320000,0.0840000,0.2460000,0.1240000,0.1300000,0.1300000,0.1310000,0.1290000,0.1310000,0.1330000,0.1360000,0.1310000,0.1290000,0.1310000,0.1260000,0.1230000,0.2960000,0.2980000,0.2670000,0.1790000,0.2190000,0.1750000,0.1300000,0.1380000,0.1480000,0.1220000,0.1510000,0.1480000,0.1320000,0.2840000,0.2350000,0.2330000,0.2180000,0.1410000,0.1390000,0.1530000,0.1230000,0.1460000,0.1350000,0.1370000,0.1490000,0.1230000,0.1470000,0.1330000,0.1430000,0.1440000,0.1220000,0.1530000,0.1210000,0.0940000,0.0260000,0.0600000,0.0270000,0.0590000,0.0290000,0.0580000,0.0290000,0.0480000,0.0370000,0.0440000,0.0470000,0.0280000,0.0640000,0.0340000,0.0590000,0.0310000,0.0570000,0.0340000,0.0540000,0.0400000,0.0620000,0.0410000,0.0580000,0.0440000,0.0640000,0.0590000,0.0410000,0.0660000,0.0410000,0.0680000,0.0390000,0.0730000,0.0360000,0.0540000,0.0460000,0.0460000,0.0540000,0.0600000,0.0690000,0.0530000,0.0740000,0.0530000,0.0720000,0.0390000,0.0660000,0.0400000,0.0680000,0.0400000,0.0550000,0.0420000,0.0390000,0.0640000,0.0330000,0.0500000,0.0540000,0.0410000,0.0690000,0.0380000,0.0630000,0.0390000,0.0610000,0.0490000,0.0470000,0.0620000,0.0490000,0.0800000,0.0480000,0.1520000,0.2520000,0.2410000,0.2510000,0.3030000,0.3720000,0.3160000,0.4880000,0.3780000,0.3640000,0.2250000,0.2540000,0.2120000,0.2290000,0.2100000,0.2410000,0.1870000,0.1590000,0.1510000,0.1360000,0.1510000,0.1320000,0.1480000,0.1280000,0.1550000,0.1330000,0.1700000,0.1330000,0.1610000,0.1320000,0.1630000,0.1320000,0.1600000,0.1270000,0.1590000,0.1270000,0.1540000,0.1290000,0.1690000,0.1330000,0.1570000,0.1220000,0.1510000,0.1230000,0.1500000,0.1330000,0.1430000,0.1410000,0.1370000,0.1590000,0.1390000,0.1660000,0.0800000,0.0650000,0.0370000,0.0700000,0.1190000,0.2410000,0.2430000,0.1140000,0.0740000,0.0450000,0.0890000,0.0480000,0.0710000,0.0470000,0.0670000,0.0400000,0.0760000,0.0630000,0.2220000,0.1590000,0.1070000,0.0580000,0.0370000,0.0610000,0.0310000,0.0690000,0.0400000,0.0320000,0.0540000,0.0500000,0.0350000,0.0490000,0.0380000,0.0430000,0.0530000,0.0280000,0.0560000,0.0460000,0.0560000,0.0510000,0.0510000,0.0510000,0.0430000,0.0610000,0.0350000,0.0600000,0.0510000,0.0350000,A,,,,
300,20260903,0.0560000,0.0330000,0.0520000,0.0550000,0.0270000,0.0520000,0.0370000,0.0430000,0.0550000,0.0280000,0.0560000,0.0300000,0.0540000,0.0520000,0.0300000,0.0570000,0.0290000,0.0550000,0.0520000,0.0340000,0.0560000,0.0340000,0.0550000,0.0570000,0.0420000,0.0630000,0.0370000,0.0610000,0.0610000,0.0350000,0.0620000,0.0450000,0.0560000,0.0410000,0.0550000,0.0420000,0.0420000,0.0580000,0.0360000,0.0540000,0.0300000,0.0570000,0.0340000,0.0590000,0.0380000,0.0450000,0.0580000,0.0400000,0.0540000,0.0280000,0.0560000,0.0420000,0.0430000,0.0570000,0.0290000,0.0590000,0.0440000,0.0480000,0.0630000,0.0330000,0.0640000,0.0510000,0.0480000,0.0620000,0.0320000,0.0580000,0.0360000,0.0570000,0.0380000,0.0400000,0.0620000,0.0280000,0.1170000,0.1280000,0.1180000,0.1190000,0.1180000,0.1190000,0.1180000,0.1350000,0.1980000,0.1250000,0.1500000,0.1630000,0.1800000,0.1900000,0.2200000,0.2750000,0.2010000,0.1900000,0.2020000,0.1740000,0.1760000,0.2010000,0.1760000,0.1730000,0.1760000,0.1940000,0.1770000,0.1680000,0.1680000,0.1790000,0.1780000,0.1660000,0.1660000,0.1670000,0.1680000,0.1720000,0.1860000,0.1820000,0.1820000,0.1900000,0.2010000,0.1810000,0.1970000,0.1830000,0.1650000,0.1770000,0.1850000,0.1650000,0.1110000,0.0290000,0.0350000,0.0350000,0.0340000,0.0340000,0.0340000,0.0350000,0.0340000,0.0340000,0.0270000,0.0270000,0.0250000,0.0280000,0.0240000,0.0230000,0.0230000,0.0230000,0.0230000,0.0240000,0.0230000,0.0230000,0.0230000,0.0240000,0.0230000,0.0240000,0.0240000,0.0230000,0.0240000,0.0240000,0.0230000,0.0240000,0.0240000,0.0280000,0.0310000,0.0300000,0.0310000,0.0290000,0.0290000,0.0300000,0.0310000,0.0300000,0.0280000,0.0300000,0.1570000,0.0280000,0.0280000,0.0270000,0.0280000,0.0270000,0.0280000,0.0270000,0.0270000,0.0290000,0.1570000,0.1210000,0.0350000,0.0360000,0.0360000,0.0360000,0.0380000,0.0380000,0.0360000,0.0340000,0.0340000,0.0410000,0.0920000,0.0340000,0.0780000,0.0400000,0.0420000,0.0410000,0.0990000,0.1330000,0.1300000,0.1240000,0.1260000,0.1260000,0.1250000,0.1210000,0.1200000,0.1470000,0.1730000,0.1860000,0.2050000,0.1890000,0.1920000,0.1800000,0.1740000,0.1740000,0.1810000,0.1260000,0.1300000,0.1200000,0.1190000,0.1240000,0.1220000,0.1260000,0.1300000,0.1340000,0.1350000,0.1340000,0.1360000,0.1400000,0.1380000,0.1390000,0.1380000,0.1420000,0.1440000,0.1430000,0.1380000,0.1270000,0.1280000,0.1280000,0.1270000,0.1270000,0.1270000,0.1270000,0.1290000,0.1280000,0.0710000,0.0470000,0.0430000,0.0430000,0.0460000,0.0450000,0.0450000,0.0440000,0.0440000,0.0440000,0.0480000,0.0510000,0.0500000,0.0470000,0.0450000,0.0470000,0.0480000,0.0480000,0.0440000,0.0410000,0.0390000,0.0380000,0.0340000,0.0290000,0.0290000,0.0270000,0.0290000,0.0280000,0.0300000,0.0280000,0.0270000,0.0270000,0.0270000,0.0270000,0.0270000,0.0260000,0.0270000,0.0260000,0.0270000,0.0260000,0.0270000,0.0240000,0.0270000,0.0330000,0.0310000,0.0320000,0.0310000,0.0320000,A,,,,
300,20260904,0.0310000,0.0320000,0.0320000,0.0270000,0.0270000,0.0260000,0.0270000,0.0270000,0.0280000,0.0260000,0.0270000,0.0260000,0.0270000,0.0260000,0.0230000,0.0250000,0.0260000,0.0260000,0.0260000,0.0260000,0.0260000,0.0260000,0.0260000,0.0260000,0.0280000,0.0280000,0.0290000,0.0340000,0.0330000,0.0330000,0.0320000,0.0320000,0.0330000,0.0310000,0.0310000,0.0260000,0.0260000,0.0260000,0.0270000,0.0270000,0.0270000,0.0260000,0.0270000,0.0280000,0.0270000,0.0270000,0.0270000,0.0270000,0.0270000,0.0270000,0.0270000,0.0260000,0.0240000,0.0260000,0.0260000,0.0260000,0.0270000,0.0260000,0.0270000,0.0310000,0.0320000,0.0320000,0.0320000,0.0900000,0.1290000,0.0320000,0.0310000,0.0320000,0.0250000,0.0260000,0.0250000,0.0250000,0.0830000,0.1730000,0.1190000,0.1200000,0.1200000,0.1200000,0.1210000,0.1190000,0.1200000,0.1470000,0.1240000,0.1240000,0.1250000,0.1240000,0.1260000,0.1250000,0.1240000,0.1250000,0.1220000,0.1280000,0.1310000,0.1630000,0.1600000,0.1220000,0.1220000,0.1200000,0.1210000,0.1180000,0.1160000,0.1150000,0.1160000,0.1150000,0.1170000,0.1180000,0.1200000,0.1190000,0.1170000,0.1190000,0.1210000,0.1220000,0.1200000,0.1200000,0.1210000,0.1220000,0.1200000,0.1190000,0.1190000,0.1200000,0.0620000,0.0280000,0.0370000,0.0360000,0.0330000,0.0340000,0.0340000,0.0330000,0.0320000,0.0320000,0.0380000,0.0390000,0.0330000,0.0320000,0.0260000,0.0240000,0.0270000,0.0250000,0.0260000,0.0260000,0.0260000,0.0260000,0.0250000,0.0680000,0.1200000,0.0310000,0.0320000,0.0320000,0.0310000,0.0600000,0.0320000,0.0350000,0.0380000,0.0380000,0.0410000,0.0390000,0.0410000,0.0400000,0.0370000,0.0390000,0.0390000,0.0380000,0.0360000,0.0340000,0.0310000,0.0250000,0.0260000,0.0250000,0.0260000,0.0230000,0.0230000,0.0250000,0.0260000,0.0250000,0.0260000,0.1320000,0.0840000,0.0290000,0.0300000,0.0280000,0.0290000,0.0290000,0.0320000,0.0310000,0.0350000,0.0320000,0.0310000,0.0320000,0.0310000,0.0320000,0.0320000,0.0320000,0.0890000,0.1210000,0.1200000,0.1180000,0.1200000,0.1200000,0.1210000,0.1220000,0.1240000,0.1260000,0.1270000,0.1270000,0.1260000,0.1270000,0.1280000,0.1320000,0.1420000,0.1440000,0.1500000,0.1490000,0.2420000,0.1980000,0.2160000,0.2460000,0.1460000,0.1450000,0.1460000,0.1460000,0.1460000,0.1410000,0.1390000,0.1380000,0.1340000,0.1310000,0.1780000,0.1720000,0.1350000,0.1420000,0.1400000,0.1370000,0.2010000,0.3040000,0.3030000,0.1800000,0.1280000,0.1280000,0.1280000,0.1290000,0.0710000,0.0360000,0.0340000,0.0370000,0.0410000,0.0790000,0.1890000,0.1820000,0.0960000,0.0440000,0.0460000,0.0440000,0.0400000,0.0360000,0.0350000,0.0370000,0.0380000,0.0380000,0.0390000,0.0410000,0.0420000,0.0430000,0.0370000,0.0360000,0.0400000,0.0420000,0.0420000,0.0410000,0.0410000,0.0420000,0.0410000,0.0390000,0.0380000,0.0370000,0.0370000,0.0370000,0.0420000,0.0450000,0.0460000,0.0450000,0.0390000,0.0440000,0.1060000,0.0680000,0.0380000,0.0370000,0.0360000,0.0570000,A,,,,
300,20260905,0.1920000,0.0360000,0.0350000,0.0340000,0.0360000,0.0350000,0.0340000,0.0370000,0.0350000,0.0340000,0.0350000,0.0330000,0.0370000,0.0340000,0.0320000,0.0380000,0.0350000,0.0380000,0.0330000,0.0500000,0.0750000,0.0390000,0.0330000,0.0330000,0.0340000,0.0330000,0.0340000,0.0340000,0.0300000,0.0270000,0.0280000,0.0270000,0.0280000,0.0280000,0.0280000,0.0280000,0.0280000,0.0290000,0.0280000,0.0280000,0.0290000,0.0290000,0.0290000,0.0300000,0.0290000,0.0290000,0.0280000,0.0260000,0.0280000,0.0280000,0.0330000,0.0340000,0.0330000,0.0330000,0.0340000,0.0320000,0.0330000,0.0330000,0.0310000,0.0270000,0.0280000,0.0280000,0.0280000,0.0280000,0.0270000,0.0280000,0.0270000,0.0280000,0.0280000,0.0270000,0.0270000,0.0280000,0.0840000,0.1210000,0.1190000,0.1200000,0.1200000,0.2020000,0.1250000,0.1220000,0.1230000,0.1260000,0.1300000,0.2010000,0.1430000,0.1350000,0.1360000,0.1340000,0.1640000,0.1270000,0.1220000,0.1220000,0.1220000,0.1220000,0.1240000,0.1330000,0.1300000,0.1630000,0.2980000,0.2120000,0.2070000,0.1520000,0.1420000,0.1420000,0.1950000,0.1410000,0.1390000,0.1380000,0.1370000,0.1370000,0.1360000,0.1410000,0.1430000,0.1410000,0.1420000,0.1420000,0.1410000,0.1410000,0.1420000,0.1430000,0.0800000,0.0440000,0.0450000,0.0450000,0.0440000,0.0440000,0.0440000,0.0440000,0.0440000,0.0450000,0.0530000,0.0620000,0.0610000,0.0590000,0.0620000,0.0620000,0.0540000,0.0450000,0.0460000,0.0500000,0.0530000,0.1460000,0.2650000,0.1040000,0.0580000,0.0610000,0.0620000,0.0610000,0.0600000,0.0600000,0.0550000,0.0510000,0.0510000,0.0500000,0.0500000,0.0580000,0.0480000,0.0500000,0.0520000,0.0510000,0.0520000,0.0490000,0.0460000,0.0460000,0.0450000,0.0490000,0.1350000,0.0770000,0.0540000,0.0520000,0.0520000,0.0510000,0.0510000,0.1080000,0.1050000,0.0800000,0.2260000,0.3590000,0.2410000,0.1570000,0.1530000,0.1490000,0.1510000,0.1200000,0.0520000,0.0480000,0.0500000,0.0540000,0.0560000,0.2250000,0.1580000,0.1460000,0.1120000,0.1440000,0.1460000,0.1740000,0.1460000,0.1400000,0.1470000,0.1470000,0.1480000,0.1480000,0.1480000,0.1470000,0.1430000,0.1400000,0.1420000,0.1430000,0.1400000,0.1410000,0.1410000,0.1420000,0.1370000,0.1360000,0.1360000,0.1370000,0.1360000,0.1370000,0.1360000,0.1350000,0.1360000,0.1350000,0.1360000,0.1390000,0.1310000,0.1290000,0.1270000,0.1310000,0.1320000,0.1320000,0.1300000,0.1390000,0.1450000,0.1450000,0.1550000,0.3090000,0.1500000,0.1380000,0.1370000,0.1370000,0.0790000,0.0470000,0.0420000,0.0400000,0.0840000,0.0430000,0.0940000,0.0450000,0.0450000,0.0460000,0.0430000,0.0430000,0.0460000,0.0550000,0.0500000,0.0560000,0.0620000,0.0560000,0.0610000,0.1890000,0.2370000,0.2190000,0.0590000,0.0650000,0.0600000,0.0670000,0.0620000,0.0510000,0.0480000,0.0560000,0.0680000,0.0440000,0.1330000,0.1350000,0.2080000,0.0350000,0.0300000,0.0300000,0.0310000,0.0320000,0.0320000,0.0310000,0.0310000,0.0300000,0.0320000,0.0330000,0.0320000,0.0310000,A,,,,
300,20260906,0.0320000,0.0310000,0.0320000,0.0320000,0.0320000,0.0380000,0.0390000,0.0380000,0.0380000,0.0380000,0.0370000,0.0380000,0.0380000,0.0380000,0.0340000,0.0330000,0.0330000,0.0330000,0.0340000,0.0340000,0.0340000,0.0340000,0.0350000,0.0340000,0.0370000,0.0360000,0.0350000,0.0480000,0.0490000,0.0480000,0.0480000,0.0480000,0.0450000,0.0300000,0.0320000,0.0370000,0.0390000,0.0380000,0.0390000,0.0380000,0.0380000,0.0370000,0.0370000,0.0370000,0.0340000,0.0330000,0.0330000,0.0330000,0.0330000,0.0330000,0.0310000,0.0270000,0.0270000,0.0290000,0.0300000,0.0290000,0.0300000,0.0300000,0.0300000,0.0290000,0.0300000,0.0290000,0.0290000,0.0290000,0.0300000,0.0310000,0.0360000,0.0340000,0.0350000,0.0340000,0.0340000,0.0340000,0.0950000,0.1260000,0.1220000,0.1210000,0.1210000,0.1220000,0.1210000,0.2350000,0.1260000,0.1250000,0.1250000,0.1240000,0.1250000,0.1600000,0.2350000,0.2050000,0.1960000,0.1900000,0.1760000,0.1250000,0.1220000,0.1220000,0.1220000,0.1290000,0.1330000,0.1310000,0.1320000,0.1320000,0.1320000,0.1320000,0.1330000,0.1320000,0.1310000,0.1320000,0.1320000,0.1400000,0.2030000,0.1280000,0.1260000,0.1230000,0.1230000,0.1300000,0.1990000,0.2590000,0.1950000,0.2040000,0.2650000,0.3570000,0.1170000,0.0860000,0.0860000,0.0910000,0.0890000,0.0910000,0.0900000,0.0980000,0.0950000,0.0920000,0.0980000,0.0930000,0.0920000,0.0880000,0.0840000,0.0910000,0.0830000,0.0870000,0.0860000,0.1020000,0.1170000,0.0850000,0.0890000,0.0890000,0.0820000,0.0760000,0.2590000,0.2940000,0.2050000,0.1620000,0.1140000,0.1160000,0.1160000,0.1110000,0.1490000,0.1540000,0.1500000,0.1180000,0.2130000,0.1570000,0.1510000,0.1730000,0.0860000,0.0780000,0.0680000,0.0700000,0.0810000,0.0810000,0.0740000,0.0680000,0.0750000,0.0830000,0.0820000,0.0720000,0.0740000,0.0780000,0.0790000,0.0780000,0.0750000,0.0750000,0.0830000,0.0840000,0.0720000,0.0720000,0.0820000,0.0850000,0.0710000,0.0710000,0.0800000,0.0790000,0.0660000,0.0660000,0.1370000,0.1720000,0.1580000,0.1590000,0.1710000,0.1710000,0.1590000,0.1590000,0.1720000,0.1720000,0.1610000,0.1610000,0.1660000,0.1710000,0.1710000,0.1670000,0.1660000,0.1770000,0.1880000,0.1870000,0.1820000,0.1790000,0.1830000,0.1370000,0.1290000,0.1300000,0.1280000,0.1510000,0.1850000,0.1800000,0.1760000,0.1970000,0.1940000,0.1570000,0.1810000,0.1700000,0.1710000,0.1660000,0.1630000,0.1620000,0.1620000,0.1680000,0.1690000,0.1680000,0.1700000,0.1690000,0.1730000,0.1800000,0.1180000,0.0840000,0.0880000,0.0840000,0.0860000,0.0890000,0.0850000,0.0530000,0.0750000,0.1290000,0.1180000,0.1240000,0.0480000,0.0390000,0.0370000,0.0410000,0.0400000,0.0420000,0.1480000,0.1180000,0.0450000,0.0440000,0.0460000,0.0520000,0.0520000,0.0530000,0.0500000,0.0540000,0.0510000,0.0480000,0.0500000,0.0460000,0.0540000,0.0390000,0.0350000,0.0330000,0.0320000,0.0290000,0.0280000,0.0290000,0.0290000,0.0300000,0.0290000,0.0300000,0.0290000,0.0290000,0.0300000,0.0290000,A,,,,
300,20260907,0.0300000,0.0300000,0.0290000,0.0290000,0.0300000,0.0300000,0.0300000,0.0310000,0.0300000,0.0320000,0.0360000,0.0360000,0.0350000,0.0360000,0.0340000,0.0350000,0.0350000,0.0360000,0.0320000,0.0270000,0.0250000,0.0280000,0.0290000,0.0280000,0.0290000,0.0300000,0.0300000,0.0300000,0.0290000,0.0290000,0.0280000,0.0290000,0.0280000,0.0290000,0.0290000,0.0280000,0.0300000,0.0300000,0.0290000,0.0300000,0.0330000,0.0350000,0.0360000,0.0350000,0.0340000,0.0350000,0.0340000,0.0340000,0.0340000,0.0300000,0.0290000,0.0290000,0.0290000,0.0290000,0.0280000,0.0290000,0.0290000,0.0290000,0.0280000,0.0290000,0.0290000,0.0280000,0.0290000,0.0280000,0.0260000,0.0270000,0.0280000,0.0280000,0.0290000,0.0280000,0.0280000,0.0280000,0.0920000,0.1270000,0.1260000,0.1250000,0.1260000,0.1260000,0.1310000,0.1910000,0.1280000,0.1790000,0.1540000,0.1270000,0.1290000,0.1270000,0.2070000,0.1290000,0.1310000,0.1270000,0.1230000,0.1230000,0.1220000,0.1230000,0.1220000,0.1230000,0.1240000,0.1230000,0.1220000,0.1220000,0.1230000,0.1230000,0.1260000,0.1260000,0.1280000,0.1280000,0.1290000,0.1280000,0.1280000,0.1390000,0.1270000,0.1290000,0.1260000,0.1220000,0.1230000,0.1230000,0.1230000,0.1220000,0.1230000,0.1230000,0.0610000,0.0310000,0.0310000,0.0310000,0.0310000,0.0320000,0.0330000,0.0340000,0.0330000,0.0330000,0.0340000,0.0350000,0.0350000,0.0390000,0.0360000,0.0360000,0.0370000,0.0360000,0.0360000,0.0310000,0.0320000,0.0320000,0.0270000,0.0260000,0.0270000,0.0270000,0.0260000,0.0270000,0.0270000,0.0270000,0.0260000,0.0270000,0.0270000,0.0270000,0.0260000,0.0260000,0.0270000,0.0270000,0.0260000,0.0260000,0.0280000,0.0320000,0.0330000,0.0320000,0.0310000,0.0320000,0.0310000,0.0320000,0.0310000,0.0320000,0.0320000,0.0310000,0.0290000,0.0270000,0.0260000,0.0420000,0.0310000,0.0290000,0.0290000,0.0280000,0.0290000,0.0290000,0.0300000,0.0300000,0.0300000,0.0300000,0.0310000,0.0360000,0.0320000,0.0410000,0.0400000,0.0440000,0.1070000,0.1340000,0.1290000,0.1280000,0.1290000,0.1280000,0.1280000,0.1290000,0.1290000,0.1300000,0.1310000,0.1290000,0.1250000,0.1250000,0.1300000,0.1300000,0.1280000,0.2310000,0.4050000,0.3960000,0.3090000,0.1600000,0.1460000,0.1430000,0.1420000,0.1360000,0.1270000,0.1330000,0.1390000,0.1420000,0.1400000,0.1410000,0.1480000,0.1470000,0.1450000,0.1460000,0.1400000,0.1340000,0.1340000,0.1340000,0.1350000,0.1290000,0.1290000,0.1290000,0.1280000,0.1270000,0.1280000,0.1280000,0.0660000,0.0340000,0.0340000,0.0350000,0.0420000,0.0670000,0.1030000,0.1120000,0.1240000,0.1280000,0.1350000,0.0700000,0.0680000,0.0680000,0.1910000,0.2380000,0.2350000,0.0740000,0.0720000,0.0720000,0.0710000,0.0710000,0.0600000,0.0590000,0.0570000,0.0640000,0.0610000,0.1480000,0.1440000,0.2320000,0.1080000,0.1170000,0.0830000,0.0760000,0.0850000,0.0830000,0.0900000,0.0870000,0.0840000,0.0770000,0.0870000,0.0570000,0.0460000,0.0370000,0.0440000,0.0460000,0.0460000,0.0360000,A,,,,
300,20260908,0.0400000,0.0450000,0.0450000,0.0310000,0.0300000,0.0330000,0.0410000,0.0400000,0.0310000,0.0290000,0.0390000,0.0400000,0.0290000,0.0310000,0.0400000,0.0410000,0.0290000,0.0290000,0.0290000,0.0290000,0.0280000,0.0270000,0.0300000,0.0350000,0.0360000,0.0370000,0.0360000,0.0360000,0.0340000,0.0340000,0.0340000,0.0340000,0.0340000,0.0300000,0.0280000,0.0290000,0.0290000,0.0300000,0.0290000,0.0290000,0.0280000,0.0300000,0.0290000,0.0290000,0.0280000,0.0290000,0.0280000,0.0290000,0.0290000,0.0290000,0.0290000,0.0280000,0.0330000,0.0320000,0.0320000,0.0340000,0.0340000,0.0330000,0.0340000,0.0340000,0.0330000,0.0340000,0.0340000,0.0300000,0.1850000,0.0340000,0.0290000,0.0330000,0.0290000,0.0280000,0.0280000,0.0290000,0.0900000,0.1210000,0.1210000,0.1220000,0.1210000,0.1230000,0.1220000,0.1890000,0.1340000,0.1340000,0.1350000,0.1410000,0.1400000,0.1320000,0.1320000,0.1320000,0.1280000,0.1300000,0.1310000,0.1310000,0.2200000,0.1310000,0.1290000,0.1310000,0.1340000,0.1640000,0.2720000,0.1330000,0.1320000,0.1320000,0.1330000,0.1310000,0.1310000,0.1350000,0.1270000,0.1250000,0.1300000,0.1260000,0.1380000,0.1440000,0.1410000,0.1500000,0.1520000,0.1650000,0.1380000,0.1420000,0.1580000,0.1620000,0.0690000,0.0400000,0.0470000,0.0400000,0.0400000,0.0390000,0.0360000,0.0390000,0.0850000,0.1060000,0.1130000,0.2270000,0.2890000,0.2610000,0.1370000,0.0990000,0.0940000,0.0900000,0.0930000,0.1130000,0.2340000,0.2000000,0.1170000,0.0950000,0.1140000,0.1010000,0.1080000,0.0460000,0.0450000,0.0450000,0.0460000,0.0450000,0.0450000,0.0460000,0.0440000,0.0450000,0.0430000,0.0390000,0.0390000,0.0320000,0.0310000,0.0310000,0.0310000,0.0310000,0.0320000,0.0310000,0.0310000,0.0300000,0.0290000,0.0290000,0.0290000,0.0290000,0.0290000,0.0310000,0.0350000,0.0360000,0.0360000,0.1490000,0.0750000,0.0470000,0.0470000,0.0460000,0.0470000,0.0460000,0.0470000,0.0440000,0.0430000,0.0420000,0.0420000,0.0460000,0.0410000,0.0470000,0.0950000,0.1260000,0.1260000,0.1300000,0.1260000,0.1270000,0.1260000,0.1260000,0.1280000,0.1640000,0.1870000,0.1970000,0.1760000,0.1730000,0.1760000,0.1780000,0.1830000,0.1720000,0.1730000,0.1750000,0.1820000,0.1830000,0.3190000,0.3630000,0.3330000,0.3260000,0.3330000,0.4020000,0.2100000,0.1770000,0.1790000,0.1820000,0.1830000,0.1840000,0.1770000,0.1620000,0.1380000,0.1410000,0.1400000,0.1400000,0.1330000,0.1310000,0.1250000,0.1260000,0.1260000,0.1230000,0.1190000,0.1190000,0.0580000,0.0320000,0.0420000,0.0430000,0.0420000,0.0420000,0.0420000,0.0410000,0.0410000,0.0390000,0.0380000,0.0420000,0.0400000,0.0360000,0.0350000,0.0350000,0.0350000,0.0350000,0.0350000,0.0360000,0.0370000,0.0360000,0.0320000,0.0310000,0.0330000,0.0330000,0.0330000,0.0330000,0.0350000,0.0350000,0.0390000,0.0350000,0.0320000,0.0380000,0.0390000,0.0380000,0.0380000,0.1860000,0.2140000,0.1840000,0.0390000,0.0380000,0.0380000,0.0390000,0.0380000,0.0330000,0.0310000,0.0320000,A,,,,
300,20260909,0.0350000,0.0340000,0.1450000,0.1350000,0.1900000,0.0320000,0.0330000,0.0320000,0.0420000,0.0490000,0.0470000,0.0480000,0.0470000,0.0470000,0.0430000,0.0300000,0.0310000,0.0350000,0.0380000,0.0370000,0.0370000,0.0370000,0.0360000,0.0360000,0.0380000,0.0380000,0.0380000,0.0390000,0.0380000,0.0350000,0.0320000,0.0330000,0.0290000,0.0260000,0.0280000,0.0290000,0.0290000,0.0300000,0.0300000,0.0280000,0.0290000,0.0290000,0.0290000,0.0280000,0.0290000,0.0290000,0.0280000,0.0290000,0.0290000,0.0350000,0.0350000,0.0340000,0.0340000,0.0340000,0.0340000,0.0340000,0.0340000,0.0330000,0.0330000,0.0340000,0.0300000,0.0280000,0.0290000,0.0280000,0.0280000,0.0280000,0.0290000,0.0280000,0.0280000,0.0280000,0.0290000,0.0290000,0.0910000,0.1210000,0.1190000,0.1210000,0.1380000,0.2070000,0.1280000,0.1920000,0.1320000,0.1340000,0.1340000,0.1270000,0.1280000,0.1280000,0.1320000,0.1310000,0.1300000,0.1300000,0.1330000,0.1270000,0.1270000,0.1290000,0.1930000,0.1720000,0.1290000,0.1920000,0.1280000,0.1280000,0.1280000,0.1270000,0.1280000,0.1250000,0.1240000,0.1190000,0.1240000,0.1190000,0.1200000,0.1190000,0.1190000,0.1250000,0.1220000,0.1240000,0.1240000,0.1230000,0.1240000,0.1220000,0.1230000,0.1270000,0.0610000,0.0340000,0.0340000,0.0350000,0.0330000,0.0330000,0.0320000,0.0320000,0.0310000,0.0310000,0.0310000,0.0310000,0.0340000,0.0320000,0.0330000,0.0330000,0.0360000,0.0360000,0.0360000,0.0360000,0.0360000,0.0410000,0.0390000,0.0370000,0.0390000,0.0390000,0.0400000,0.0390000,0.0380000,0.0390000,0.0370000,0.0360000,0.0330000,0.0340000,0.0350000,0.0350000,0.0330000,0.0290000,0.0290000,0.0290000,0.0320000,0.0300000,0.0300000,0.0290000,0.0420000,0.0430000,0.0370000,0.0360000,0.0420000,0.0420000,0.0430000,0.0420000,0.0390000,0.0340000,0.0390000,0.0390000,0.0390000,0.0380000,0.0390000,0.0390000,0.0390000,0.0390000,0.0380000,0.0390000,0.0390000,0.0950000,0.0430000,0.0430000,0.0420000,0.0430000,0.0480000,0.0430000,0.1000000,0.1330000,0.1320000,0.1320000,0.1250000,0.1250000,0.1250000,0.1260000,0.1260000,0.1230000,0.1270000,0.1250000,0.1280000,0.1310000,0.1220000,0.1230000,0.1230000,0.1210000,0.1220000,0.1220000,0.1210000,0.1250000,0.1210000,0.1210000,0.1240000,0.2330000,0.3220000,0.2970000,0.2440000,0.1350000,0.1310000,0.1350000,0.1350000,0.1340000,0.1400000,0.1410000,0.1400000,0.1320000,0.1260000,0.1250000,0.1250000,0.1260000,0.1260000,0.1260000,0.1260000,0.1260000,0.1270000,0.1260000,0.0690000,0.0450000,0.0490000,0.0490000,0.0480000,0.0480000,0.0480000,0.0470000,0.0600000,0.0590000,0.0580000,0.0600000,0.0590000,0.0590000,0.0520000,0.0400000,0.0430000,0.0430000,0.0430000,0.0370000,0.0370000,0.0330000,0.0340000,0.0330000,0.0330000,0.0320000,0.0340000,0.0340000,0.0340000,0.0340000,0.0330000,0.0310000,0.0310000,0.0340000,0.0350000,0.0350000,0.0350000,0.0350000,0.0340000,0.0350000,0.0340000,0.0330000,0.0340000,0.0340000,0.0340000,0.0280000,0.0300000,0.0290000,A,,,,
300,20260910,0.0290000,0.0300000,0.0280000,0.0290000,0.0290000,0.0290000,0.0280000,0.0290000,0.0290000,0.0280000,0.0340000,0.0350000,0.0340000,0.0350000,0.0340000,0.0340000,0.0330000,0.0340000,0.0340000,0.0330000,0.0340000,0.0340000,0.0290000,0.0300000,0.0310000,0.0310000,0.0320000,0.0320000,0.0300000,0.0300000,0.0310000,0.0290000,0.0300000,0.0300000,0.0310000,0.0300000,0.0310000,0.0370000,0.0380000,0.0360000,0.0360000,0.0370000,0.0360000,0.0350000,0.0310000,0.0330000,0.0340000,0.0330000,0.0290000,0.0300000,0.0290000,0.0290000,0.0300000,0.0290000,0.0290000,0.0290000,0.0290000,0.0290000,0.0290000,0.0300000,0.0300000,0.0360000,0.0290000,0.0290000,0.0290000,0.0340000,0.0330000,0.0330000,0.0330000,0.0320000,0.0320000,0.0320000,0.0950000,0.1240000,0.1230000,0.1190000,0.1180000,0.1190000,0.1190000,0.1180000,0.1160000,0.1150000,0.1240000,0.1240000,0.1260000,0.1260000,0.1740000,0.1220000,0.2210000,0.1240000,0.1240000,0.1240000,0.1290000,0.1300000,0.1310000,0.1310000,0.1320000,0.1310000,0.1300000,0.1300000,0.1300000,0.2200000,0.2970000,0.2940000,0.1530000,0.1190000,0.1190000,0.1190000,0.1190000,0.1200000,0.1180000,0.1200000,0.1210000,0.1200000,0.1770000,0.2440000,0.2670000,0.1400000,0.1180000,0.1180000,0.0550000,0.0330000,0.0330000,0.0320000,0.0320000,0.0320000,0.0310000,0.0320000,0.0320000,0.0310000,0.0320000,0.0330000,0.0320000,0.0270000,0.0280000,0.0280000,0.0270000,0.0270000,0.0260000,0.0270000,0.0220000,0.0230000,0.0250000,0.0250000,0.0250000,0.0250000,0.0240000,0.0250000,0.0250000,0.0260000,0.0310000,0.0310000,0.0300000,0.0310000,0.0300000,0.0310000,0.0300000,0.0300000,0.0300000,0.0300000,0.0300000,0.0300000,0.0300000,0.0300000,0.0280000,0.0250000,0.0250000,0.0250000,0.0250000,0.0250000,0.0250000,0.0250000,0.0250000,0.0250000,0.0250000,0.0250000,0.0250000,0.0250000,0.0260000,0.0250000,0.0250000,0.0270000,0.0290000,0.0310000,0.0310000,0.0300000,0.0310000,0.0300000,0.0300000,0.0300000,0.0340000,0.0310000,0.0930000,0.1220000,0.1240000,0.1200000,0.1180000,0.1180000,0.1190000,0.1210000,0.1220000,0.1250000,0.1320000,0.1340000,0.1260000,0.1240000,0.1240000,0.1210000,0.1260000,0.1230000,0.1230000,0.1780000,0.1860000,0.1700000,0.2050000,0.1320000,0.1290000,0.1310000,0.1320000,0.1350000,0.1380000,0.1440000,0.1400000,0.1390000,0.1390000,0.1340000,0.1340000,0.1340000,0.1270000,0.1200000,0.1200000,0.1180000,0.1210000,0.1250000,0.1250000,0.1250000,0.1250000,0.1240000,0.1250000,0.1250000,0.0600000,0.0440000,0.0560000,0.0530000,0.0570000,0.0530000,0.0580000,0.0560000,0.0560000,0.0550000,0.0570000,0.0510000,0.0480000,0.0590000,0.0600000,0.0550000,0.0520000,0.0400000,0.0400000,0.0440000,0.0500000,0.0510000,0.0500000,0.0490000,0.0500000,0.0490000,0.0460000,0.0400000,0.0340000,0.0350000,0.0430000,0.0440000,0.0400000,0.0340000,0.0490000,0.0500000,0.0650000,0.0630000,0.0560000,0.0530000,0.0370000,0.0440000,0.0480000,0.0410000,0.0380000,0.0370000,0.0420000,0.0380000,A,,,,
300,20260911,0.0320000,0.0320000,0.0370000,0.0420000,0.0340000,0.0330000,0.0330000,0.0430000,0.0380000,0.0260000,0.0280000,0.0320000,0.0390000,0.0330000,0.0290000,0.0290000,0.0310000,0.0400000,0.0390000,0.0350000,0.0360000,0.0370000,0.0440000,0.0350000,0.0370000,0.0360000,0.0400000,0.0410000,0.0300000,0.0310000,0.0290000,0.0370000,0.0320000,0.0300000,0.0300000,0.0300000,0.0380000,0.0340000,0.0310000,0.0300000,0.0300000,0.0300000,0.0370000,0.0270000,0.0280000,0.0290000,0.0290000,0.0320000,0.0390000,0.0400000,0.0350000,0.0350000,0.0350000,0.0340000,0.0340000,0.0340000,0.0340000,0.0340000,0.0290000,0.0290000,0.0290000,0.0290000,0.0270000,0.0300000,0.0320000,0.0360000,0.0940000,0.0310000,0.0330000,0.0290000,0.0290000,0.0290000,0.0940000,0.1220000,0.1210000,0.1210000,0.1210000,0.1260000,0.1280000,0.1350000,0.1270000,0.1280000,0.1260000,0.1270000,0.1270000,0.1280000,0.1240000,0.1230000,0.1190000,0.1230000,0.2040000,0.1230000,0.1230000,0.1240000,0.1240000,0.1570000,0.1250000,0.1240000,0.1240000,0.1250000,0.1270000,0.1240000,0.1230000,0.1220000,0.1230000,0.1220000,0.1250000,0.1220000,0.1290000,0.1280000,0.1280000,0.1280000,0.1280000,0.1300000,0.1260000,0.1270000,0.1260000,0.1280000,0.1230000,0.1240000,0.0600000,0.0340000,0.0350000,0.0350000,0.1210000,0.0590000,0.0320000,0.0330000,0.0330000,0.0390000,0.0390000,0.0340000,0.0340000,0.0370000,0.0370000,0.0350000,0.0380000,0.0410000,0.0400000,0.0410000,0.0400000,0.0390000,0.0400000,0.0410000,0.1910000,0.1720000,0.0790000,0.0350000,0.0400000,0.0410000,0.0400000,0.0410000,0.0430000,0.0380000,0.0370000,0.0360000,0.0410000,0.0370000,0.0380000,0.0400000,0.0390000,0.0360000,0.0380000,0.0310000,0.0270000,0.0340000,0.0330000,0.0330000,0.0330000,0.0330000,0.0330000,0.0320000,0.0340000,0.0340000,0.0330000,0.0340000,0.0300000,0.0260000,0.0250000,0.0260000,0.0280000,0.0310000,0.0320000,0.0330000,0.0360000,0.0330000,0.0310000,0.0290000,0.0250000,0.0290000,0.0280000,0.0290000,0.0930000,0.1210000,0.1300000,0.1270000,0.1260000,0.1270000,0.1270000,0.1260000,0.1260000,0.1280000,0.1280000,0.1290000,0.2110000,0.1680000,0.1780000,0.2060000,0.1940000,0.1710000,0.1900000,0.1250000,0.1240000,0.1250000,0.1250000,0.1260000,0.1250000,0.1210000,0.1180000,0.1230000,0.1290000,0.1830000,0.1610000,0.1330000,0.1430000,0.1450000,0.1480000,0.2150000,0.3050000,0.1370000,0.1380000,0.1340000,0.1360000,0.1300000,0.1360000,0.1300000,0.1300000,0.1380000,0.1300000,0.1360000,0.0660000,0.0420000,0.0470000,0.0400000,0.0480000,0.0430000,0.0450000,0.0420000,0.0470000,0.0610000,0.0720000,0.0370000,0.0440000,0.0580000,0.0570000,0.0560000,0.0560000,0.0560000,0.0480000,0.0400000,0.0400000,0.0400000,0.0360000,0.1000000,0.0420000,0.0330000,0.0320000,0.0340000,0.0350000,0.0310000,0.0320000,0.0310000,0.0320000,0.0930000,0.2120000,0.2080000,0.1030000,0.0320000,0.0320000,0.0320000,0.0320000,0.0330000,0.0360000,0.0340000,0.0350000,0.0360000,0.0600000,0.2030000,A,,,,
300,20260912,0.1430000,0.0890000,0.0330000,0.0300000,0.0300000,0.0290000,0.0290000,0.0300000,0.0290000,0.0290000,0.0290000,0.0290000,0.0290000,0.0300000,0.0280000,0.0290000,0.0300000,0.0300000,0.0310000,0.0300000,0.0300000,0.0300000,0.0320000,0.0360000,0.0360000,0.0370000,0.0370000,0.0360000,0.0360000,0.0340000,0.0360000,0.0320000,0.0300000,0.0300000,0.0310000,0.0300000,0.0300000,0.0300000,0.0280000,0.0300000,0.0300000,0.0300000,0.0300000,0.0300000,0.0300000,0.0300000,0.0300000,0.0290000,0.0300000,0.0300000,0.0310000,0.0360000,0.0420000,0.0430000,0.0420000,0.0410000,0.0410000,0.0410000,0.0410000,0.0410000,0.0400000,0.0330000,0.0340000,0.0360000,0.0350000,0.0360000,0.0350000,0.0350000,0.0360000,0.0350000,0.0360000,0.0350000,0.1040000,0.1270000,0.1220000,0.1250000,0.1260000,0.1270000,0.1300000,0.1290000,0.1300000,0.1280000,0.1320000,0.1350000,0.3290000,0.4720000,0.3140000,0.2950000,0.2800000,0.2060000,0.1900000,0.1760000,0.1760000,0.2160000,0.1830000,0.1840000,0.1850000,0.1840000,0.1860000,0.1760000,0.1740000,0.1730000,0.1730000,0.1800000,0.1990000,0.1810000,0.1750000,0.1750000,0.1720000,0.1720000,0.1790000,0.1780000,0.1850000,0.2000000,0.1900000,0.1750000,0.1760000,0.1780000,0.1980000,0.1750000,0.1020000,0.0950000,0.0900000,0.0750000,0.0330000,0.0330000,0.0330000,0.0320000,0.0330000,0.0320000,0.0320000,0.0310000,0.0310000,0.0320000,0.0310000,0.0310000,0.0310000,0.0310000,0.0370000,0.0370000,0.0370000,0.0360000,0.0410000,0.0350000,0.0340000,0.0360000,0.0380000,0.1230000,0.0840000,0.0720000,0.0610000,0.0360000,0.0320000,0.0320000,0.0340000,0.0330000,0.0340000,0.0330000,0.0340000,0.0350000,0.0370000,0.0350000,0.0380000,0.0370000,0.0380000,0.0370000,0.0380000,0.0410000,0.0400000,0.0400000,0.0390000,0.0380000,0.0370000,0.0350000,0.0370000,0.0370000,0.0370000,0.0390000,0.0380000,0.0360000,0.0380000,0.0370000,0.0600000,0.0800000,0.0310000,0.0290000,0.0310000,0.0260000,0.0270000,0.0260000,0.0260000,0.0270000,0.0910000,0.1200000,0.1190000,0.1180000,0.1220000,0.1250000,0.1250000,0.1240000,0.1200000,0.1210000,0.1230000,0.1220000,0.1230000,0.1230000,0.1230000,0.1210000,0.1180000,0.1180000,0.1180000,0.1170000,0.1180000,0.1180000,0.1180000,0.1180000,0.1180000,0.1170000,0.1180000,0.1180000,0.1180000,0.1170000,0.1180000,0.1180000,0.1230000,0.1310000,0.1310000,0.1330000,0.1350000,0.1330000,0.1250000,0.1240000,0.1240000,0.1240000,0.1250000,0.1240000,0.1250000,0.1470000,0.1530000,0.1240000,0.0580000,0.0360000,0.0350000,0.0340000,0.0890000,0.0730000,0.0420000,0.0440000,0.0480000,0.0590000,0.1360000,0.1070000,0.2200000,0.1550000,0.0560000,0.0790000,0.0560000,0.0650000,0.0660000,0.1030000,0.0660000,0.0670000,0.0510000,0.0500000,0.0510000,0.0810000,0.0480000,0.0450000,0.0430000,0.0460000,0.0480000,0.0510000,0.0480000,0.0490000,0.0490000,0.0540000,0.0490000,0.0370000,0.0310000,0.0300000,0.0350000,0.0330000,0.0350000,0.0330000,0.0340000,0.0350000,0.0370000,0.0460000,A,,,,
300,20260913,0.0510000,0.0320000,0.0330000,0.0320000,0.0310000,0.0310000,0.0330000,0.0330000,0.0320000,0.0280000,0.0270000,0.0280000,0.0270000,0.0280000,0.0270000,0.0270000,0.0260000,0.0270000,0.0260000,0.0270000,0.0260000,0.0270000,0.0260000,0.0270000,0.0260000,0.0280000,0.0280000,0.0280000,0.0270000,0.0300000,0.0320000,0.0330000,0.0320000,0.0310000,0.0310000,0.0310000,0.0320000,0.0330000,0.0280000,0.0270000,0.0270000,0.0270000,0.0270000,0.0270000,0.0230000,0.0240000,0.0260000,0.0260000,0.0270000,0.0270000,0.0260000,0.0260000,0.0270000,0.0270000,0.0270000,0.0260000,0.0270000,0.0270000,0.0270000,0.0260000,0.0340000,0.0320000,0.0320000,0.0320000,0.0320000,0.0310000,0.0320000,0.0310000,0.0280000,0.0260000,0.0270000,0.0260000,0.0940000,0.1200000,0.1200000,0.1180000,0.1190000,0.1200000,0.1190000,0.1200000,0.1180000,0.1160000,0.1170000,0.1180000,0.1190000,0.1190000,0.1210000,0.1600000,0.2040000,0.1270000,0.1330000,0.1250000,0.1260000,0.1250000,0.1600000,0.1330000,0.1460000,0.1340000,0.1340000,0.1300000,0.1300000,0.1300000,0.1300000,0.1310000,0.1320000,0.1730000,0.1810000,0.1900000,0.1970000,0.1940000,0.1990000,0.1950000,0.1970000,0.1990000,0.1920000,0.1740000,0.1950000,0.1660000,0.1960000,0.2010000,0.1340000,0.0810000,0.1090000,0.0530000,0.0340000,0.0330000,0.0330000,0.0340000,0.0330000,0.0300000,0.0280000,0.0270000,0.0280000,0.0270000,0.0280000,0.0270000,0.0270000,0.0310000,0.0290000,0.0280000,0.0280000,0.0280000,0.0270000,0.0280000,0.0310000,0.0310000,0.0310000,0.0300000,0.0350000,0.0360000,0.0360000,0.0360000,0.0340000,0.0340000,0.0340000,0.0330000,0.0350000,0.0330000,0.0340000,0.0320000,0.0310000,0.0290000,0.0300000,0.0300000,0.0300000,0.0390000,0.0790000,0.1470000,0.1350000,0.1060000,0.0980000,0.0690000,0.0400000,0.0350000,0.0330000,0.0340000,0.2320000,0.0850000,0.0460000,0.1680000,0.1630000,0.0490000,0.0480000,0.0500000,0.0530000,0.0510000,0.0490000,0.0480000,0.0540000,0.1960000,0.2230000,0.1960000,0.1140000,0.1450000,0.1410000,0.1460000,0.1410000,0.1470000,0.1410000,0.1590000,0.1750000,0.1390000,0.2460000,0.2330000,0.2810000,0.1340000,0.1340000,0.1330000,0.1390000,0.1390000,0.1460000,0.1520000,0.1520000,0.1510000,0.1520000,0.1490000,0.1420000,0.1330000,0.1350000,0.1300000,0.1320000,0.1390000,0.1380000,0.1390000,0.1390000,0.1380000,0.1390000,0.1370000,0.1390000,0.1390000,0.1310000,0.1270000,0.1270000,0.1250000,0.1240000,0.1250000,0.1240000,0.1240000,0.1270000,0.1230000,0.0570000,0.0350000,0.0390000,0.0400000,0.0410000,0.0400000,0.0410000,0.0400000,0.0360000,0.0350000,0.0360000,0.0360000,0.0360000,0.0370000,0.0340000,0.0280000,0.0270000,0.0280000,0.0270000,0.0270000,0.0270000,0.0270000,0.0260000,0.0270000,0.0260000,0.0260000,0.0260000,0.0260000,0.0310000,0.0320000,0.0310000,0.0320000,0.0310000,0.0320000,0.0310000,0.0310000,0.0320000,0.0310000,0.0260000,0.0270000,0.0260000,0.0270000,0.0260000,0.0270000,0.0260000,0.0270000,0.0270000,0.0260000,A,,,,
300,20260914,0.0280000,0.0280000,0.0270000,0.0280000,0.0300000,0.0290000,0.0290000,0.0290000,0.0290000,0.0300000,0.0300000,0.0340000,0.0320000,0.0330000,0.0330000,0.0330000,0.0320000,0.0320000,0.0330000,0.0320000,0.0280000,0.0270000,0.0280000,0.0270000,0.0290000,0.0290000,0.0290000,0.0300000,0.0290000,0.0270000,0.0280000,0.0280000,0.0280000,0.0270000,0.0280000,0.0270000,0.0290000,0.0280000,0.0260000,0.0260000,0.0300000,0.0340000,0.0330000,0.0340000,0.0330000,0.0330000,0.0340000,0.0330000,0.0330000,0.0300000,0.0280000,0.0290000,0.0280000,0.0280000,0.0280000,0.0280000,0.0270000,0.0280000,0.0280000,0.0280000,0.0280000,0.0270000,0.0260000,0.0240000,0.0280000,0.0270000,0.0280000,0.0270000,0.0270000,0.0280000,0.0280000,0.0340000,0.1010000,0.1260000,0.1260000,0.1480000,0.1980000,0.1420000,0.2060000,0.1240000,0.1240000,0.1250000,0.1240000,0.1250000,0.1240000,0.1240000,0.2040000,0.2740000,0.1890000,0.1980000,0.3120000,0.2010000,0.2050000,0.2110000,0.2080000,0.2150000,0.2110000,0.1520000,0.1380000,0.1320000,0.1400000,0.1370000,0.1360000,0.1410000,0.1420000,0.1230000,0.1220000,0.1250000,0.1240000,0.1240000,0.1220000,0.1170000,0.1190000,0.1180000,0.1190000,0.1200000,0.1190000,0.1190000,0.1190000,0.1190000,0.0510000,0.0290000,0.0330000,0.0360000,0.0350000,0.0360000,0.0400000,0.0340000,0.0360000,0.0410000,0.0410000,0.0400000,0.0400000,0.0400000,0.0390000,0.0380000,0.0390000,0.0390000,0.0380000,0.0340000,0.0330000,0.0340000,0.0330000,0.0340000,0.0330000,0.0330000,0.0290000,0.0270000,0.0270000,0.0270000,0.0280000,0.0270000,0.0270000,0.0270000,0.0270000,0.0280000,0.0280000,0.0340000,0.0330000,0.0330000,0.0330000,0.0330000,0.0330000,0.0320000,0.0360000,0.0370000,0.0380000,0.0810000,0.1810000,0.1000000,0.0850000,0.0820000,0.0700000,0.0420000,0.0350000,0.0330000,0.0340000,0.0350000,0.0360000,0.0340000,0.0320000,0.0330000,0.0340000,0.0340000,0.0360000,0.0360000,0.0400000,0.0400000,0.0420000,0.0420000,0.0420000,0.0410000,0.1100000,0.1330000,0.1410000,0.1470000,0.1520000,0.1550000,0.1500000,0.1540000,0.1360000,0.1270000,0.2010000,0.2790000,0.2860000,0.2430000,0.3640000,0.3000000,0.2430000,0.2600000,0.2000000,0.1780000,0.1850000,0.1870000,0.1850000,0.1850000,0.2740000,0.1860000,0.1850000,0.1940000,0.2030000,0.2070000,0.2020000,0.2000000,0.1930000,0.1920000,0.1780000,0.1750000,0.1740000,0.1740000,0.1730000,0.1750000,0.1740000,0.1700000,0.1810000,0.1830000,0.1760000,0.1770000,0.1700000,0.1690000,0.1000000,0.0810000,0.0940000,0.0860000,0.0760000,0.1070000,0.0800000,0.1160000,0.0810000,0.0920000,0.0350000,0.0340000,0.0360000,0.0370000,0.0370000,0.0330000,0.0300000,0.0280000,0.0270000,0.0270000,0.0280000,0.0290000,0.0290000,0.0290000,0.0290000,0.0290000,0.0290000,0.0290000,0.0290000,0.0290000,0.0290000,0.0290000,0.0280000,0.0280000,0.0280000,0.0280000,0.0340000,0.0330000,0.0330000,0.0330000,0.0320000,0.0290000,0.0310000,0.0320000,0.0320000,0.0280000,0.0270000,0.0270000,A,,,,
300,20260915,0.0270000,0.0270000,0.0280000,0.0270000,0.0260000,0.0280000,0.0260000,0.0270000,0.0270000,0.0280000,0.0260000,0.0270000,0.0270000,0.0270000,0.0260000,0.0270000,0.0280000,0.0300000,0.0330000,0.0330000,0.0320000,0.0320000,0.0320000,0.0300000,0.0320000,0.0340000,0.0310000,0.0290000,0.0280000,0.0270000,0.0270000,0.0270000,0.0280000,0.0270000,0.0270000,0.0270000,0.0280000,0.0280000,0.0280000,0.0270000,0.0280000,0.0280000,0.0280000,0.0280000,0.0270000,0.0280000,0.0270000,0.0270000,0.0340000,0.0310000,0.0310000,0.0320000,0.0330000,0.0320000,0.0320000,0.0310000,0.0310000,0.0270000,0.0270000,0.0270000,0.0280000,0.0260000,0.0270000,0.0280000,0.0860000,0.0700000,0.0280000,0.0310000,0.0270000,0.0270000,0.0260000,0.0270000,0.0970000,0.1180000,0.1180000,0.1200000,0.1220000,0.1190000,0.1880000,0.1320000,0.1310000,0.1320000,0.1310000,0.1310000,0.1300000,0.1330000,0.1330000,0.1290000,0.1300000,0.1340000,0.1340000,0.1340000,0.1580000,0.1620000,0.1800000,0.1520000,0.1370000,0.1360000,0.1370000,0.1410000,0.2080000,0.3230000,0.3160000,0.2050000,0.1410000,0.1400000,0.1420000,0.1420000,0.1440000,0.1410000,0.1390000,0.1410000,0.1410000,0.1720000,0.3030000,0.2360000,0.1710000,0.1260000,0.1250000,0.1270000,0.0590000,0.1500000,0.1700000,0.0470000,0.0440000,0.0380000,0.0380000,0.0380000,0.0380000,0.0360000,0.0340000,0.0330000,0.0330000,0.0330000,0.0350000,0.0440000,0.0360000,0.0350000,0.0350000,0.0400000,0.0400000,0.0390000,0.0380000,0.0370000,0.0360000,0.0390000,0.0390000,0.0360000,0.0360000,0.0350000,0.0380000,0.0350000,0.0370000,0.0370000,0.0380000,0.0360000,0.0330000,0.0280000,0.0270000,0.0270000,0.0280000,0.0270000,0.0270000,0.0270000,0.0320000,0.0330000,0.0320000,0.0310000,0.0300000,0.0310000,0.0310000,0.0310000,0.0310000,0.0330000,0.0370000,0.0360000,0.0360000,0.0330000,0.0320000,0.0320000,0.0340000,0.0340000,0.0330000,0.0340000,0.0340000,0.0330000,0.0340000,0.0530000,0.2470000,0.2560000,0.1850000,0.1640000,0.2190000,0.2190000,0.2430000,0.2460000,0.3200000,0.3230000,0.3140000,0.4000000,0.2410000,0.1790000,0.1400000,0.1400000,0.1400000,0.1480000,0.1530000,0.1460000,0.1480000,0.1490000,0.1490000,0.1390000,0.1340000,0.1390000,0.1380000,0.1380000,0.1370000,0.1260000,0.1230000,0.1220000,0.1210000,0.1210000,0.1220000,0.1260000,0.1640000,0.2620000,0.1410000,0.1300000,0.1290000,0.1320000,0.1350000,0.1330000,0.1320000,0.1330000,0.1310000,0.1290000,0.2180000,0.3000000,0.2990000,0.1500000,0.0580000,0.0400000,0.0400000,0.0410000,0.0410000,0.0410000,0.0370000,0.0390000,0.0380000,0.1010000,0.1550000,0.1930000,0.0640000,0.0350000,0.0360000,0.0400000,0.0420000,0.0410000,0.0400000,0.0370000,0.0350000,0.0320000,0.0340000,0.0340000,0.0320000,0.0290000,0.0280000,0.0290000,0.0300000,0.0300000,0.0300000,0.0300000,0.0300000,0.0300000,0.0300000,0.0310000,0.0300000,0.0310000,0.0300000,0.0310000,0.0290000,0.0300000,0.0290000,0.0290000,0.0300000,0.0310000,0.0370000,0.0360000,A,,,,
300,20260916,0.0360000,0.0360000,0.0350000,0.0350000,0.0360000,0.0350000,0.0350000,0.0280000,0.0260000,0.0290000,0.0290000,0.0290000,0.0280000,0.0290000,0.0280000,0.0290000,0.0280000,0.0290000,0.0280000,0.0280000,0.0280000,0.0280000,0.0290000,0.0280000,0.0290000,0.0300000,0.0300000,0.0310000,0.0330000,0.0350000,0.0340000,0.0340000,0.0340000,0.0340000,0.0330000,0.0340000,0.0340000,0.0320000,0.0310000,0.0290000,0.0290000,0.0290000,0.0300000,0.0290000,0.0270000,0.0260000,0.0290000,0.0290000,0.0290000,0.0290000,0.0290000,0.0290000,0.0260000,0.0270000,0.0260000,0.0250000,0.0260000,0.0270000,0.0260000,0.0290000,0.0320000,0.0320000,0.0310000,0.0310000,0.0280000,0.0300000,0.0310000,0.0310000,0.0270000,0.0260000,0.0260000,0.0260000,0.0970000,0.1190000,0.1180000,0.1480000,0.1970000,0.1290000,0.1240000,0.1260000,0.1250000,0.1260000,0.1250000,0.1260000,0.1660000,0.1340000,0.1350000,0.1350000,0.1360000,0.1350000,0.1350000,0.1360000,0.1360000,0.1360000,0.1340000,0.1350000,0.1390000,0.1320000,0.1320000,0.1320000,0.1320000,0.1720000,0.1290000,0.1270000,0.1490000,0.2130000,0.1280000,0.1280000,0.1290000,0.1280000,0.1290000,0.1230000,0.1240000,0.1260000,0.1260000,0.1260000,0.1260000,0.1260000,0.1260000,0.1260000,0.0540000,0.0400000,0.0380000,0.0430000,0.0590000,0.1110000,0.0920000,0.0360000,0.0370000,0.0400000,0.0400000,0.0380000,0.0370000,0.0360000,0.0360000,0.0340000,0.0320000,0.0350000,0.0340000,0.0340000,0.0340000,0.0330000,0.0340000,0.0350000,0.0340000,0.0340000,0.0340000,0.0680000,0.1500000,0.0410000,0.0460000,0.0450000,0.0460000,0.0460000,0.0460000,0.0460000,0.0460000,0.0450000,0.0440000,0.0450000,0.1080000,0.0420000,0.0410000,0.0430000,0.0350000,0.0350000,0.0360000,0.0350000,0.0350000,0.0350000,0.0350000,0.0330000,0.0370000,0.0380000,0.0400000,0.0370000,0.0410000,0.0500000,0.0560000,0.0550000,0.0570000,0.1140000,0.1510000,0.0880000,0.0480000,0.0500000,0.0490000,0.0470000,0.0490000,0.1930000,0.1130000,0.0550000,0.1250000,0.1450000,0.1430000,0.1420000,0.1420000,0.1400000,0.1390000,0.1390000,0.1390000,0.1420000,0.1390000,0.1470000,0.1350000,0.1350000,0.1350000,0.1360000,0.1440000,0.1470000,0.1460000,0.3290000,0.3310000,0.2990000,0.2860000,0.2600000,0.1510000,0.1330000,0.1350000,0.1340000,0.1350000,0.1350000,0.1350000,0.1330000,0.1380000,0.1390000,0.1400000,0.1400000,0.1330000,0.1220000,0.1230000,0.1210000,0.1190000,0.1150000,0.1170000,0.1180000,0.1190000,0.1200000,0.1230000,0.1240000,0.0520000,0.0330000,0.0330000,0.0350000,0.0390000,0.0370000,0.0360000,0.0360000,0.0360000,0.0350000,0.0370000,0.0360000,0.0350000,0.0320000,0.0310000,0.0320000,0.0310000,0.0320000,0.0320000,0.0310000,0.0310000,0.0300000,0.0300000,0.0290000,0.0290000,0.0280000,0.0290000,0.0280000,0.0290000,0.0300000,0.0290000,0.0280000,0.0290000,0.0350000,0.0340000,0.0350000,0.0340000,0.0340000,0.0340000,0.0340000,0.0340000,0.0340000,0.0310000,0.0300000,0.0300000,0.0300000,0.0300000,0.0300000,A,,,,
300,20260917,0.0280000,0.0260000,0.0280000,0.0280000,0.0290000,0.0280000,0.0280000,0.0280000,0.0280000,0.0290000,0.0280000,0.0280000,0.0280000,0.0280000,0.0280000,0.0300000,0.0340000,0.0340000,0.0340000,0.0330000,0.0330000,0.0340000,0.0330000,0.0330000,0.0340000,0.0300000,0.0300000,0.0300000,0.0290000,0.0290000,0.0290000,0.0280000,0.0280000,0.0270000,0.0260000,0.0260000,0.0290000,0.0300000,0.0300000,0.0290000,0.0290000,0.0290000,0.0300000,0.0290000,0.0280000,0.0310000,0.0350000,0.0340000,0.0340000,0.0350000,0.0340000,0.0340000,0.0340000,0.0330000,0.0300000,0.0280000,0.0290000,0.0290000,0.0290000,0.0280000,0.0270000,0.0250000,0.0280000,0.0280000,0.0290000,0.0280000,0.0280000,0.0280000,0.0280000,0.0280000,0.0280000,0.0280000,0.1000000,0.1210000,0.1600000,0.1800000,0.1310000,0.1860000,0.1310000,0.1370000,0.1450000,0.2690000,0.1580000,0.1590000,0.1230000,0.1250000,0.1240000,0.1260000,0.1260000,0.1580000,0.1830000,0.1280000,0.1370000,0.1330000,0.1330000,0.1660000,0.3750000,0.3440000,0.2960000,0.2090000,0.1340000,0.1290000,0.1350000,0.1280000,0.1280000,0.1310000,0.1280000,0.1280000,0.1340000,0.1690000,0.2740000,0.2510000,0.1310000,0.1210000,0.1260000,0.1250000,0.1240000,0.1250000,0.1250000,0.1380000,0.0770000,0.0250000,0.0250000,0.0240000,0.0250000,0.0240000,0.0240000,0.0260000,0.0290000,0.0260000,0.0280000,0.0320000,0.0330000,0.0310000,0.0300000,0.0310000,0.0330000,0.0320000,0.0300000,0.0310000,0.0270000,0.0240000,0.0230000,0.0250000,0.0730000,0.1470000,0.0370000,0.0330000,0.0330000,0.0320000,0.0320000,0.0320000,0.0320000,0.0320000,0.0320000,0.0340000,0.0350000,0.0350000,0.0360000,0.0430000,0.0380000,0.0310000,0.0290000,0.0320000,0.0330000,0.0330000,0.0330000,0.0330000,0.0340000,0.0350000,0.0330000,0.0320000,0.0270000,0.0280000,0.0290000,0.0260000,0.0270000,0.0280000,0.0270000,0.0280000,0.0260000,0.0280000,0.0270000,0.0330000,0.0270000,0.0290000,0.0300000,0.0410000,0.0410000,0.0470000,0.0480000,0.0500000,0.1600000,0.2000000,0.2100000,0.2150000,0.2230000,0.1930000,0.1880000,0.2000000,0.2080000,0.2050000,0.2030000,0.3660000,0.4140000,0.3430000,0.2900000,0.2790000,0.2730000,0.2970000,0.1930000,0.1890000,0.1880000,0.1870000,0.1880000,0.1900000,0.1930000,0.1950000,0.1970000,0.1990000,0.1960000,0.1960000,0.1990000,0.1930000,0.1900000,0.1820000,0.1750000,0.1740000,0.1750000,0.1740000,0.1750000,0.1740000,0.1770000,0.1850000,0.1870000,0.1790000,0.1690000,0.1290000,0.1300000,0.1310000,0.0560000,0.0400000,0.0390000,0.0360000,0.0370000,0.0440000,0.0460000,0.0450000,0.0410000,0.0350000,0.0370000,0.0390000,0.0420000,0.0400000,0.0370000,0.0360000,0.0370000,0.0370000,0.0380000,0.0410000,0.0360000,0.0350000,0.0350000,0.0350000,0.0340000,0.0300000,0.0270000,0.0300000,0.0310000,0.0300000,0.0310000,0.0300000,0.0300000,0.0360000,0.0360000,0.0350000,0.0350000,0.0360000,0.0340000,0.0350000,0.0350000,0.0350000,0.0290000,0.0300000,0.0300000,0.0300000,0.0300000,0.0300000,A,,,,
200,3033136017,E1E2,E2,E2,,218613519,kWh,5,
300,20260623,0,0,0,0,0,0,0.2240000,0.2500000,0,0,0,0,0,0,0,0,0,0,0,0,0,0,0,0,0,0,0,0,0,0,0,0,0,0,0,0,0,0,0,0,0,0,0,0,0,0,0,0,0,0,0,0,0,0,0,0.0980000,0.3160000,0.0620000,0,0,0,0,0,0,0,0,0,0,0,0,0,0,0,0,0,0,0,0,0,0,0,0,0,0,0,0,0.0890000,0.3060000,0.1520000,0,0,0,0,0,0,0,0,0,0,0,0,0,0,0,0,0,0,0,0,0,0,0,0,0,0,0,0.1640000,0.2880000,0,0,0,0,0,0,0,0,0,0,0,0,0,0,0,0,0,0,0,0,0,0,0,0,0,0,0,0,0,0,0,0,0,0,0,0,0,0,0,0,0,0,0,0,0.1480000,0.3050000,0,0,0,0,0,0,0,0,0,0,0,0,0,0,0,0,0,0,0,0,0,0,0,0,0,0,0,0,0,0,0,0,0,0,0,0,0,0,0,0,0,0,0,0,0,0,0,0,0,0,0,0,0,0,0,0.0510000,0.3090000,0.1240000,0,0,0,0,0,0,0.0710000,0.3110000,0.3110000,0.3120000,0.3120000,0.3090000,0.3080000,0.3050000,0.1840000,0,0,0,0,0,0,0,0,0,0,0,0,0,0.0520000,0.3080000,0.1710000,0,0,0,0,0,0,0,0,0,0,0,0,0,0,0,0,0,0,0,0,0.0350000,0.3150000,0.1250000,0,0,0,0,0,0,0,0,0,0,0,0,A,,,,
300,20260624,0,0,0,0,0,0,0,0,0,0,0,0,0,0,0,0,0,0,0,0,0,0,0,0,0,0,0,0.0720000,0.3120000,0.0590000,0,0,0,0,0,0,0,0,0,0,0,0,0,0,0,0,0,0,0,0,0,0,0,0,0,0,0,0,0,0,0,0,0,0,0,0,0,0,0,0,0,0,0,0,0,0,0,0,0.0910000,0.3100000,0.0900000,0,0,0,0,0,0,0,0,0,0,0,0,0,0,0,0,0,0,0,0,0,0,0,0,0.1060000,0.3090000,0.0600000,0,0,0,0,0,0,0,0,0,0,0,0,0,0,0,0,0,0,0,0,0,0.1810000,0.2580000,0,0,0,0,0,0,0,0,0,0,0,0,0,0,0,0,0,0,0,0,0,0,0,0,0,0,0,0.2690000,0.2400000,0,0,0,0,0,0,0,0,0,0,0,0,0,0,0,0,0,0,0,0,0,0,0,0,0,0,0,0,0.0490000,0.3090000,0.1010000,0,0,0,0,0,0,0,0,0,0,0,0,0,0,0,0,0,0,0,0,0,0,0,0,0,0,0,0,0,0.2670000,0.2950000,0,0,0,0,0,0,0,0,0,0,0,0,0,0,0,0,0,0,0,0,0,0,0,0,0,0,0,0,0,0,0,0,0,0,0,0.0160000,0.3060000,0.3050000,0.3050000,0.3040000,0.3050000,0.3060000,0.3070000,0.3080000,0.3080000,0.3090000,0.2700000,0,0,0,0,0,0,0,0,0,0,0,0,0,0,0,0,0,0,0,A,,,,
300,20260625,0,0,0,0,0,0.2300000,0.3180000,0.0030000,0,0,0,0,0,0,0,0,0,0,0,0,0,0,0,0,0,0,0,0,0,0,0,0,0,0,0,0,0,0,0,0,0,0,0,0,0,0,0,0,0,0,0.2170000,0.2950000,0,0,0,0,0,0,0,0,0,0,0,0,0,0,0,0,0,0,0,0,0,0,0,0,0,0,0,0,0,0,0,0,0,0,0,0.2230000,0.3090000,0.3100000,0.1470000,0,0,0,0,0,0.0830000,0.3030000,0.2960000,0,0,0,0,0,0,0,0,0,0,0.0720000,0.3020000,0.1810000,0,0,0,0,0,0,0,0,0,0,0,0,0,0,0,0,0,0,0,0,0,0.2430000,0.2090000,0,0,0,0,0,0,0,0,0,0,0,0,0,0,0,0,0,0,0,0,0,0,0,0,0,0,0,0,0,0,0,0,0,0,0,0,0,0,0,0,0.1130000,0.2900000,0,0,0,0,0,0,0,0,0,0,0,0,0,0,0,0,0,0,0,0,0,0,0,0,0,0,0,0,0,0,0,0,0.2430000,0.2310000,0,0,0,0,0,0,0,0,0,0,0,0,0,0.0160000,0.3090000,0.3090000,0.3080000,0.3110000,0.3130000,0.3110000,0.3120000,0.3130000,0.3130000,0.1630000,0,0,0,0,0,0,0,0,0,0,0,0,0,0,0,0,0,0,0,0,0.0420000,0.3120000,0.1350000,0,0,0,0,0,0,0,0,0,0.1370000,0.3130000,0.1350000,0,0,0,0,0,0,0,0,0,0,0,0,0,0,0,0,0,0,A,,,,
300,20260626,0,0,0,0,0.2800000,0.1760000,0,0,0,0,0,0,0,0,0,0,0,0,0,0,0,0,0,0,0,0,0,0,0,0,0,0,0,0,0,0,0,0,0,0,0,0,0,0,0,0,0,0.1570000,0.2730000,0,0,0,0,0,0,0,0,0,0,0,0,0,0,0,0,0,0,0,0,0,0,0,0,0,0,0,0,0,0,0,0,0,0,0,0,0,0,0,0,0,0,0,0,0,0.2380000,0.2180000,0,0,0,0,0,0,0,0,0,0,0,0,0,0,0.1260000,0.2990000,0.0760000,0,0,0,0,0,0,0,0,0,0,0,0,0,0,0,0,0,0,0,0.2050000,0.2600000,0,0,0,0,0,0,0,0,0,0,0,0,0,0,0,0,0,0,0,0,0,0,0,0,0,0,0,0,0,0,0,0,0,0,0,0,0,0.1180000,0.3010000,0,0,0,0,0,0,0,0,0,0,0,0,0,0,0,0,0,0,0,0,0,0,0,0,0,0,0,0.1760000,0.2890000,0,0,0,0,0,0,0,0,0,0,0,0,0,0,0,0,0,0,0,0,0,0.1370000,0.3100000,0.3060000,0.3050000,0.3030000,0.3030000,0.3050000,0.2430000,0,0,0,0,0,0,0,0,0,0,0,0,0,0,0,0,0,0,0,0.1500000,0.3130000,0.0350000,0,0,0,0,0,0,0,0,0,0,0,0,0,0,0,0,0,0,0,0,0,0,0,0,0,0,0,0,0,0,0,0.2080000,0.2250000,0,0,A,,,,
300,20260627,0,0,0,0,0,0,0,0,0,0,0,0,0,0,0,0,0,0,0,0,0,0,0,0,0,0,0,0,0,0,0,0,0,0,0,0,0,0,0,0,0,0,0,0,0,0,0,0,0,0.2430000,0.1940000,0,0,0,0,0,0,0,0,0,0,0,0,0,0,0,0,0,0,0,0,0,0,0,0,0,0,0,0,0,0,0,0,0,0,0,0,0,0.2650000,0.3060000,0.0640000,0,0,0,0,0,0,0,0.3030000,0.3080000,0.3080000,0.3060000,0.3090000,0.3060000,0.1160000,0,0,0,0,0,0,0,0,0.1200000,0.3090000,0.1640000,0,0,0,0,0,0,0,0,0,0,0,0,0,0,0,0,0,0,0,0,0,0,0,0,0,0.2590000,0.1760000,0,0,0,0,0,0,0,0,0,0,0,0,0,0,0,0,0,0,0,0,0,0,0,0,0,0,0.1280000,0.3070000,0.1790000,0,0,0,0,0,0,0,0,0,0,0.2600000,0.2500000,0,0,0,0,0,0,0,0,0,0,0,0,0,0,0,0,0,0,0,0,0,0,0,0,0,0,0,0.3010000,0.1430000,0,0,0,0,0,0,0,0,0,0,0.0180000,0.3040000,0.3050000,0.3070000,0.3070000,0.3070000,0.3070000,0.3100000,0.1540000,0,0,0,0,0,0,0,0,0,0,0,0,0,0,0,0,0,0,0,0,0,0,0,0.1970000,0.2680000,0,0,0,0,0,0,0,0,0,0,0,0,0,0,0,0,0,0,0,0,0,0,0,0,0,0,0,0,0,0,0,A,,,,
300,20260628,0,0,0,0,0,0,0,0,0,0,0,0,0,0,0.2860000,0.1630000,0,0,0,0,0,0,0,0,0,0,0,0,0,0,0,0,0,0,0,0,0,0,0,0,0,0,0,0,0,0,0,0,0,0,0,0,0,0,0,0,0,0,0,0,0,0,0,0,0,0,0,0,0,0,0,0,0,0,0,0,0.2270000,0.2500000,0,0,0,0,0,0,0,0,0,0,0,0,0,0,0,0,0,0,0.2700000,0.2970000,0,0,0,0,0,0,0,0,0,0,0,0,0,0,0,0,0,0,0,0,0,0,0,0,0,0.2930000,0.1810000,0,0,0,0,0,0,0,0,0,0,0,0,0,0,0,0,0,0,0,0,0,0,0,0,0,0,0,0.1090000,0.3080000,0.0070000,0,0,0,0,0,0,0,0,0,0.2590000,0.3090000,0.3100000,0.3100000,0.2720000,0,0,0,0,0,0,0,0,0,0,0,0,0,0,0,0,0,0,0,0,0,0,0,0,0.1290000,0.3080000,0.0120000,0,0,0,0,0,0,0,0,0,0,0,0,0,0,0,0,0,0,0.2570000,0.2190000,0,0,0,0,0,0,0,0,0.1560000,0.3060000,0.3070000,0.3060000,0.3060000,0.3080000,0.3040000,0.3010000,0.3030000,0.3050000,0.3060000,0.3050000,0.3070000,0.3080000,0.3080000,0.3080000,0.3080000,0.0340000,0,0,0,0,0,0,0,0,0,0,0,0,0,0,0,0,0,0,0,0,0,0,0.2610000,0.3110000,0.0550000,0,0,0,0,0,0,0.1880000,0.3150000,0.1040000,0,0,0,0,0,0,0,0,0,0,0,0,A,,,,
300,20260629,0,0,0,0,0,0,0,0,0,0,0,0.2630000,0.2080000,0,0,0,0,0,0,0,0,0,0,0,0,0,0,0,0,0,0,0,0,0,0,0,0,0,0,0,0,0,0,0,0,0,0,0,0,0,0,0,0,0,0,0.3100000,0.0730000,0,0,0,0,0,0,0,0,0,0,0,0,0,0,0,0,0,0,0,0,0,0,0,0,0,0,0,0,0,0,0,0,0,0.1650000,0.3110000,0.0020000,0,0,0,0,0,0,0,0,0,0,0,0,0,0,0,0,0,0,0,0,0,0,0,0,0,0.1780000,0.3090000,0,0,0,0,0,0,0,0,0,0,0,0,0,0,0,0,0,0,0,0,0,0,0,0,0,0,0,0,0,0,0,0,0,0,0,0,0,0,0,0,0,0.0270000,0.3060000,0.1270000,0,0,0,0,0,0,0,0,0,0,0,0,0,0,0,0,0,0,0,0,0,0,0,0,0,0.2550000,0.1900000,0,0,0,0,0,0,0,0,0,0,0,0,0,0,0,0,0,0,0,0,0,0,0,0,0,0,0,0,0.1430000,0.3050000,0.0460000,0,0,0,0.2970000,0.3070000,0.3050000,0.3060000,0.3040000,0.3040000,0.3060000,0.3050000,0.3060000,0.3060000,0.3050000,0.3050000,0.1920000,0,0,0,0,0,0,0,0,0,0,0,0,0,0,0,0,0,0,0,0,0.1680000,0.3090000,0.0380000,0,0,0,0,0,0,0,0,0,0,0,0,0,0,0,0,0,0,0,0,0,0,0,0,0,0,0,A,,,,
300,20260630,0,0,0,0,0,0,0,0.0180000,0.3100000,0.1350000,0,0,0,0,0,0,0,0,0,0,0,0,0,0,0,0,0,0,0,0,0,0,0,0,0,0,0,0,0,0,0,0,0,0,0,0,0,0,0,0,0,0,0,0,0,0,0,0,0,0,0,0,0,0,0,0.2670000,0.2280000,0,0,0,0,0,0,0,0,0,0,0,0,0,0,0,0,0,0,0,0,0,0,0,0,0,0,0,0,0,0,0,0,0,0,0,0,0,0,0,0,0,0,0,0,0,0.0490000,0.3040000,0.1770000,0,0,0,0,0,0,0,0,0,0,0,0,0,0,0,0,0,0,0,0,0,0,0,0,0,0,0,0,0,0,0.1610000,0.2980000,0,0,0,0,0,0,0,0,0,0,0,0,0,0,0,0,0,0,0,0,0,0,0,0,0,0,0,0,0,0,0,0,0,0,0,0,0.0700000,0.3080000,0.0970000,0,0,0,0,0,0,0.2590000,0.3070000,0.0420000,0,0,0,0,0,0,0,0,0,0,0,0,0,0,0,0,0.0030000,0.2960000,0.1970000,0,0,0,0,0,0,0,0,0,0,0,0,0,0,0.2720000,0.2160000,0,0.1940000,0.3060000,0.3040000,0.3060000,0.3040000,0.3050000,0.3080000,0.3070000,0.3070000,0.2710000,0,0,0,0,0,0,0,0,0,0,0,0,0,0,0,0,0,0,0,0,0,0,0.0370000,0.3160000,0.1060000,0,0,0,0,0,0,0,0,0,0,0,0,0,0,0,0,0,0,0,0,0,0,A,,,,
300,20260701,0,0,0,0,0,0,0,0.0170000,0.3130000,0.1050000,0,0,0,0,0,0,0,0,0,0,0,0,0,0,0,0,0,0,0,0,0,0,0,0,0,0,0,0,0,0,0,0,0,0,0,0,0,0,0,0,0,0,0,0,0,0,0,0,0,0.1870000,0.2600000,0,0,0,0,0,0,0,0,0,0,0,0,0,0,0,0,0,0,0,0,0,0,0,0,0,0,0,0,0,0,0,0.1580000,0.3100000,0.0790000,0,0,0,0,0,0,0,0,0,0,0,0,0,0,0,0,0,0,0.1850000,0.2910000,0,0,0,0,0,0,0,0,0,0,0,0,0,0,0,0,0,0,0,0,0,0,0,0,0,0,0,0,0,0,0.2140000,0.2200000,0,0,0,0,0,0,0,0,0,0,0,0,0,0,0,0,0,0,0,0,0,0,0,0,0,0,0,0,0,0,0,0,0,0,0,0,0,0,0.2180000,0.2170000,0,0,0,0,0,0,0,0,0,0,0,0,0,0,0,0,0,0,0,0,0,0,0,0,0,0,0,0,0,0.1420000,0.3070000,0.0320000,0,0,0,0.1170000,0.3110000,0.3120000,0.3130000,0.3130000,0.3120000,0.3120000,0.3100000,0.1040000,0,0,0,0,0,0,0,0,0,0,0,0,0,0,0,0,0.2940000,0.1390000,0,0,0,0,0,0,0,0,0,0,0,0,0,0,0,0,0,0,0,0,0,0,0,0,0,0,0,0,0.0850000,0.3180000,0.0530000,0,0,0,0,0,0,0,0,A,,,,
300,20260702,0,0,0,0,0,0,0,0,0,0,0,0,0,0,0,0,0,0,0,0,0,0,0,0,0,0,0,0,0,0,0,0,0,0,0,0,0,0,0,0,0,0.0780000,0.3120000,0.0740000,0,0,0,0,0,0,0,0,0,0,0,0,0,0,0,0,0,0,0,0,0,0,0,0,0,0,0,0,0,0,0,0,0,0,0,0,0,0,0,0,0,0,0,0,0,0.2420000,0.3100000,0.3090000,0.3040000,0.0020000,0,0,0,0,0,0,0,0,0,0,0.0080000,0.3060000,0.2500000,0,0,0,0,0,0,0,0,0,0,0,0,0,0,0,0,0,0,0,0,0,0,0,0,0,0,0.2770000,0.1710000,0,0,0,0,0,0,0,0,0,0,0,0,0,0,0,0,0,0,0,0,0,0,0,0,0,0,0,0,0,0,0,0,0,0,0,0,0,0,0,0,0,0,0,0,0,0,0.0340000,0.3050000,0.1180000,0,0,0,0,0,0,0,0,0,0,0,0,0,0,0,0,0.0080000,0.3010000,0.2060000,0,0,0,0,0,0,0,0,0,0,0,0,0,0,0.0160000,0.3010000,0.1560000,0,0,0,0,0,0.0030000,0.3040000,0.3060000,0.3070000,0.3080000,0.3080000,0.3070000,0.3070000,0.2600000,0,0,0,0.2050000,0.3080000,0.2260000,0,0,0,0,0,0,0,0,0,0,0,0,0,0,0,0,0,0.1230000,0.3110000,0.0380000,0,0,0,0,0,0,0,0,0,0,0,0,0,0,0,0,0,0,0,0,0,0,0,0.2310000,0.2120000,0,0,0,A,,,,
300,20260703,0,0,0,0,0,0,0,0,0,0,0,0,0,0,0,0,0,0,0,0,0,0,0,0,0,0,0,0,0,0,0,0,0,0,0,0,0,0,0,0,0.2850000,0.1470000,0,0,0,0,0,0,0,0,0,0,0,0,0,0,0,0,0,0,0,0,0,0,0,0,0,0,0,0,0,0,0,0,0,0,0,0,0,0,0,0,0,0,0,0,0,0,0,0,0.2030000,0.2580000,0,0,0,0,0,0,0,0,0,0,0,0,0,0,0,0,0,0,0,0,0,0,0,0,0,0,0,0,0,0,0,0,0,0,0,0,0,0,0,0.0580000,0.3080000,0.0890000,0,0,0,0,0,0,0,0,0,0,0,0,0,0,0,0,0,0,0,0,0,0,0,0,0,0,0,0,0,0,0,0,0,0,0,0,0.2180000,0.2720000,0,0,0,0,0,0,0,0,0,0,0,0,0,0,0,0,0,0,0,0,0,0,0,0,0,0,0,0,0,0,0,0,0,0.2180000,0.2470000,0,0,0,0,0,0,0,0,0,0,0,0,0,0,0,0,0,0,0,0,0.0800000,0.3130000,0.3120000,0.3140000,0.3140000,0.3160000,0.3090000,0.3060000,0.3080000,0.3090000,0.3100000,0.3100000,0.3090000,0.3100000,0.2450000,0,0,0,0,0,0,0,0,0,0,0,0,0,0,0,0,0,0,0,0,0.1150000,0.3110000,0.1440000,0,0,0,0,0,0,0,0,0,0,0,0,0,0,0,0,0.0960000,0.3110000,0.1030000,0,0,0,0,A,,,,
300,20260704,0,0,0,0,0,0,0,0,0,0,0,0,0,0,0,0,0,0,0,0,0,0,0,0,0,0,0,0,0,0,0,0.0690000,0.3120000,0.0870000,0,0,0,0,0,0,0,0,0,0,0,0,0,0,0,0,0,0,0,0,0,0,0,0,0,0,0,0,0,0,0,0,0,0,0,0,0,0,0,0,0,0,0,0,0,0,0,0,0,0.0360000,0.3110000,0.1560000,0,0,0,0,0,0,0.0540000,0.3080000,0.3080000,0.3080000,0.3090000,0.3070000,0.3070000,0.3050000,0.3060000,0.3050000,0.3030000,0.3020000,0.3100000,0.3110000,0.3110000,0.3120000,0.0990000,0,0,0,0,0,0,0,0,0,0,0,0,0,0,0,0,0,0,0,0,0,0,0.1010000,0.3100000,0.0710000,0,0,0,0,0,0,0,0,0,0,0,0,0,0,0,0,0,0,0.2290000,0.2840000,0,0,0,0,0,0,0,0,0,0,0,0,0,0,0,0,0.0820000,0.3090000,0.1090000,0,0,0,0,0,0,0,0,0,0,0,0,0,0,0,0,0,0,0,0,0,0,0,0,0,0,0,0,0,0,0,0,0,0.1640000,0.3020000,0,0,0,0,0,0,0,0,0,0,0,0,0,0,0,0,0,0,0,0,0,0,0,0,0,0,0,0,0,0,0,0,0,0,0,0,0,0,0,0,0,0,0,0,0,0,0,0,0,0.0580000,0.3120000,0.3120000,0.3120000,0.3120000,0.3140000,0.3130000,0.3140000,0.3140000,0.3130000,0.0180000,0,0,0,0,0,0,0,0,0,0,0,0,0,0,0,0,0,0,0,0,A,,,,
300,20260705,0,0.2380000,0.3120000,0.0070000,0,0,0,0,0,0,0,0,0,0,0,0,0,0,0,0,0,0,0,0,0,0,0,0,0,0,0,0,0,0,0,0,0,0,0,0,0,0,0,0,0.2110000,0.2910000,0,0,0,0,0,0,0,0,0,0,0,0,0,0,0,0,0,0,0,0,0,0,0,0,0,0,0,0,0,0,0,0,0,0,0,0,0,0.3030000,0.3080000,0.3090000,0.3080000,0.3070000,0.3090000,0.3080000,0.0860000,0,0,0,0,0,0,0,0,0.2480000,0.3060000,0.0610000,0,0,0,0,0,0,0,0,0,0,0,0,0,0,0,0,0,0,0,0,0,0,0.0990000,0.3110000,0.0540000,0,0,0,0,0,0,0,0,0,0,0,0,0,0,0,0,0,0,0,0,0,0,0,0,0,0,0,0,0,0,0,0,0,0,0,0,0,0,0,0,0.1800000,0.2220000,0,0,0,0,0,0,0,0,0,0,0,0,0,0,0,0,0,0,0,0,0,0,0.1040000,0.3120000,0.0510000,0,0,0,0,0,0,0,0,0,0,0,0,0,0,0,0,0,0,0,0,0,0,0.2830000,0.3070000,0.3050000,0.3030000,0.3040000,0.3060000,0.3040000,0.3060000,0.3090000,0.3070000,0.3060000,0.3060000,0.3070000,0.0770000,0,0,0,0,0,0,0,0,0,0,0,0,0,0,0,0,0,0,0,0,0,0,0,0.2290000,0.2910000,0,0,0,0,0,0,0,0,0,0,0,0,0,0,0,0,0,0,0,0,0,0,0,0,0,0,0,0,0,0,0,0,0,A,,,,
300,20260706,0,0,0,0,0,0,0,0,0,0,0,0.0720000,0.3170000,0.0810000,0,0,0,0,0,0,0,0,0,0,0,0,0,0,0,0,0,0,0,0,0,0,0,0,0,0,0,0,0,0,0,0,0,0,0,0,0,0,0,0,0,0,0,0,0,0,0,0,0,0,0,0,0,0,0,0,0,0.1560000,0.3100000,0.0650000,0,0,0,0,0,0,0,0,0,0,0,0,0,0,0,0,0,0,0,0,0,0,0,0,0,0,0,0,0,0,0,0,0,0,0,0,0.2890000,0.2390000,0,0,0,0,0,0,0,0,0,0,0,0,0,0,0,0,0,0,0,0,0,0.2450000,0.3070000,0.0070000,0,0,0,0,0,0,0,0,0,0,0,0,0,0,0,0,0,0,0,0,0,0,0,0.2210000,0.2370000,0,0,0,0,0,0,0,0,0,0,0,0,0,0,0,0,0,0,0,0,0,0,0,0,0,0,0,0,0,0,0,0,0,0,0,0,0,0,0,0,0.0750000,0.3080000,0.0670000,0,0,0,0,0,0,0.2610000,0.3040000,0.3050000,0.3070000,0.3030000,0.3040000,0.3030000,0.3030000,0.3020000,0.3050000,0.3040000,0.3050000,0.3060000,0.3060000,0.3060000,0.2310000,0,0,0,0,0,0,0,0,0,0,0,0,0.0680000,0.3090000,0.1330000,0,0,0,0,0,0,0,0,0,0,0,0,0,0,0,0,0,0,0,0.1220000,0.3150000,0.3150000,0.3140000,0.3160000,0.3150000,0.3140000,0.3150000,0.3140000,0.0180000,0,0,0,0,0,0,0,0,0,0,0,0,0,0,0,0,0,0,A,,,,
300,20260707,0,0.0720000,0.3170000,0.1620000,0,0,0,0,0,0,0,0,0,0,0,0,0,0,0,0,0,0,0,0,0,0,0,0,0,0,0,0,0,0,0,0,0,0,0,0,0,0,0.2210000,0.2460000,0,0,0,0,0,0,0,0,0,0,0,0,0,0,0,0,0,0,0,0,0,0,0,0,0,0,0,0,0,0,0,0,0,0,0,0,0,0,0,0,0,0,0,0,0,0,0,0,0,0,0,0,0,0,0.1700000,0.3060000,0.0180000,0,0,0,0,0,0,0,0,0,0,0.3010000,0.2960000,0,0,0,0,0,0,0,0,0,0,0,0,0,0,0,0,0,0,0,0,0,0,0,0,0,0,0,0,0.2420000,0.2240000,0,0,0,0,0,0,0,0,0,0,0,0,0,0,0,0,0,0,0,0,0,0,0,0,0,0,0,0,0,0,0,0,0,0,0,0,0.0720000,0.3080000,0.0730000,0,0,0,0,0,0,0,0,0,0,0,0,0,0,0.0190000,0.3070000,0.2140000,0,0,0,0,0,0,0,0,0,0,0,0,0,0,0,0,0,0,0,0,0,0,0.2310000,0.2450000,0,0.0340000,0.3060000,0.3060000,0.3100000,0.3090000,0.3110000,0.3090000,0.3100000,0.3100000,0.3090000,0.3080000,0.3090000,0.2670000,0,0,0,0,0,0,0,0,0,0,0,0,0,0,0,0,0,0,0,0,0,0,0,0,0.0130000,0.3140000,0.1870000,0,0,0,0,0,0,0,0,0,0,0,0,0,0,0,0,0,0,0,0,0,0,0,0,A,,,,
300,20260708,0,0,0,0,0.1190000,0.3130000,0.0630000,0,0,0,0,0,0,0,0,0,0,0,0,0,0,0,0,0,0,0,0,0,0,0,0,0,0,0,0,0,0,0,0,0,0,0,0,0,0,0,0,0,0,0,0,0,0,0,0,0,0,0.1910000,0.2900000,0,0,0,0,0,0,0,0,0,0,0,0,0,0,0,0,0,0,0,0,0,0,0,0,0,0,0,0,0,0,0,0,0,0.2050000,0.3070000,0.1000000,0,0,0,0,0,0,0,0,0,0,0,0,0,0.2080000,0.2990000,0,0,0,0,0,0,0,0,0,0,0,0,0,0,0,0,0,0,0,0,0,0,0,0,0,0,0,0,0,0,0,0,0.2750000,0.1570000,0,0,0,0,0,0,0,0,0,0,0,0,0,0,0,0,0,0,0,0,0,0,0,0,0,0,0,0,0,0,0,0,0,0,0,0,0,0.0010000,0.3060000,0.1180000,0,0,0,0,0,0,0,0,0,0,0,0,0,0,0,0,0,0,0,0,0,0,0,0.2540000,0.2570000,0,0,0,0,0,0,0,0,0,0,0,0,0,0,0,0.1670000,0.3030000,0.3050000,0.3070000,0.3030000,0.3000000,0.2980000,0.3000000,0.3010000,0.3020000,0.3040000,0.1270000,0,0,0,0,0,0,0,0,0,0,0,0,0,0,0,0,0,0,0,0,0.0230000,0.3120000,0.1670000,0,0,0,0,0,0,0,0,0,0,0,0,0,0,0,0,0,0,0,0,0,0,0,0,0,0,0,0,0,A,,,,
300,20260709,0,0,0,0,0,0,0.2060000,0.2810000,0,0,0,0,0,0,0,0,0,0,0,0,0,0,0,0,0,0,0,0,0,0,0,0,0,0,0,0,0,0,0,0,0,0,0,0,0,0,0,0,0,0,0,0,0,0,0,0,0,0,0,0,0,0,0.1870000,0.2990000,0,0,0,0,0,0,0,0,0,0,0,0,0,0,0,0,0,0,0,0,0,0.0960000,0.3110000,0.3100000,0.3100000,0.3100000,0.3090000,0.3080000,0.3070000,0.3070000,0.3070000,0.3060000,0.3060000,0.2850000,0,0,0,0,0,0,0,0,0,0,0,0,0,0,0,0,0,0,0,0,0,0,0,0.0360000,0.3080000,0.1590000,0,0,0,0,0,0,0,0,0,0,0,0.1800000,0.3040000,0.2140000,0,0,0,0,0,0,0,0,0,0,0,0,0,0,0,0,0,0.2470000,0.2610000,0,0,0,0,0,0,0,0,0,0,0,0.1610000,0.3030000,0.0390000,0,0,0,0,0,0,0,0,0,0,0,0,0,0,0,0,0,0,0,0,0,0,0,0,0,0,0,0,0.0610000,0.3050000,0.0830000,0,0,0,0,0,0,0,0,0,0,0,0,0,0,0,0,0,0.0170000,0.3050000,0.3070000,0.2470000,0,0,0,0,0,0,0,0,0,0,0,0,0,0,0,0,0,0,0,0,0,0,0,0,0,0,0,0,0,0,0,0,0,0,0.2750000,0.3130000,0.3120000,0.3120000,0.3120000,0.3140000,0.3140000,0.3150000,0.0300000,0,0,0,0,0,0,0,0,0,0,0,0,0,0,0.0460000,0.3170000,0.1970000,0,0,0,0,0,A,,,,
300,20260710,0,0,0,0,0,0,0,0,0,0,0,0,0,0,0,0,0,0,0,0,0,0,0,0,0,0.2030000,0.2640000,0,0,0,0,0,0,0,0,0,0,0,0,0,0,0,0,0,0,0,0,0,0,0,0,0,0,0,0,0,0,0,0,0,0,0,0,0,0,0,0,0,0,0.0890000,0.3110000,0.0870000,0,0,0,0,0,0,0,0,0,0,0,0,0,0,0,0,0,0,0,0,0,0,0,0,0,0,0,0,0,0,0,0.2360000,0.2510000,0,0,0,0,0,0,0,0,0,0,0,0,0,0,0,0,0,0,0,0,0,0,0,0.0590000,0.3110000,0.1070000,0,0,0,0,0,0,0,0,0,0,0,0,0,0,0,0,0,0,0,0,0,0,0,0,0,0,0,0,0,0,0,0,0,0,0,0,0,0,0,0,0.2970000,0.1190000,0,0,0,0,0,0,0,0,0,0,0,0,0,0,0,0,0,0,0,0,0,0,0,0.2730000,0.1940000,0,0,0,0,0,0,0,0,0,0,0,0,0,0,0,0,0,0,0,0,0,0,0,0,0,0,0.1240000,0.3030000,0.0570000,0,0,0.0660000,0.3090000,0.3070000,0.3060000,0.3080000,0.3090000,0.3060000,0.3060000,0.3040000,0.0420000,0,0,0,0,0,0,0,0,0,0,0,0,0,0,0,0,0,0,0,0,0,0,0.0860000,0.3130000,0.0860000,0,0,0,0,0,0,0,0,0,0,0,0,0,0,0,0,0,0,0,0,0,0,0,0,A,,,,
300,20260711,0,0,0,0.2200000,0.2400000,0,0,0,0,0,0,0,0,0,0,0,0,0,0,0,0,0,0,0,0,0,0,0,0,0,0,0,0,0,0,0,0,0,0,0,0,0,0,0,0,0,0,0,0,0,0,0,0.2240000,0.2400000,0,0,0,0,0,0,0,0,0,0,0,0,0,0,0,0,0,0,0,0,0,0,0,0,0,0.3130000,0.3150000,0.3130000,0.3140000,0.3100000,0.3110000,0.0190000,0,0,0,0,0,0,0,0,0,0,0.1160000,0.3100000,0.2180000,0,0,0,0,0,0.0390000,0.3100000,0.2940000,0,0,0,0,0,0,0,0,0,0,0,0,0,0,0,0,0,0.2460000,0.2210000,0,0,0,0,0,0,0,0,0,0,0,0,0,0,0,0,0,0,0,0,0,0,0,0,0,0,0,0,0,0,0,0.2780000,0.1490000,0,0,0,0,0,0,0,0,0,0,0,0,0,0,0,0,0,0,0,0,0,0,0,0,0,0,0,0,0,0,0,0,0,0,0,0,0,0,0,0,0,0,0,0,0,0,0,0,0,0,0,0.0290000,0.3050000,0.1050000,0,0,0,0,0,0,0.2340000,0.3110000,0.3080000,0.3070000,0.3080000,0.3060000,0.3050000,0.3060000,0.3080000,0.3050000,0.0090000,0,0,0,0,0,0,0,0,0,0,0,0,0,0,0,0,0,0,0,0.0060000,0.3110000,0.3110000,0.3130000,0.2620000,0,0,0,0,0,0,0,0,0,0,0,0,0,0.0610000,0.3150000,0.1710000,0,0,0,0,0,0,0,0,0,0,0,0,0,0,0,0,0,0,A,,,,
300,20260712,0,0,0,0,0,0,0,0,0,0.0640000,0.3170000,0.0500000,0,0,0,0,0,0,0,0,0,0,0,0,0,0,0,0,0,0,0,0,0,0,0,0,0,0,0,0,0,0,0,0,0,0,0,0,0,0,0,0,0,0,0,0,0.1240000,0.3190000,0.0200000,0,0,0,0,0,0,0,0,0,0,0,0,0,0,0,0,0,0,0,0,0,0,0,0,0,0,0,0,0,0,0,0,0,0.0520000,0.3060000,0.1290000,0,0,0,0,0,0,0,0,0,0,0,0,0,0,0,0,0,0,0,0,0,0,0,0,0,0,0,0.0400000,0.3130000,0.0900000,0,0,0,0,0,0,0,0,0,0,0,0,0,0,0,0,0,0,0,0,0,0,0,0.2910000,0.2990000,0,0,0,0,0,0,0,0,0,0,0,0,0,0,0,0,0.0370000,0.3100000,0.2040000,0,0,0,0,0,0,0,0,0,0,0,0,0,0,0,0.2820000,0.3060000,0.2720000,0,0,0,0,0,0,0,0,0,0,0,0,0,0,0.2020000,0.2860000,0,0,0,0,0,0,0,0,0,0,0,0,0,0,0,0.2570000,0.1980000,0,0,0,0,0,0,0,0,0,0,0,0,0,0,0,0.0440000,0.3080000,0.3070000,0.3050000,0.3040000,0.3030000,0.3030000,0.3030000,0.3050000,0.3060000,0.3050000,0.3050000,0.3050000,0.3050000,0.3060000,0.2540000,0,0,0,0,0,0,0,0,0,0,0,0,0,0,0,0,0,0,0,0.0900000,0.3150000,0.1300000,0,0,0,0,0,0,0,0,0,0,0,0,0,0,0,A,,,,
300,20260713,0,0,0,0,0,0,0,0,0,0,0,0,0,0,0,0,0,0,0,0,0,0,0.2100000,0.2750000,0,0,0,0,0,0,0,0,0,0,0,0,0,0,0,0,0,0,0,0,0,0,0,0,0,0,0,0,0,0,0,0,0,0,0,0,0,0,0,0,0,0,0,0,0,0,0,0,0,0,0,0,0,0,0.0040000,0.3070000,0.1900000,0,0,0,0,0,0,0,0,0,0,0,0,0.0450000,0.3090000,0.2070000,0,0,0,0,0,0,0,0,0,0,0,0,0,0,0,0,0,0,0,0,0,0,0,0.1390000,0.3060000,0,0,0,0,0,0,0,0,0,0,0,0,0,0,0,0,0,0,0,0,0,0,0,0,0,0,0,0,0,0,0,0,0,0,0,0,0,0,0,0,0,0,0,0,0,0,0,0,0.0770000,0.3100000,0.0390000,0,0,0,0,0,0,0,0,0,0,0,0,0,0,0,0,0,0,0,0,0,0,0,0,0,0,0,0,0,0,0,0,0,0,0,0,0,0,0,0,0,0,0,0,0.0500000,0.2970000,0.2090000,0,0,0,0,0,0,0,0,0,0,0,0.1140000,0.3120000,0.3110000,0.3110000,0.3100000,0.3080000,0.3080000,0.3090000,0.3090000,0.2430000,0,0,0,0,0,0,0,0,0,0,0,0,0,0,0,0,0,0,0,0,0,0,0,0.2140000,0.3130000,0.0360000,0,0,0,0,0,0,0,0,0,0,0,0,0,0,0,0,0,0,0,0,0,0,A,,,,
300,20260714,0,0,0,0,0,0.2040000,0.2600000,0,0,0,0,0,0,0,0,0,0,0,0,0,0,0,0,0,0,0,0,0,0,0,0,0,0,0,0,0,0,0,0,0,0,0,0,0,0,0,0,0,0,0,0,0,0,0.2090000,0.3120000,0.0010000,0,0,0,0,0,0,0,0,0,0,0,0,0,0,0,0,0,0,0,0,0,0,0,0,0,0,0,0,0,0,0,0,0,0,0,0,0,0.1930000,0.3100000,0.0880000,0,0,0,0,0,0,0,0,0,0,0,0,0,0,0,0,0,0,0,0.2450000,0.2140000,0,0,0,0,0,0,0,0,0,0,0,0,0,0,0,0,0,0,0,0,0,0,0,0,0.2380000,0.2090000,0,0,0,0,0,0,0,0,0,0,0,0,0,0,0,0,0,0,0,0,0,0,0,0,0,0,0,0,0,0,0,0,0,0,0,0,0,0,0.1260000,0.3090000,0.3090000,0.3120000,0.2140000,0,0,0,0,0,0,0,0,0,0,0,0.2430000,0.2930000,0,0,0,0,0,0,0,0,0,0,0,0,0,0,0,0,0.0560000,0.3090000,0.2140000,0,0,0.1900000,0.3070000,0.3070000,0.3070000,0.3080000,0.3090000,0.3090000,0.3080000,0.3060000,0.0890000,0,0,0,0,0,0,0,0,0,0,0,0,0,0,0,0,0.1160000,0.3130000,0.1130000,0,0,0,0,0,0,0,0,0,0,0,0.0390000,0.3090000,0.1590000,0,0,0,0,0,0,0,0,0,0,0,0,0,0,0,0,0,0,0,0,0,0,0,0,0,A,,,,
300,20260715,0,0,0.1420000,0.2960000,0,0,0,0,0,0,0,0,0,0,0,0,0,0,0,0,0,0,0,0,0,0,0,0,0,0,0,0,0,0,0,0,0,0,0,0,0,0,0,0,0,0,0,0,0,0.0650000,0.3150000,0.0690000,0,0,0,0,0,0,0,0,0,0,0,0,0,0,0,0,0,0,0,0,0,0,0,0,0,0,0,0,0,0,0,0,0,0,0,0.1510000,0.3070000,0.0710000,0,0,0,0,0,0,0,0,0,0,0.1630000,0.3040000,0.0920000,0,0,0,0,0,0,0,0,0,0,0,0,0,0,0,0,0,0,0,0,0.1080000,0.3060000,0.0470000,0,0,0,0,0,0,0,0,0,0,0,0,0,0,0,0,0,0,0,0,0,0,0,0,0,0,0,0,0.2270000,0.2120000,0,0,0,0,0,0,0,0,0,0,0,0,0,0,0,0.2060000,0.2620000,0,0,0,0,0,0,0,0,0,0,0,0,0,0,0,0,0,0,0,0,0,0,0,0,0,0,0,0,0,0,0,0,0,0,0.2270000,0.2040000,0,0,0,0,0,0,0,0,0,0,0,0,0,0,0.1840000,0.3030000,0.3040000,0.3050000,0.3080000,0.3090000,0.3090000,0.3110000,0.3100000,0.3110000,0.3120000,0.2460000,0,0,0,0,0,0,0,0,0,0,0,0,0,0,0,0,0,0,0,0,0,0.0880000,0.3050000,0.1200000,0,0,0,0,0,0,0,0,0,0,0.2460000,0.2900000,0,0,0,0,0,0,0,0,0,0,0,0,0,0,0,0,0,A,,,,
300,20260716,0,0,0,0,0,0,0,0,0,0,0,0,0,0.2800000,0.1850000,0,0,0,0,0,0,0,0,0,0,0,0,0,0,0,0,0,0,0,0,0,0,0,0,0,0,0,0,0,0,0,0,0,0,0,0,0,0,0,0,0,0,0,0,0,0,0.1290000,0.3140000,0.0360000,0,0,0,0,0,0,0,0,0,0,0,0,0,0,0,0,0,0,0,0,0,0,0,0,0.0680000,0.3060000,0.3070000,0.3070000,0.3040000,0.0770000,0,0,0,0,0,0,0,0,0,0,0,0,0,0.2470000,0.2660000,0,0,0,0,0,0,0,0,0,0,0,0,0,0,0,0,0,0,0,0,0,0,0.2600000,0.1890000,0,0,0,0,0,0,0,0,0,0,0,0,0,0,0,0,0,0,0,0,0,0,0,0,0,0,0,0,0,0,0,0,0,0,0,0,0,0,0.1390000,0.2580000,0,0,0,0,0,0,0,0,0,0,0,0,0,0,0,0,0,0,0,0,0,0,0,0,0,0,0,0,0,0,0,0,0,0,0,0,0,0,0,0,0,0,0,0,0,0,0,0,0,0,0.2780000,0.1960000,0,0,0,0,0.0110000,0.3120000,0.3110000,0.3080000,0.3120000,0.3140000,0.3160000,0.2750000,0,0,0,0,0,0,0,0,0,0,0,0,0,0,0,0,0,0,0.0140000,0.3110000,0.2040000,0,0,0,0,0,0,0,0,0,0,0,0,0.1110000,0.3100000,0.1040000,0,0,0,0,0,0,0,0,0,0,0,0,0,0,0,A,,,,
300,20260717,0,0,0,0,0,0,0,0,0,0,0,0.2980000,0.1490000,0,0,0,0,0,0,0,0,0,0,0,0,0,0,0,0,0,0,0,0,0,0,0,0,0,0,0,0,0,0,0,0,0,0,0,0,0,0,0,0,0.1280000,0.3040000,0,0,0,0,0,0,0,0,0,0,0,0,0,0,0,0,0,0,0,0,0,0,0,0,0,0,0,0,0,0,0,0,0,0,0,0,0,0,0,0,0,0.2800000,0.1950000,0,0,0,0,0,0,0,0,0,0,0,0,0,0,0,0,0,0,0,0,0,0,0,0,0,0,0,0,0,0,0,0,0,0,0,0,0,0,0,0,0,0,0,0.1390000,0.3150000,0.0400000,0,0,0,0,0,0,0,0,0,0,0,0,0,0,0,0,0,0,0,0,0,0,0,0,0,0,0,0,0.0830000,0.3150000,0.0940000,0,0,0,0,0,0,0,0,0,0,0,0,0,0,0,0,0.3040000,0.1760000,0,0,0,0,0,0,0,0,0,0,0,0,0,0,0,0,0,0,0,0,0,0,0,0,0,0,0,0,0.2210000,0.2290000,0,0,0,0,0,0.1650000,0.3070000,0.3080000,0.3060000,0.3060000,0.3060000,0.3060000,0.3070000,0.3060000,0.3080000,0.3060000,0.3090000,0.3080000,0.3090000,0.0400000,0,0,0,0,0,0,0,0,0,0,0,0,0,0,0,0,0,0,0,0.0680000,0.3150000,0.1670000,0,0,0,0,0,0,0,0,0,0,0,0,0,0,0,0,0,0,0,0,0,0,0,A,,,,
300,20260718,0,0,0.2390000,0.3080000,0.0630000,0,0,0,0,0,0,0,0,0,0,0,0,0,0,0,0.0440000,0.3110000,0.1390000,0,0,0,0,0,0,0,0,0,0,0,0,0,0,0,0,0,0,0,0,0,0,0,0,0,0,0,0,0,0,0,0.2830000,0.1820000,0,0,0,0,0,0,0,0,0,0,0,0,0,0,0,0,0,0,0,0,0,0,0,0,0,0,0,0,0,0,0,0,0,0,0,0,0,0,0.2850000,0.1830000,0,0,0,0,0,0,0,0,0,0,0,0,0,0,0,0,0,0,0,0,0.2080000,0.2460000,0,0,0,0,0,0,0,0,0,0,0,0,0,0,0,0,0,0,0,0,0,0,0,0,0,0,0,0,0,0,0,0,0.0140000,0.3110000,0.0980000,0,0,0,0,0,0,0,0,0,0,0,0,0,0,0,0,0,0,0,0,0,0,0,0,0,0,0,0.0520000,0.3120000,0.3120000,0.1550000,0,0,0,0,0,0,0,0,0,0,0,0.3070000,0.2520000,0,0,0,0,0,0,0,0,0,0,0,0.0680000,0.2990000,0.2540000,0,0,0,0,0,0,0,0,0.0760000,0.3090000,0.3100000,0.3100000,0.3060000,0.3090000,0.3090000,0.1870000,0,0,0,0,0,0,0,0,0,0,0.1330000,0.3100000,0.3100000,0.3110000,0.1600000,0,0,0,0,0,0,0,0,0,0,0,0,0,0.0420000,0.3150000,0.3120000,0.3150000,0.3150000,0.3140000,0.3150000,0.3140000,0.3100000,0.3100000,0.3110000,0.2870000,0,0,0,0,0,0,0,0,0,0,0,0,0,0,0,0,0,0,0.2080000,0.2660000,0,A,,,,
300,20260719,0,0,0,0,0,0,0,0,0,0,0,0,0,0,0,0,0,0,0,0,0,0,0,0,0,0,0,0,0,0.0950000,0.3120000,0.0580000,0,0,0,0,0,0,0,0,0,0,0,0,0,0,0,0,0,0,0,0,0,0,0,0,0,0,0,0,0,0,0,0,0,0,0,0,0,0,0,0,0,0,0,0,0,0.0500000,0.3140000,0.1350000,0,0,0,0,0,0,0,0,0,0,0,0,0,0,0,0,0,0,0,0,0,0,0,0.0680000,0.3040000,0.1120000,0,0,0,0,0,0,0,0,0,0,0,0,0,0,0,0,0,0,0,0,0,0,0,0,0,0,0,0,0,0,0,0,0,0,0,0.2900000,0.1580000,0,0,0,0,0,0,0,0,0,0,0,0,0,0,0,0,0,0,0,0,0,0,0,0,0.2270000,0.2650000,0,0,0,0,0,0,0,0,0,0,0,0,0,0.2330000,0.2710000,0,0,0,0,0,0,0,0,0,0,0,0,0,0,0,0,0,0,0,0.1970000,0.2610000,0,0,0,0,0,0,0,0,0.1890000,0.3030000,0.0270000,0,0,0,0,0,0,0,0,0,0,0,0,0,0,0.0720000,0.3120000,0.2440000,0,0.2430000,0.3120000,0.3120000,0.3080000,0.1300000,0,0,0,0,0,0,0.1340000,0.3100000,0.3100000,0.3120000,0.3130000,0.3130000,0.0720000,0,0,0,0,0,0,0,0,0,0.0640000,0.3170000,0.1880000,0,0.1140000,0.3170000,0.3160000,0.0750000,0,0.1030000,0.3170000,0.3170000,0.3140000,0.3120000,0.0360000,0,0,0,0,0,0,0,0,0,0,0,0,A,,,,
300,20260720,0,0,0,0,0,0,0,0.0380000,0.3130000,0.0790000,0,0,0,0,0,0,0,0,0,0,0,0,0,0,0,0,0,0,0,0,0,0,0,0,0,0,0,0,0,0,0,0,0,0,0.0780000,0.3130000,0.0330000,0,0,0,0,0,0,0,0,0,0,0,0,0,0,0,0,0,0,0,0,0,0,0,0,0,0,0,0,0,0,0,0,0,0,0,0,0,0,0,0,0,0,0.2020000,0.2660000,0,0,0,0,0,0,0,0,0,0,0,0,0.2720000,0.3060000,0.1680000,0,0,0,0,0,0,0,0,0,0,0,0,0,0,0,0,0,0,0,0,0,0.1700000,0.2670000,0,0,0,0,0,0,0,0,0,0,0,0,0,0,0,0,0,0,0,0,0,0,0,0,0,0,0,0,0,0,0,0,0,0,0,0,0.2090000,0.1990000,0,0,0,0,0,0,0,0,0,0,0,0,0,0,0,0,0,0,0,0,0,0,0,0,0,0,0,0,0,0,0,0,0,0.0810000,0.3060000,0.0560000,0,0,0,0,0,0,0,0,0,0,0,0,0,0.0320000,0.3010000,0.1810000,0,0,0,0,0,0,0,0,0.2670000,0.2980000,0.2970000,0.2980000,0.3000000,0.0730000,0,0,0,0,0,0.2690000,0.3050000,0.2650000,0,0,0,0,0,0.2290000,0.3100000,0.3110000,0.1020000,0,0,0,0,0,0,0.2860000,0.3090000,0.3060000,0.1430000,0,0,0,0,0,0,0,0,0,0,0,0,0,0,0,0,0,0,0,0,0,0,0.2720000,0.1560000,0,0,0,0,A,,,,
300,20260721,0,0,0,0,0,0,0,0,0,0,0,0,0,0,0,0,0,0,0,0,0,0,0,0,0,0,0,0,0,0,0,0,0,0.0090000,0.3130000,0.0780000,0,0,0,0,0,0,0,0,0,0,0,0,0,0,0,0,0,0,0,0,0,0,0,0,0,0,0,0,0,0,0,0,0,0,0,0,0,0,0,0,0,0,0,0,0,0,0,0,0,0,0,0,0,0.0370000,0.3050000,0.0850000,0,0,0,0,0,0,0,0.2010000,0.3060000,0.1350000,0,0,0,0,0,0,0,0,0,0,0,0,0,0,0,0,0,0.1590000,0.3070000,0.0030000,0,0,0,0,0,0,0,0,0,0,0,0,0,0,0,0,0,0,0,0,0.2080000,0.2020000,0,0,0,0,0,0,0,0,0,0,0,0,0,0,0,0,0,0,0,0,0,0,0,0,0,0,0,0,0,0,0,0,0,0,0,0,0,0,0.0250000,0.3040000,0.1060000,0,0,0,0,0,0,0,0,0,0,0,0,0,0,0,0,0,0,0,0,0,0,0,0,0,0,0,0.1660000,0.2780000,0,0,0,0,0,0,0,0,0,0,0.2840000,0.3090000,0.3100000,0.3090000,0.3080000,0.3080000,0.0880000,0,0,0,0,0,0,0,0.2140000,0.3120000,0.3120000,0.3080000,0.3070000,0.0960000,0,0,0,0,0.2750000,0.3070000,0.3070000,0.3120000,0.2550000,0,0,0,0,0,0,0,0,0,0,0,0,0,0,0,0,0,0,0.2320000,0.2290000,0,0,0,0,0,0,0,0,0,0,0,0,0,0,0,A,,,,
300,20260722,0,0,0,0,0,0,0,0,0,0,0,0,0,0,0,0,0,0.0340000,0.3130000,0.0670000,0,0,0,0,0,0,0,0,0,0,0,0,0,0,0,0,0,0,0,0,0,0,0,0,0,0,0,0,0,0,0,0,0,0,0,0,0,0,0,0,0,0,0,0,0,0,0,0,0,0,0.2380000,0.3110000,0.0220000,0,0,0,0,0,0,0,0.0640000,0.3110000,0.1790000,0,0,0,0,0,0,0,0,0,0,0,0.2030000,0.3060000,0.0220000,0,0.0100000,0.3060000,0.3000000,0.1010000,0,0,0,0,0,0,0,0,0,0,0,0,0,0,0,0,0,0,0.1450000,0.2870000,0,0,0,0,0,0,0,0,0,0,0,0,0,0,0,0,0,0,0.1540000,0.3030000,0.0410000,0,0,0,0,0,0,0,0,0,0,0,0,0.2260000,0.2780000,0,0,0,0,0,0,0,0,0,0,0,0,0.0390000,0.3130000,0.1710000,0,0,0,0,0,0,0,0,0,0,0,0,0,0,0,0,0.2590000,0.2080000,0,0,0,0,0,0,0,0,0,0,0,0,0,0,0,0,0,0,0,0,0,0,0,0,0,0,0,0,0.0010000,0.3110000,0.1280000,0,0.0370000,0.3100000,0.3110000,0.3100000,0.3110000,0.2760000,0,0,0,0,0,0,0,0,0,0.2460000,0.3090000,0.3080000,0.2740000,0,0,0,0,0.2360000,0.3130000,0.3120000,0.3120000,0.3110000,0.2850000,0,0,0,0,0,0,0,0,0,0,0,0,0.2920000,0.3080000,0.3090000,0.3080000,0.3070000,0.3040000,0.2180000,0,0,0,0,0,0,0,0,0,0,0,0,0,0,0,0,0,0,A,,,,
300,20260723,0,0,0,0,0.1200000,0.3120000,0.0280000,0,0,0,0,0,0,0,0,0,0,0,0,0,0,0,0,0,0,0,0,0,0,0,0,0,0,0,0,0,0,0,0,0,0,0,0,0,0.2130000,0.2190000,0,0,0,0,0,0,0,0,0,0,0,0,0,0,0,0,0,0,0,0,0,0,0,0,0,0,0,0,0,0,0,0,0,0,0,0,0,0,0,0.1430000,0.3100000,0.3090000,0.3130000,0.3100000,0.3110000,0.3080000,0.3080000,0.0870000,0,0,0,0,0,0,0,0,0,0,0,0,0,0,0,0.2640000,0.2840000,0,0,0,0,0,0,0,0,0,0,0,0,0,0,0,0,0,0.1240000,0.3100000,0.0290000,0,0,0,0,0,0,0,0,0,0,0,0,0,0.0440000,0.3070000,0.1150000,0,0,0,0,0,0,0,0,0,0,0,0,0,0,0,0.1340000,0.3050000,0.0170000,0,0,0,0,0,0,0,0,0,0,0,0,0,0,0,0,0,0,0,0,0,0,0.0510000,0.3090000,0.0870000,0,0,0,0,0,0,0,0,0,0,0,0,0,0,0,0,0,0,0,0,0,0.0070000,0.2950000,0.1500000,0,0,0,0,0,0,0,0,0,0,0,0,0,0,0,0,0,0,0,0,0,0,0,0,0,0,0,0,0,0.1380000,0.3060000,0.3060000,0.3050000,0.2190000,0,0,0,0,0,0.1800000,0.3120000,0.3120000,0.2150000,0.1270000,0.3130000,0.3120000,0.3110000,0.2520000,0,0,0,0.1380000,0.3130000,0.3130000,0.3130000,0.3150000,0.3150000,0.0290000,0,0,0,0,0,0,0,0,0,0,0,0,0,0,0,0,A,,,,
300,20260724,0,0,0,0,0,0,0,0.2500000,0.1690000,0,0,0,0,0,0,0,0,0,0,0,0,0,0,0,0,0,0,0,0,0,0,0,0,0,0,0,0,0,0,0,0,0,0,0,0,0,0,0.1070000,0.3130000,0.0470000,0,0,0,0,0,0,0,0,0,0,0,0,0,0,0,0,0,0,0,0,0,0,0,0,0,0,0,0,0,0,0,0,0,0,0,0.2960000,0.1870000,0,0,0,0,0,0,0,0,0,0,0,0,0,0,0,0.0280000,0.3090000,0.2710000,0,0,0,0,0,0,0,0,0,0,0,0,0,0,0,0.1660000,0.3020000,0.0010000,0,0,0,0,0,0,0,0,0,0,0,0,0,0,0,0,0,0,0,0.1390000,0.3090000,0.0070000,0,0,0,0,0,0,0,0,0,0,0,0,0,0,0,0,0,0,0,0,0,0,0.2240000,0.2240000,0,0,0,0,0,0,0,0,0,0,0,0,0,0,0,0.1830000,0.3060000,0.0010000,0,0,0,0,0,0,0,0,0,0,0,0,0.2230000,0.2900000,0,0,0,0,0,0,0,0,0,0.0060000,0.3080000,0.1950000,0,0,0,0,0,0,0,0,0.2830000,0.2680000,0,0,0,0.2730000,0.3050000,0.3030000,0.3000000,0.3040000,0.3040000,0.1740000,0,0,0.1330000,0.3070000,0.3050000,0.3070000,0.3070000,0.3080000,0.3060000,0.0080000,0,0,0.1830000,0.3090000,0.3080000,0.3080000,0.2270000,0,0,0,0,0,0,0,0,0,0,0,0,0.2410000,0.3150000,0.0520000,0,0,0,0,0,0,0,0,0,0,0,0,0,0,0.1710000,0.2820000,0,0,0,0,0,0,0,A,,,,
300,20260725,0,0,0,0,0,0,0,0,0,0,0,0,0,0,0,0,0,0,0,0,0,0,0.1730000,0.2380000,0,0,0,0,0,0,0,0,0,0,0,0,0,0,0,0,0,0,0,0,0,0,0,0,0,0,0,0,0,0,0,0,0,0,0,0,0,0,0,0,0,0,0,0.0360000,0.3100000,0.1230000,0,0,0,0,0,0,0,0,0,0,0,0,0,0,0,0,0.2590000,0.3070000,0.0750000,0,0,0,0,0,0,0,0,0.3020000,0.2670000,0,0,0,0,0,0,0,0,0,0,0,0,0.2370000,0.2900000,0,0,0,0,0,0,0,0,0,0,0,0,0,0.0920000,0.3170000,0.0880000,0,0,0,0,0,0,0,0,0,0,0,0,0,0,0,0,0,0,0.0610000,0.3170000,0.0650000,0,0,0,0,0,0,0,0,0,0,0,0,0,0,0,0,0,0,0,0,0,0,0,0,0,0.0590000,0.3100000,0.0500000,0,0,0,0,0,0,0,0,0,0,0,0,0,0.1240000,0.3140000,0.0260000,0,0,0,0,0,0,0,0,0,0.0020000,0.3110000,0.2190000,0,0,0,0,0,0,0,0,0,0,0,0,0,0,0,0,0,0,0.1180000,0.3050000,0.3040000,0.3040000,0.2990000,0.0210000,0,0,0,0,0,0,0,0,0,0,0,0.2530000,0.2340000,0,0,0,0.1530000,0.3080000,0.3090000,0.3050000,0.1800000,0,0,0,0,0,0,0,0,0.0490000,0.3150000,0.3150000,0.3150000,0.1560000,0,0,0,0,0.0060000,0.3150000,0.3120000,0.1790000,0,0,0,0.2410000,0.3170000,0.3160000,0.2410000,0,0,0,0,0,0,0,0,0,A,,,,
300,20260726,0,0,0,0,0,0,0,0,0,0,0,0,0,0.1860000,0.2440000,0,0,0,0,0,0,0,0,0,0,0,0,0,0,0,0,0,0,0,0,0,0,0,0,0,0,0,0,0,0,0,0,0,0,0,0,0.0760000,0.3130000,0.0310000,0,0,0,0,0,0,0,0,0,0,0,0,0,0,0,0,0,0,0,0,0,0,0,0,0,0,0,0,0,0,0,0,0,0,0,0,0.1160000,0.3070000,0.0730000,0,0,0,0.1090000,0.3050000,0.3050000,0.0500000,0,0,0,0,0,0,0,0,0,0,0,0,0,0.1020000,0.3110000,0.0800000,0,0,0,0,0,0,0,0,0,0,0,0,0,0,0,0,0,0,0,0,0,0,0,0,0,0,0,0,0,0,0,0,0.1360000,0.2740000,0,0,0,0,0,0,0,0,0,0,0,0,0,0,0,0,0,0,0,0,0,0,0,0,0,0,0,0,0,0,0,0,0,0,0,0,0,0,0,0,0,0,0,0,0.3040000,0.1130000,0,0,0,0,0,0,0,0,0,0,0,0,0,0,0,0,0,0,0,0,0,0,0,0,0,0,0,0,0,0,0,0,0,0,0,0,0,0,0,0,0,0,0,0,0,0,0,0,0,0,0,0,0,0,0,0,0,0,0,0.1910000,0.3090000,0.3080000,0.3090000,0.3080000,0.3080000,0.3110000,0.3100000,0.3110000,0.3120000,0.3130000,0.3120000,0.3120000,0.3120000,0.3120000,0.3110000,0.1840000,0,0,0,0,0,0,0,0,0,0,0,0,0,0,0,0,A,,,,
300,20260727,0,0,0,0,0,0,0.2950000,0.3160000,0.0070000,0,0,0,0,0,0,0,0,0,0,0,0,0,0,0,0,0,0,0,0,0,0,0,0,0,0,0,0,0,0,0,0,0,0,0,0,0,0,0,0,0.1190000,0.3090000,0.1040000,0,0,0,0,0,0,0,0,0,0,0,0,0,0,0,0,0,0,0,0,0,0,0,0,0,0,0,0,0,0,0,0,0,0,0,0.0610000,0.3080000,0.1890000,0,0,0,0,0,0,0,0,0,0,0,0,0,0,0,0,0,0,0,0,0,0,0,0,0,0,0,0,0,0.0280000,0.3090000,0.1290000,0,0,0,0,0,0,0,0,0,0,0,0,0,0,0,0,0,0,0,0,0,0,0,0,0,0,0,0,0,0,0,0,0,0,0,0,0,0,0,0,0,0,0,0,0,0,0,0,0,0,0.2100000,0.2380000,0,0,0,0,0,0,0,0,0,0,0,0,0,0,0,0,0,0,0,0,0,0,0,0,0,0.2010000,0.3020000,0.0080000,0,0,0,0,0,0,0,0,0,0,0,0,0,0,0,0,0,0.2680000,0.3020000,0.0170000,0,0,0,0,0,0,0,0,0,0,0,0,0,0,0,0,0,0,0,0,0,0,0,0,0,0,0,0,0,0,0,0,0,0,0,0.1230000,0.3120000,0.3130000,0.3120000,0.3120000,0.3140000,0.3130000,0.3150000,0.3140000,0.3130000,0.3130000,0.3130000,0.3150000,0.3140000,0.3150000,0.2620000,0,0,0,0,0,0,0,0,0,0,0,0,0,0,0,A,,,,
300,20260728,0,0,0,0,0,0,0,0.2190000,0.3080000,0.1080000,0,0,0,0,0,0,0,0,0,0,0,0,0,0,0,0,0,0,0,0,0,0,0,0,0,0,0,0,0,0,0,0,0,0,0,0,0,0,0,0,0,0,0,0.2350000,0.2390000,0,0,0,0,0,0,0,0,0,0,0,0,0,0,0,0,0,0,0,0,0,0,0,0,0,0,0,0,0,0,0,0,0,0,0,0,0,0.2410000,0.3060000,0.0090000,0,0,0,0,0,0,0,0,0,0,0,0,0,0,0,0,0,0,0,0,0,0,0,0,0.1510000,0.3080000,0.0420000,0,0,0,0,0,0,0,0,0,0,0,0,0,0,0,0,0,0,0,0,0,0,0,0,0,0,0,0,0,0,0,0,0,0.2070000,0.2430000,0,0,0,0,0,0,0,0,0,0,0,0,0,0,0,0,0,0,0,0.2580000,0.1910000,0,0,0,0,0,0,0,0,0,0,0,0,0,0,0,0,0,0,0,0,0,0,0,0,0,0,0,0,0,0,0,0,0,0,0,0,0.2000000,0.2410000,0,0,0,0,0,0,0.2790000,0.3030000,0.3010000,0.3020000,0.3040000,0.3040000,0.3040000,0.3030000,0.3040000,0.3070000,0.3080000,0.3070000,0.3050000,0.1110000,0,0,0,0,0,0,0,0,0,0,0,0,0,0,0,0,0,0,0,0,0.1840000,0.3130000,0.0100000,0.0020000,0.3160000,0.3150000,0.3150000,0.0010000,0,0,0,0,0,0,0,0,0,0,0,0,0,0,0,0,0.0880000,0.3100000,0.1000000,0,0,0,0,0,A,,,,
300,20260729,0,0,0,0,0,0,0,0,0,0,0,0,0,0,0,0,0,0,0,0,0,0,0,0,0,0,0,0,0,0.2790000,0.1580000,0,0,0,0,0,0,0,0,0,0,0,0,0,0,0,0,0,0,0,0,0,0,0,0,0,0,0,0,0,0,0,0,0,0,0,0,0,0,0,0,0,0,0,0,0,0,0,0.0590000,0.3080000,0.0750000,0,0,0,0,0,0,0,0,0,0,0,0,0,0,0,0,0,0,0,0,0,0,0.0800000,0.3060000,0.1820000,0,0,0,0,0,0,0,0,0,0,0,0,0,0,0,0,0,0,0,0,0,0,0,0,0,0,0,0,0,0.2130000,0.2310000,0,0,0,0,0,0,0,0,0,0,0,0,0,0,0,0,0,0,0,0,0.2590000,0.2410000,0,0,0,0,0,0,0,0,0,0,0,0,0,0,0,0,0,0,0,0,0,0,0,0,0.2560000,0.1890000,0,0,0,0,0,0,0,0,0,0,0,0,0,0,0,0,0,0,0,0,0,0,0,0,0,0,0,0,0,0,0.0320000,0.3060000,0.1230000,0,0,0,0,0,0.0720000,0.3080000,0.3080000,0.3070000,0.3070000,0.3070000,0.2290000,0,0,0,0,0,0,0,0,0,0,0,0,0,0,0,0,0,0,0,0,0,0,0,0,0.1850000,0.2470000,0,0,0,0,0.2540000,0.3100000,0.0200000,0,0,0,0,0,0,0,0,0,0,0,0,0,0,0,0,0,0,0,0,0.2630000,0.1900000,0,0,0,A,,,,
300,20260730,0,0,0,0,0,0,0,0,0,0,0,0,0,0,0,0,0,0,0,0,0,0,0,0,0,0,0,0,0,0,0,0,0,0,0,0.2900000,0.1540000,0,0,0,0,0,0,0,0,0,0,0,0,0,0,0,0,0,0,0,0,0,0,0,0,0,0,0,0,0,0,0,0,0,0,0,0,0,0,0,0,0,0,0,0,0,0,0,0.2030000,0.2530000,0,0,0,0,0,0,0,0,0,0.0770000,0.3080000,0.1480000,0,0,0,0,0,0,0,0,0,0,0,0,0,0,0,0,0,0,0,0,0,0,0.0290000,0.3040000,0.1150000,0,0,0,0,0,0,0,0,0,0,0,0,0,0,0,0,0,0,0,0,0,0,0,0,0,0,0,0,0,0,0,0,0.2650000,0.1570000,0,0,0,0,0,0,0,0,0,0,0,0,0,0,0,0,0,0,0,0,0,0,0,0,0,0,0,0,0,0.2140000,0.2590000,0,0,0,0,0,0,0,0,0,0,0,0,0,0,0,0,0,0,0,0,0,0,0,0,0,0,0,0,0.0210000,0.3090000,0.1190000,0,0,0,0,0,0,0,0,0.1800000,0.3100000,0.3100000,0.3120000,0.3060000,0.3050000,0.3030000,0.3060000,0.3060000,0.3070000,0.3080000,0.3050000,0.1110000,0,0,0,0,0,0,0,0,0,0,0,0,0,0,0.0660000,0.3070000,0.0950000,0,0,0,0,0,0,0,0,0,0.1660000,0.3140000,0.0830000,0,0,0,0,0,0,0,0,0,0,0,0,0,0,0,0,0,0,0,A,,,,
300,20260731,0,0,0,0,0,0,0.1520000,0.2760000,0,0,0,0,0,0,0,0,0,0,0,0,0,0,0,0,0,0,0,0,0,0,0,0,0,0,0,0,0,0,0,0,0,0,0,0,0,0,0,0,0.1250000,0.3130000,0.0250000,0,0,0,0,0,0,0,0,0,0,0,0,0,0,0,0,0,0,0,0,0,0,0,0,0,0,0,0,0,0,0,0,0,0,0,0,0,0,0.0690000,0.3100000,0.0630000,0,0,0,0,0,0,0,0,0.0700000,0.3090000,0.1680000,0,0,0,0,0,0,0,0,0,0,0,0,0,0,0,0,0,0.2010000,0.2580000,0,0,0,0,0,0,0,0,0,0,0,0,0,0,0,0,0,0,0,0,0,0,0,0,0,0,0,0,0,0,0,0,0,0,0.0420000,0.3120000,0.0640000,0,0,0,0,0,0,0,0,0,0,0,0,0,0,0,0,0,0,0,0,0,0,0,0,0,0,0,0,0,0,0,0,0,0,0,0,0,0,0,0,0,0,0,0,0,0.1810000,0.2540000,0,0,0,0,0,0,0,0,0,0,0,0,0,0,0,0,0,0,0,0,0,0,0,0.2660000,0.3110000,0.3100000,0.3040000,0.3050000,0.3090000,0.3090000,0.3100000,0.2490000,0,0,0,0,0,0,0,0,0,0,0,0.0840000,0.3150000,0.1810000,0,0,0,0,0,0,0,0,0,0,0,0,0,0,0,0,0,0,0,0,0,0,0,0.2220000,0.2810000,0,0,0,0,0,0,0,0,0,0,0,A,,,,
300,20260801,0,0,0,0,0,0,0,0,0,0,0,0,0,0,0,0,0,0,0,0,0,0.1160000,0.3120000,0.0140000,0,0,0,0,0,0,0,0,0,0,0,0,0,0,0,0,0,0,0,0,0,0,0,0,0,0,0,0,0,0,0,0,0,0,0,0,0,0,0,0,0,0,0,0,0,0,0.0660000,0.3150000,0.1130000,0,0,0,0,0,0,0,0,0,0,0,0,0,0,0.2530000,0.3060000,0.0110000,0,0,0,0,0,0,0,0,0,0,0,0.2940000,0.3080000,0.3060000,0.3060000,0.3070000,0.3070000,0.3040000,0.3020000,0.3030000,0.3020000,0.3020000,0.3020000,0.3030000,0.3030000,0.3030000,0.0650000,0,0,0,0,0,0,0,0,0,0.1310000,0.3140000,0.1230000,0,0,0,0,0,0,0,0,0,0,0,0,0,0,0,0,0,0,0,0,0.2760000,0.1910000,0,0,0,0,0,0,0,0,0,0,0,0,0,0,0,0,0,0,0,0,0,0,0.1440000,0.3060000,0.0240000,0,0,0,0,0,0,0,0,0,0,0,0,0,0,0,0,0,0,0,0,0,0,0,0,0,0.1840000,0.2680000,0,0,0,0,0,0,0,0,0,0,0,0,0,0,0,0.2500000,0.3090000,0.0370000,0,0.2630000,0.3080000,0.3090000,0.3090000,0.3080000,0.3060000,0.3050000,0.3040000,0.3040000,0.3060000,0.3060000,0.3070000,0.2800000,0,0,0,0,0,0,0,0,0,0,0,0,0,0,0,0,0,0,0,0,0,0.2140000,0.2970000,0,0,0,0,0,0,0,0,0,0,0,0,0,0,0,0,0,0,0,0,0,0,0,0,0,0,0,0,0,0,A,,,,
300,20260802,0,0,0.0930000,0.3140000,0.0530000,0,0,0,0,0,0,0,0,0,0,0,0,0,0,0,0,0,0,0,0,0,0,0,0,0,0,0,0,0,0,0,0,0,0,0,0,0,0,0,0,0,0,0,0,0,0,0,0,0.2810000,0.1760000,0,0,0,0,0,0,0,0,0,0,0,0,0,0,0,0,0,0,0,0,0,0,0,0,0,0,0,0,0,0,0,0,0,0,0,0,0,0,0.2630000,0.2540000,0,0,0,0,0,0,0,0,0,0,0,0.1540000,0.3010000,0.1140000,0,0,0,0,0,0,0,0,0,0,0.2250000,0.3030000,0.0260000,0,0,0,0,0,0,0,0,0,0,0,0,0,0,0,0.2690000,0.2780000,0,0,0,0,0,0,0,0,0,0,0,0,0,0,0,0.1630000,0.3040000,0,0,0,0,0,0,0,0,0,0,0,0,0,0,0,0,0,0.1470000,0.3160000,0.0080000,0,0,0,0,0,0,0,0,0,0,0,0,0,0,0,0,0,0,0,0,0,0,0,0,0,0,0,0,0,0.0110000,0.3090000,0.0930000,0,0,0,0,0,0,0,0,0,0.0040000,0.3080000,0.3100000,0.3080000,0.3090000,0.3060000,0.3060000,0.3050000,0.3080000,0.3090000,0.3080000,0.3080000,0.3080000,0.0210000,0,0,0,0,0,0,0,0,0,0,0,0,0,0,0,0,0,0,0,0.0030000,0.3130000,0.2020000,0,0,0,0,0,0,0,0,0,0,0,0,0,0,0,0,0.0840000,0.3110000,0.0910000,0,0,0,0,0,0,0,0,0,0,0,0,0,0,0,0,A,,,,
300,20260803,0,0,0,0,0,0,0,0,0,0,0,0,0,0,0,0,0,0,0,0.1140000,0.3150000,0.0150000,0,0,0,0,0,0,0,0,0,0,0,0,0,0,0,0,0,0,0,0,0,0,0,0,0,0,0,0,0,0,0,0,0,0,0,0,0,0,0,0,0,0,0,0,0,0,0,0,0,0,0,0,0,0.2720000,0.1990000,0,0,0,0,0,0,0,0,0,0,0,0,0,0,0,0,0,0,0,0,0,0,0,0,0.2290000,0.2990000,0,0,0,0,0,0,0,0,0,0,0,0.2590000,0.2700000,0,0,0,0,0,0,0,0,0,0,0,0,0,0.0500000,0.3110000,0.1320000,0,0,0,0,0,0,0,0,0,0,0,0,0,0,0,0,0,0,0,0,0,0,0,0,0,0,0,0,0.0120000,0.3090000,0.0740000,0,0,0,0,0,0,0,0,0,0,0,0,0,0,0,0,0,0,0,0,0,0,0,0,0,0,0,0,0.0930000,0.3050000,0.0170000,0,0,0,0,0,0,0,0,0,0,0.0770000,0.3030000,0.1070000,0,0,0,0,0,0,0,0,0,0,0,0,0.2110000,0.3070000,0.3060000,0.3030000,0.3070000,0.3060000,0.3040000,0.3020000,0.3060000,0.3100000,0.3110000,0.3030000,0,0,0,0,0,0,0,0,0,0,0,0,0,0,0,0,0,0,0.1270000,0.3100000,0.0600000,0,0,0,0,0,0,0,0,0,0,0,0,0,0,0,0,0,0,0,0,0,0,0,0,0,0,0,0.2730000,0.1900000,0,0,0,0,0,0,0,A,,,,
300,20260804,0,0,0,0,0,0,0,0,0,0,0,0,0,0,0,0,0,0,0,0,0,0,0,0,0,0,0,0,0,0,0,0,0,0,0,0,0,0.1790000,0.2990000,0,0,0,0,0,0,0,0,0,0,0,0,0,0,0,0,0,0,0,0,0,0,0,0,0,0,0,0,0,0,0,0,0,0,0,0,0,0,0,0,0,0,0,0.2940000,0.2150000,0,0,0,0,0,0,0,0,0,0,0,0,0.2580000,0.2830000,0,0,0,0,0,0,0,0,0,0,0,0,0,0,0,0,0,0,0,0,0.1840000,0.2700000,0,0,0,0,0,0,0,0,0.0360000,0.3100000,0.1660000,0,0,0,0,0,0,0,0,0,0,0,0,0,0,0,0,0,0,0,0,0,0,0,0,0,0,0,0,0,0,0.0770000,0.3100000,0.0300000,0,0,0,0,0,0,0,0,0,0,0,0,0,0,0,0,0,0,0,0,0,0.2010000,0.2730000,0,0,0,0,0,0,0,0,0,0,0,0,0,0,0,0,0,0,0,0,0,0.1190000,0.3020000,0.0280000,0,0,0,0,0,0,0,0.3040000,0.3090000,0.3070000,0.3070000,0.3090000,0.3080000,0.3090000,0.3060000,0.3050000,0.3020000,0.0940000,0,0,0,0,0,0,0,0,0,0,0,0,0,0,0,0,0.0010000,0.3150000,0.3150000,0.3150000,0.3140000,0.3140000,0.3150000,0.0590000,0,0,0,0,0,0,0,0,0,0,0,0,0,0,0.2800000,0.2570000,0,0,0,0,0,0,0,0,0,0,0,0,0,0,0,0,0,0,0,A,,,,
300,20260805,0,0,0,0,0,0,0,0,0,0.0270000,0.3140000,0.1220000,0,0,0,0,0,0,0,0,0,0,0,0,0,0,0,0,0,0,0,0,0,0,0,0,0,0,0,0,0,0,0,0,0,0,0,0,0,0,0,0,0,0,0,0,0,0.1720000,0.2980000,0,0,0,0,0,0,0,0.0740000,0.3120000,0.3110000,0.3100000,0.3090000,0.3090000,0.2760000,0,0,0,0,0,0.0350000,0.3100000,0.2990000,0,0,0,0,0,0,0,0,0,0,0,0,0,0,0.2060000,0.3090000,0.0360000,0,0,0,0,0,0,0,0,0,0,0,0,0,0,0,0.0220000,0.3080000,0.1420000,0,0,0,0,0,0,0,0,0,0,0,0,0,0,0,0,0,0,0,0,0,0,0,0,0,0,0.2000000,0.2000000,0,0,0,0,0,0,0,0,0,0,0,0,0,0,0,0,0,0,0,0,0,0,0,0,0,0,0,0,0,0,0,0,0,0.1510000,0.2590000,0,0,0,0,0,0,0,0,0,0,0,0,0,0,0,0,0,0,0,0,0,0,0,0.2440000,0.2080000,0,0,0,0,0,0,0,0,0,0,0,0,0,0,0,0,0,0,0.0480000,0,0,0,0,0,0,0,0,0,0,0,0,0,0,0,0,0,0,0,0,0,0,0,0,0,0,0,0,0,0,0,0,0,0,0.1110000,0.3070000,0.3050000,0.3070000,0.3060000,0.3100000,0.3110000,0.3100000,0.3120000,0.3120000,0.3130000,0.3110000,0.3110000,0.0270000,0,0,0,0,0,0,0,0,0,0,0,0,0,0,0,0,0,A,,,,
300,20260806,0,0,0.1050000,0.3140000,0.1400000,0,0,0,0,0,0,0,0,0,0,0,0,0,0,0,0,0,0,0,0,0,0,0,0,0,0,0,0,0,0,0,0,0,0,0.1120000,0.3150000,0.0660000,0,0,0,0,0,0,0,0,0,0,0,0,0,0,0,0,0,0,0,0,0,0,0,0,0,0,0,0,0,0,0,0,0,0,0,0,0,0.0080000,0.3110000,0.3100000,0.3080000,0.3100000,0.3040000,0.3010000,0.2990000,0.3020000,0.3020000,0.3030000,0.3020000,0.3040000,0.3040000,0.3090000,0.3100000,0.3090000,0.1200000,0,0,0,0,0,0,0,0,0,0,0,0,0,0,0,0,0,0,0,0.1410000,0.3070000,0.0870000,0,0,0,0,0,0,0,0,0,0,0,0,0,0,0,0,0,0,0,0,0,0,0,0,0,0,0.0880000,0.3110000,0.1010000,0,0,0,0,0,0,0,0,0,0,0,0,0,0,0,0,0,0,0,0,0,0,0,0,0,0,0,0,0,0,0,0,0.0360000,0.3100000,0.1130000,0,0,0,0,0,0,0,0,0,0,0,0,0,0.0500000,0.3030000,0.2060000,0,0,0,0,0,0,0,0,0,0,0.0110000,0.3050000,0.2360000,0,0,0,0,0,0,0,0,0,0.1670000,0.1970000,0,0,0,0,0,0,0,0,0,0,0,0,0,0,0,0,0,0,0,0,0,0,0,0,0,0,0,0,0,0,0,0,0,0,0.1780000,0.3100000,0.3080000,0.3100000,0.3100000,0.3110000,0.3100000,0.3120000,0.3110000,0.3100000,0.3100000,0.3110000,0.1760000,0,0,0,0,0,0,0,0,0,0,0,0,0,0,0,0,0,0,A,,,,
300,20260807,0,0,0.2070000,0.3080000,0.0160000,0,0,0,0,0,0,0,0,0,0,0,0,0,0,0,0,0,0,0,0,0,0,0,0,0,0,0,0,0,0,0,0,0,0.1790000,0.3140000,0.0090000,0,0,0,0,0,0,0,0,0,0,0,0,0,0,0,0,0,0,0,0,0,0,0,0,0,0,0,0,0,0,0,0,0,0,0,0,0,0,0,0.2210000,0.3000000,0,0,0,0,0,0,0,0,0,0,0,0,0,0.1840000,0.3060000,0.0380000,0,0,0,0,0,0,0,0,0,0.2000000,0.3090000,0.0520000,0,0,0,0,0,0,0,0,0,0,0,0,0,0,0,0,0,0,0,0,0.1350000,0.2970000,0,0,0,0,0,0,0,0,0,0,0,0,0,0,0,0,0,0,0,0,0,0,0,0,0,0,0,0,0,0,0,0,0,0,0,0,0,0,0,0,0,0,0,0,0,0,0,0,0,0.2920000,0.0910000,0,0,0,0,0,0,0,0,0,0,0,0,0,0,0,0,0,0,0,0,0,0,0,0,0,0,0,0,0,0,0,0,0.1570000,0.3060000,0.0210000,0,0,0,0,0,0,0,0,0,0,0,0,0,0,0,0,0,0,0,0,0,0,0,0,0,0,0,0,0,0,0,0,0,0,0,0,0,0,0,0.0730000,0.3120000,0.3100000,0.3100000,0.3110000,0.3140000,0.3150000,0.3140000,0.3100000,0.3110000,0.3120000,0.1090000,0,0,0,0,0,0,0,0,0,0,0,0,0,0,0,0,0,0,0.0190000,A,,,,
300,20260808,0.3120000,0.1850000,0,0,0,0,0,0,0,0,0,0,0,0,0,0,0,0,0,0,0,0,0,0,0,0,0,0,0,0,0,0,0,0,0,0,0.0190000,0.3130000,0.1450000,0,0,0,0,0,0,0,0,0,0,0,0,0,0,0,0,0,0,0,0,0,0,0.2430000,0.2940000,0,0,0,0,0,0,0,0,0,0,0,0,0,0,0,0,0,0,0,0,0,0,0,0,0,0,0,0,0,0,0,0.1090000,0.3050000,0.0350000,0,0,0,0,0,0,0,0,0,0,0,0,0,0,0,0,0,0,0,0,0,0,0,0,0,0,0,0,0,0,0,0,0,0,0,0,0,0,0,0,0,0,0,0,0,0,0,0,0,0,0,0,0,0,0,0,0,0.0660000,0.3120000,0.0700000,0,0,0,0,0,0,0,0,0,0,0,0,0,0,0,0,0,0,0,0,0,0,0,0,0,0,0,0,0,0,0,0,0,0,0,0,0,0,0,0,0,0.2110000,0.3100000,0.3100000,0.0610000,0,0,0,0,0,0.2450000,0.3050000,0.3050000,0.3060000,0.3060000,0.2160000,0,0,0,0,0,0,0,0,0,0,0.1850000,0.3090000,0.1050000,0,0,0,0,0,0,0,0,0,0,0,0,0,0,0,0,0,0,0,0,0,0.0730000,0.3130000,0.0600000,0,0,0,0,0,0,0,0,0,0,0,0,0,0,0,0,0,0,0,0,0,0,0,0,0,0,0,0,0,0,0.0270000,0.3080000,0.1280000,0,0,0,0,0,A,,,,
300,20260809,0,0,0,0,0,0,0,0,0,0,0,0,0,0,0,0,0,0,0,0,0,0,0,0,0,0,0,0,0,0,0,0,0,0,0,0,0,0,0,0,0,0,0,0.0100000,0.3120000,0.1200000,0,0,0,0,0,0,0,0,0,0,0,0,0,0,0,0,0,0,0,0,0,0,0,0,0,0,0,0,0,0,0,0,0,0,0,0,0,0,0,0,0.1450000,0.3080000,0.0620000,0,0,0,0,0,0,0,0,0.2650000,0.3040000,0.0280000,0,0,0,0,0,0,0,0,0,0,0,0,0,0.1250000,0.3080000,0.0610000,0,0,0,0,0,0,0,0,0,0.0880000,0.3070000,0.1190000,0,0,0,0,0,0,0,0,0,0,0,0,0,0,0,0,0,0,0.2230000,0.2650000,0,0,0,0,0,0,0,0,0,0,0,0,0,0,0,0,0,0,0,0.2760000,0.1710000,0,0,0,0,0,0,0,0,0,0,0,0,0,0,0,0,0,0,0,0,0,0,0,0,0,0,0,0,0,0,0,0.2720000,0.1630000,0,0,0,0,0,0,0,0,0,0,0,0,0,0,0,0,0,0,0,0,0,0,0,0.2700000,0.3040000,0.0680000,0,0.2330000,0.3020000,0.3010000,0.3010000,0.3050000,0.3050000,0.3060000,0.3040000,0.3020000,0.3050000,0.3030000,0.2720000,0,0,0,0,0,0,0,0,0,0,0,0,0,0,0,0,0,0,0,0,0,0.1120000,0.3140000,0.0680000,0,0,0,0,0,0,0.2450000,0.3090000,0.0070000,0,0,0,0,0,0,0,0,0,0,0,0,0,0,A,,,,
300,20260810,0,0,0,0,0,0,0,0,0,0,0,0,0,0.1530000,0.2850000,0,0,0,0,0,0,0,0,0,0,0,0,0,0,0,0,0,0,0,0,0,0,0,0,0,0,0,0,0,0,0,0,0,0,0,0,0,0,0,0,0,0,0,0,0,0,0,0,0.2720000,0.1600000,0,0,0,0,0,0,0,0,0,0,0,0,0,0,0,0,0,0,0,0,0,0,0,0.0260000,0.3130000,0.2250000,0,0,0,0,0,0,0,0,0,0,0,0,0,0,0,0,0,0,0,0,0,0,0,0,0,0,0,0,0,0,0.2850000,0.1580000,0,0,0,0,0,0,0,0,0,0,0,0,0,0,0,0,0,0,0,0,0,0,0,0,0,0,0,0,0,0,0,0,0.0900000,0.3090000,0.0340000,0,0,0,0,0,0,0,0,0,0,0,0,0,0,0,0,0,0,0,0,0,0,0,0,0,0,0,0,0,0,0,0,0,0,0,0,0,0,0,0,0,0,0,0,0,0,0,0.1280000,0.3010000,0.0020000,0,0,0,0,0,0,0,0,0,0,0,0,0.2570000,0.2980000,0.2970000,0.2970000,0.2680000,0,0,0,0,0,0,0,0,0,0,0,0,0,0,0.0160000,0.3030000,0.2060000,0,0,0,0,0,0,0,0,0.1210000,0.3080000,0.1920000,0,0,0,0,0,0,0,0,0,0,0,0,0,0,0,0,0,0,0,0.2340000,0.2020000,0,0,0,0,0,0,0,0,0,0,0,0,0,0,A,,,,
300,20260811,0,0,0,0,0,0,0,0,0,0,0,0,0,0,0,0,0,0,0,0,0,0,0.1790000,0.2530000,0,0,0,0,0,0,0,0,0,0,0,0,0,0,0,0,0,0,0,0,0,0,0,0,0,0,0,0,0,0,0,0,0,0,0,0,0,0,0,0,0,0,0,0,0,0,0,0,0,0,0,0,0.2620000,0.2210000,0,0,0,0,0,0,0,0,0,0,0,0,0,0,0.1530000,0.3070000,0.1800000,0,0,0,0,0,0,0,0,0,0,0,0,0,0,0,0,0,0,0.3000000,0.3100000,0.3090000,0.3070000,0.3070000,0.0290000,0,0,0,0,0,0,0,0,0,0,0,0,0,0,0,0,0,0,0.2210000,0.2480000,0,0,0,0,0,0,0,0,0,0,0,0,0,0,0,0,0,0,0,0,0,0,0,0,0,0,0,0,0,0,0,0.2420000,0.2060000,0,0,0,0,0,0,0,0,0,0,0,0,0,0,0,0,0,0,0,0,0,0,0,0,0,0,0,0,0,0,0,0,0,0,0,0.1430000,0.3030000,0.0160000,0,0,0,0,0,0,0,0,0,0,0,0,0,0,0.0790000,0.3050000,0.1190000,0,0.3050000,0.3080000,0.3090000,0.3070000,0.3050000,0.2920000,0,0,0,0,0,0,0,0,0,0,0,0,0,0,0,0,0,0,0,0,0,0,0,0.2470000,0.1780000,0,0,0,0,0,0,0,0,0,0,0,0,0,0,0,0,0,0,0,0,0,0,0,0,0,0,0,0,0,A,,,,
300,20260812,0,0,0.1840000,0.2450000,0,0,0,0,0,0,0,0,0,0,0,0,0,0,0,0,0,0,0,0,0,0,0,0,0,0,0,0,0,0,0,0,0,0,0,0,0,0,0,0,0,0,0,0,0,0,0,0,0,0.1750000,0.3130000,0,0,0,0,0,0,0,0,0,0,0,0,0,0,0,0,0,0,0,0,0.0810000,0.3090000,0.3050000,0.0200000,0,0,0,0,0,0,0,0,0,0,0,0,0,0.2040000,0.3070000,0.0390000,0,0,0,0,0,0,0,0,0,0.0640000,0.3030000,0.1880000,0,0,0,0,0,0,0,0,0,0,0,0,0,0,0,0,0,0,0,0,0,0,0,0,0,0,0.1970000,0.2260000,0,0,0,0,0,0,0,0,0,0,0,0,0,0,0,0,0,0,0,0,0,0.1550000,0.2770000,0,0,0,0,0,0,0,0,0,0,0,0,0,0,0,0,0,0,0,0,0,0,0,0,0,0,0,0,0,0,0,0,0,0,0,0,0,0,0,0,0,0,0,0,0,0,0,0.2540000,0.1600000,0,0,0,0,0,0,0,0,0,0,0,0,0,0,0,0,0,0,0.2170000,0.3090000,0.3060000,0.3060000,0.3030000,0.0500000,0,0,0,0,0,0,0,0,0,0,0,0,0,0.0970000,0.3110000,0.1210000,0,0,0,0,0,0,0,0,0,0,0,0,0,0,0,0,0,0,0,0,0,0,0,0,0.2260000,0.2260000,0,0,0,0,0,0,0,0,0,0,0,0,0,0,0,A,,,,
300,20260813,0,0,0,0,0,0,0,0,0,0,0,0,0,0,0,0,0,0,0,0,0,0,0,0,0,0,0,0,0,0,0.0300000,0.3140000,0.0860000,0,0,0,0,0,0,0,0,0,0,0,0,0,0,0,0,0,0,0,0,0,0,0,0,0,0,0,0,0,0,0,0,0,0,0,0,0,0,0,0,0,0,0,0,0,0,0,0,0,0,0,0,0.1620000,0.3090000,0.0390000,0,0.1870000,0.3060000,0.3080000,0.3070000,0.3060000,0.3060000,0.3080000,0.3070000,0.2520000,0,0,0,0,0,0,0,0,0,0,0,0,0,0,0,0,0,0,0,0,0,0,0,0,0.2290000,0.2410000,0,0,0,0,0,0,0,0,0,0,0,0,0,0,0,0,0,0,0,0,0,0,0,0,0,0,0,0,0,0,0,0,0,0,0,0,0,0,0,0,0,0,0,0,0,0,0,0,0,0,0,0,0,0,0,0,0,0.2150000,0.2420000,0,0,0,0,0,0,0,0,0,0,0,0,0,0,0,0,0,0,0,0,0,0,0,0,0,0,0,0,0,0,0,0,0,0,0,0,0,0,0,0,0,0.0890000,0.3070000,0.3080000,0.3040000,0.3040000,0.3030000,0.3050000,0.0930000,0,0,0,0,0,0,0,0,0,0,0,0,0,0,0,0,0,0.1380000,0.3100000,0.1070000,0,0,0,0,0,0,0,0,0,0,0,0,0,0,0,0,0.2100000,0.3120000,0,0,0,0,0,0,0,0,0,0,0,0,0,0,0,0,0,0,A,,,,
300,20260814,0,0,0,0,0,0,0,0,0,0,0.2200000,0.2390000,0,0,0,0,0,0,0,0,0,0,0,0,0,0,0,0,0,0,0,0,0,0,0,0,0,0,0,0,0,0,0,0,0,0,0,0,0,0,0,0,0,0,0,0,0,0.0630000,0.3120000,0.1130000,0,0,0,0,0,0,0,0,0,0,0,0,0,0,0,0,0,0,0,0,0,0,0,0,0,0,0,0,0,0,0,0,0,0,0,0,0,0,0.0040000,0.3090000,0.2120000,0,0,0,0,0,0,0,0,0,0,0,0,0,0,0,0,0,0,0,0,0,0,0,0,0,0,0,0,0,0,0,0,0,0,0,0.1230000,0.3150000,0.0050000,0,0,0,0,0,0,0,0,0,0,0,0,0,0,0,0,0,0,0,0,0,0,0,0,0,0,0,0,0,0,0,0,0,0,0,0,0,0,0,0,0,0,0,0.0700000,0.3080000,0.1520000,0,0,0,0,0,0,0,0,0,0,0,0,0,0,0,0,0,0,0,0,0,0,0,0.0560000,0.3060000,0.1330000,0,0,0,0,0,0,0,0,0,0,0,0,0,0,0,0,0,0,0,0,0,0,0,0,0,0,0,0,0,0,0,0,0,0,0,0,0,0,0,0.1300000,0.3030000,0.3040000,0.3070000,0.3060000,0.3070000,0.3070000,0.3090000,0.3090000,0.0900000,0,0,0,0,0,0,0,0,0,0,0,0,0,0,0,0,0,0.0700000,0.3140000,0.1590000,0,0,0,0,0,0,0,0,V,,,,
400,1,174,A,,
400,175,182,A,79,Power Outage Alarm
400,183,288,A,,
300,20260815,0,0,0,0,0,0,0,0,0,0,0,0,0,0,0,0,0,0,0,0,0,0,0,0,0.2390000,0.2650000,0,0,0,0,0,0,0,0,0,0,0,0,0,0,0,0,0,0,0,0,0,0,0,0,0,0,0,0,0,0,0,0,0,0,0,0,0,0,0,0,0,0,0,0,0,0,0,0,0,0,0,0.1610000,0.3150000,0.0180000,0,0,0,0,0,0,0,0,0,0,0,0,0,0,0,0,0,0,0,0,0,0,0,0,0,0.2480000,0.2540000,0,0,0,0,0,0,0,0,0,0,0,0,0,0,0,0,0,0,0.1530000,0.3120000,0.0340000,0,0,0,0,0,0,0,0,0,0,0,0,0,0,0,0,0,0,0,0,0,0,0,0,0,0,0,0,0.2930000,0.1360000,0,0,0,0,0,0,0,0,0,0,0,0,0,0,0,0,0,0,0,0.0060000,0.3090000,0.1660000,0,0,0,0,0,0,0,0,0,0,0,0,0,0,0,0,0,0,0,0,0,0,0,0.0570000,0.3110000,0.0770000,0,0,0,0,0,0,0,0,0,0,0,0,0,0,0,0.2270000,0.3060000,0.3070000,0.3080000,0.3080000,0.3090000,0.1770000,0,0,0,0,0,0,0,0,0,0,0,0,0,0,0,0,0,0,0,0,0,0.2600000,0.2020000,0,0,0,0,0,0,0,0,0,0,0,0,0,0,0,0,0,0,0,0,0,0,0,0,0,0,0,0,0,0,0,0,0,0,0,0,0,A,,,,
300,20260816,0,0.2950000,0.1610000,0,0,0,0,0,0,0,0,0,0,0,0,0,0,0,0,0,0,0,0,0,0,0,0,0,0,0,0,0,0,0,0,0,0,0,0,0,0,0,0,0,0,0,0,0,0,0,0,0,0,0,0,0,0,0,0,0.2160000,0.2850000,0,0,0,0,0,0,0,0,0,0,0,0,0,0,0,0,0,0,0,0,0,0,0,0,0,0,0,0,0,0,0,0.0430000,0.3030000,0.1880000,0,0,0,0,0,0,0,0,0,0.0320000,0.3120000,0.1870000,0,0,0,0,0,0,0,0,0,0,0,0,0,0.0530000,0.3100000,0.1220000,0,0,0,0,0,0,0,0,0,0,0,0,0,0,0,0,0,0,0,0,0,0,0,0,0,0,0.1820000,0.2470000,0,0,0,0,0,0,0,0,0,0,0,0,0,0,0,0,0,0,0,0,0,0,0,0,0,0,0,0,0,0.1880000,0.2330000,0,0,0,0,0,0,0,0,0,0,0,0,0,0,0,0,0,0,0.0620000,0.3090000,0.1030000,0,0,0,0,0,0,0,0,0,0,0,0,0,0,0.0820000,0.3090000,0.3100000,0.3110000,0.3090000,0.3080000,0.3050000,0.3070000,0.3100000,0.3110000,0.2500000,0,0,0,0,0,0,0,0,0,0,0,0,0,0,0,0,0,0,0,0.1690000,0.3130000,0.0630000,0,0,0,0,0,0,0,0,0,0,0,0,0,0,0,0,0,0,0,0,0,0,0,0,0,0,0.0810000,0.3140000,0.0730000,0,0,0,0,0,0,0,0,0,A,,,,
300,20260817,0,0,0,0,0,0,0,0,0,0,0,0,0,0,0,0,0,0,0,0,0,0,0,0,0,0,0,0,0,0,0,0,0,0,0,0,0,0.2870000,0.1590000,0,0,0,0,0,0,0,0,0,0,0,0,0,0,0,0,0,0,0,0,0,0,0,0,0,0,0,0,0,0,0,0,0,0,0,0,0,0,0,0,0,0.0510000,0.3070000,0.1710000,0,0,0,0,0,0,0,0,0,0,0,0,0.1810000,0.3090000,0.0500000,0,0,0,0,0,0,0,0,0,0,0,0,0,0,0,0,0,0,0.0430000,0.3100000,0.1160000,0,0,0,0,0,0,0,0,0,0,0,0,0,0,0,0,0,0,0,0,0,0,0,0,0,0,0,0,0,0,0,0,0,0,0,0,0,0,0,0.2540000,0.1490000,0,0,0,0,0,0,0,0,0,0,0,0,0,0,0,0,0,0,0,0,0,0,0,0,0,0,0,0,0.2240000,0.2280000,0,0,0,0,0,0,0,0,0,0,0,0,0,0,0,0,0,0,0,0.1370000,0.3070000,0.0340000,0,0,0,0,0,0,0,0,0,0.0330000,0.3120000,0.3110000,0.3100000,0.3090000,0.3100000,0.0130000,0,0,0,0,0,0,0,0,0,0,0,0,0,0,0,0,0.0900000,0.3110000,0.0860000,0,0,0,0,0,0,0,0.2890000,0.2630000,0,0.1580000,0.3130000,0.3120000,0.3110000,0.0960000,0,0,0,0,0,0,0,0,0,0,0,0,0,0,0,0,0,0.1080000,0.3130000,0.0180000,0,0,0,0,0,0,A,,,,
300,20260818,0,0,0,0,0,0,0,0,0,0,0,0,0,0,0,0,0,0,0,0,0,0,0,0,0,0,0.1080000,0.3100000,0,0,0,0,0,0,0,0,0,0,0,0,0,0,0,0,0,0,0,0,0,0,0,0,0,0,0,0,0,0,0,0,0,0,0,0,0,0,0,0,0,0,0,0.1380000,0.3120000,0.0010000,0,0,0,0,0,0,0,0,0,0,0,0,0,0,0,0,0,0,0,0,0,0,0,0,0,0.0460000,0.3040000,0.1190000,0,0,0,0,0,0,0,0,0,0,0,0,0,0,0,0,0,0,0,0,0,0,0,0,0.1530000,0.3090000,0,0,0,0,0,0,0,0,0,0,0,0,0,0,0,0,0,0,0,0,0,0,0,0,0,0,0,0,0,0,0,0,0,0,0,0,0,0.2980000,0.1210000,0,0,0,0,0,0,0,0,0,0,0,0,0,0,0,0,0.0820000,0.3060000,0.1340000,0,0,0,0,0,0,0,0,0,0,0,0,0,0,0,0.2700000,0.1990000,0,0,0,0,0,0,0,0,0,0,0,0,0,0,0,0,0,0,0,0,0,0.2350000,0.3040000,0.0110000,0,0,0.1770000,0.3100000,0.3090000,0.3100000,0.3080000,0.3080000,0.2880000,0,0,0,0,0,0,0,0,0,0,0,0,0,0,0,0,0,0,0,0,0,0,0,0,0.2700000,0.1640000,0,0,0,0,0,0,0,0,0,0,0,0,0,0,0,0,0,0,0,0,0,0,0,0,0,0,A,,,,
300,20260819,0,0,0,0,0.0780000,0.3110000,0.0440000,0,0,0,0,0,0,0,0,0,0,0,0,0,0,0,0,0,0,0,0,0,0,0,0,0,0,0,0,0,0,0,0,0,0,0,0,0,0,0,0,0,0,0,0,0,0,0,0,0,0.0820000,0.3160000,0.0370000,0,0,0,0,0,0,0,0,0,0,0,0,0,0,0.2530000,0.3130000,0.3130000,0.3130000,0.3100000,0.3050000,0.3070000,0.0550000,0,0,0,0,0,0,0,0,0,0,0.2030000,0.3090000,0.0670000,0,0,0,0,0,0,0,0.0220000,0.3080000,0.2190000,0,0,0,0,0,0,0,0,0,0,0,0,0,0,0,0,0,0,0,0,0,0,0,0,0.2090000,0.2120000,0,0,0,0,0,0,0,0,0,0,0,0,0,0,0,0,0,0,0,0,0,0,0,0,0,0,0,0,0,0,0,0,0,0,0,0.0370000,0.3100000,0.1160000,0,0,0,0,0,0,0,0.1380000,0.3060000,0.0390000,0,0,0,0,0,0,0,0,0,0,0,0,0,0,0,0,0,0,0,0.1930000,0.2560000,0,0,0,0,0,0,0,0,0,0,0,0,0,0,0,0,0,0,0,0,0,0,0,0,0,0,0,0.1170000,0.3070000,0.1090000,0.0870000,0.3110000,0.3130000,0.3140000,0.3140000,0.3120000,0.1920000,0,0,0,0,0,0,0,0,0,0,0,0,0,0,0,0,0.0300000,0.3070000,0.1620000,0,0,0,0,0,0,0,0,0,0,0,0,0,0,0,0,0,0,0,0,0,0,0.2030000,0.2510000,0,0,0,0,0,0,0,0,0,A,,,,
300,20260820,0,0,0,0,0,0,0,0,0,0,0,0,0,0,0,0,0,0,0,0,0,0,0,0,0,0,0,0,0,0,0,0,0.2460000,0.1890000,0,0,0,0,0,0,0,0,0,0,0,0,0,0,0,0,0,0,0,0,0,0,0,0,0,0,0,0,0,0,0,0,0,0,0,0,0,0,0,0,0,0,0,0,0,0,0,0,0,0.2320000,0.2410000,0,0,0,0.2260000,0.3040000,0.2640000,0,0,0,0,0,0,0,0,0,0,0,0,0,0,0,0,0,0.1720000,0.2870000,0,0,0,0,0,0,0,0,0,0,0,0,0,0,0,0,0,0,0,0,0,0,0,0,0,0,0,0,0,0,0,0,0,0,0,0,0,0,0.2030000,0.1840000,0,0,0,0,0,0,0,0,0,0,0,0,0,0,0,0,0,0,0,0,0,0,0,0,0,0,0,0,0,0,0,0,0,0,0,0,0,0,0,0.2090000,0.2140000,0,0,0,0,0,0,0,0,0,0,0,0,0,0,0,0,0,0,0,0,0,0.0160000,0.3100000,0.1730000,0,0,0,0.0350000,0.3070000,0.3040000,0.3030000,0.3030000,0.3030000,0.1980000,0,0,0,0,0,0,0,0,0,0,0.1310000,0.3080000,0.0730000,0,0,0,0,0,0,0,0,0,0,0,0,0,0,0,0,0,0,0,0,0,0,0.2420000,0.1910000,0,0,0,0,0,0,0,0,0,0,0,0,0,0,0,0,0,0,0,0,0,0,0,0,0,0,A,,,,
300,20260821,0,0,0,0,0,0,0,0,0,0,0.1810000,0.2530000,0,0,0,0,0,0,0,0,0,0,0,0,0,0,0,0,0,0,0,0,0,0,0,0,0,0,0,0,0,0,0,0,0,0,0,0,0,0,0,0,0,0,0,0,0,0,0,0,0,0,0,0,0,0,0.0510000,0.3130000,0.1070000,0,0,0,0,0,0,0,0,0,0,0,0,0,0,0,0,0,0,0,0,0,0,0,0,0,0.0980000,0.3060000,0.1600000,0,0,0,0,0,0,0,0,0,0,0,0,0,0,0,0,0,0,0,0.0060000,0.3090000,0.2130000,0,0,0,0,0,0,0,0,0,0,0,0,0,0,0,0,0,0,0,0,0,0,0,0,0,0,0.1400000,0.2940000,0,0,0,0,0,0,0,0,0,0,0,0,0,0,0,0,0,0,0,0,0,0,0,0,0,0,0,0,0,0,0,0,0,0,0,0,0,0,0,0,0,0,0,0,0,0,0.1380000,0.3040000,0.0230000,0,0,0,0,0,0,0,0,0,0,0,0,0,0,0,0,0,0,0,0,0.0040000,0.3020000,0.3040000,0.3080000,0.3070000,0.1340000,0,0,0,0,0,0,0,0,0,0,0,0,0,0,0,0,0,0,0,0,0.2560000,0.2200000,0,0,0,0,0,0,0,0,0,0,0,0,0,0,0,0,0,0,0,0,0,0,0,0,0,0,0,0,0,0,0,0,0,0.0500000,0.3100000,0.0940000,0,0.0930000,0.3100000,0.3090000,0.2790000,0,0,0,A,,,,
300,20260822,0,0,0,0,0,0,0,0,0,0,0,0,0,0,0,0,0,0,0,0,0.2800000,0.1640000,0,0,0,0,0,0,0,0,0,0,0,0,0,0,0,0,0,0,0,0,0,0,0,0,0,0,0,0,0,0,0,0,0,0,0,0,0,0,0,0,0.2450000,0.1960000,0,0,0,0,0,0,0,0,0,0,0,0,0,0,0,0,0,0,0,0,0,0,0,0,0,0,0,0,0,0,0,0,0,0,0,0,0,0,0,0,0,0,0,0,0,0,0,0,0,0,0,0,0.3060000,0.2010000,0,0,0,0,0,0,0,0,0,0,0,0,0,0,0,0.1370000,0.3090000,0.0390000,0,0,0,0,0,0,0,0,0,0,0,0,0,0,0,0,0,0,0,0,0,0,0,0,0,0,0,0,0,0,0,0,0,0,0,0,0,0,0,0,0,0,0,0,0,0,0.2040000,0.2110000,0,0,0,0,0,0,0,0,0,0,0,0,0,0,0.3010000,0.2670000,0,0,0,0,0,0,0,0,0,0,0,0,0,0,0,0.0540000,0.3090000,0.1410000,0,0,0,0.1390000,0.2600000,0,0,0,0,0,0,0,0,0,0,0,0,0,0,0,0,0,0,0,0,0,0,0,0,0,0,0,0,0,0,0,0,0,0,0,0.2850000,0.3050000,0.3070000,0.3090000,0.3050000,0.3040000,0.3060000,0.3080000,0.0120000,0,0,0,0,0,0,0,0,0,0,0,0,0,0,0,0,0.1380000,0.3120000,0.0820000,0,0,A,,,,
300,20260823,0,0,0,0,0,0,0,0,0,0,0,0,0,0,0,0,0,0,0,0,0,0,0,0,0,0,0,0,0.0590000,0.3120000,0.0870000,0,0,0,0,0,0,0,0,0,0,0,0,0,0,0,0,0,0,0,0,0,0,0,0,0,0,0,0,0,0,0,0,0,0,0,0,0,0,0,0,0,0,0,0,0,0,0,0,0.2510000,0.3090000,0.3060000,0.3080000,0.3050000,0.3030000,0.3050000,0.2150000,0,0,0,0,0,0.2390000,0.3040000,0.1190000,0,0,0,0,0,0,0,0,0,0,0,0,0,0,0,0.0310000,0.3090000,0.1460000,0,0,0,0,0,0,0,0,0,0,0,0,0,0,0,0,0,0,0,0,0,0,0,0,0,0,0,0.1020000,0.3120000,0.0100000,0,0,0,0,0,0,0,0,0,0,0,0,0,0,0,0,0,0,0,0,0,0,0,0,0,0,0,0,0,0,0,0,0,0,0,0,0,0.1900000,0.2500000,0,0,0,0,0,0,0,0,0,0,0,0,0,0,0,0,0,0,0,0.2650000,0.2160000,0,0,0,0,0,0,0,0,0,0,0,0,0,0,0,0,0.3010000,0.2410000,0,0.2280000,0.3000000,0.2990000,0.2990000,0.3000000,0.3010000,0.3020000,0.3020000,0.2810000,0,0,0,0,0,0,0,0,0,0,0,0,0,0.0450000,0.3080000,0.3070000,0.3070000,0.0390000,0,0,0,0,0,0,0,0,0,0,0,0,0,0,0,0,0,0,0,0.0430000,0.3030000,0.0830000,0,0,0,0,0,0,0,0,0,0,0,0,0,0,0,0,0,A,,,,
300,20260824,0,0,0,0,0,0,0,0,0,0,0,0,0,0,0,0,0,0.1670000,0.2620000,0,0,0,0,0,0,0,0,0,0,0,0,0,0,0,0,0,0,0,0,0,0,0,0,0,0,0,0,0,0,0,0,0,0,0,0,0,0,0,0,0,0,0,0,0,0,0,0,0,0,0,0,0,0,0.2360000,0.2410000,0,0,0,0,0,0,0,0,0,0,0,0,0,0,0.3030000,0.2390000,0,0,0,0,0,0,0,0,0,0,0,0,0,0,0,0,0,0,0,0,0,0,0.0770000,0.3020000,0.0810000,0,0,0,0,0,0,0,0,0,0,0,0,0,0,0,0,0,0,0,0,0,0,0,0,0,0,0,0,0,0,0,0.0920000,0.3080000,0.0120000,0,0,0,0,0,0,0,0,0,0,0,0,0,0,0,0,0.2090000,0.2750000,0,0,0,0,0,0,0,0,0,0,0,0,0,0,0,0,0,0,0,0,0,0,0,0,0.0810000,0.2990000,0.0800000,0,0,0,0,0,0,0,0,0,0,0,0,0,0,0,0,0,0,0,0,0,0,0,0,0.0790000,0.3040000,0.1110000,0,0.1140000,0.3040000,0.3030000,0.3030000,0.3020000,0.3060000,0.1080000,0,0,0,0,0,0,0,0,0,0,0,0,0,0,0,0,0,0,0,0,0,0,0,0.0610000,0.3130000,0.0660000,0,0,0,0,0,0,0,0,0,0,0,0,0,0,0,0,0,0,0,0,0,0,0,0,0,0,0,0,0,0,0,0,A,,,,
300,20260825,0,0,0,0,0,0,0,0,0,0.0790000,0.3110000,0.0530000,0,0,0,0,0,0,0,0,0,0,0,0,0,0,0,0,0,0,0,0,0,0,0,0,0,0,0,0,0,0,0,0,0,0,0,0,0,0,0,0,0,0,0,0,0,0,0,0,0,0,0,0,0,0,0,0,0,0,0,0.0540000,0.3080000,0.1350000,0,0,0,0,0,0,0,0,0,0,0,0,0,0,0,0,0,0,0,0,0,0,0,0,0,0,0,0,0,0,0,0,0,0,0,0.1530000,0.3020000,0.1540000,0,0,0,0,0,0,0,0,0,0,0,0,0,0.0670000,0.3050000,0.1220000,0,0,0,0,0,0,0,0,0,0,0,0,0,0,0,0,0,0,0,0,0,0,0,0,0,0,0,0,0,0,0,0,0,0,0,0,0.2660000,0.1680000,0,0,0,0,0,0,0,0,0,0,0,0,0,0,0,0,0,0,0,0,0.2760000,0.1970000,0,0,0,0,0,0,0,0,0,0,0,0,0,0,0,0,0,0,0.2810000,0.1900000,0,0,0,0,0,0,0,0,0,0,0,0,0,0,0.1140000,0.3020000,0.3040000,0.3040000,0.3030000,0.3070000,0.3030000,0.2760000,0,0,0,0,0,0,0,0,0,0,0,0.0650000,0.3040000,0.1420000,0,0,0,0,0,0,0,0,0,0,0,0,0,0,0.2990000,0.2290000,0,0,0,0,0,0,0,0,0,0,0,0,0,0,0,0,0,0,0,0,0,0,0,0.0820000,0.3120000,0.0690000,0,0,A,,,,
300,20260826,0,0,0,0,0,0,0,0,0,0,0,0,0,0,0,0,0,0,0,0,0,0,0,0,0,0,0,0,0,0,0,0,0,0,0,0,0,0,0,0,0.2000000,0.2270000,0,0,0,0,0,0,0,0,0,0,0,0,0,0,0,0,0,0,0,0,0,0,0,0,0,0,0,0,0,0,0,0,0,0,0,0,0,0,0,0,0,0,0,0,0,0,0,0,0,0,0,0,0.0720000,0.3070000,0.1110000,0,0,0,0,0,0,0,0,0,0,0,0,0,0,0,0,0,0,0,0,0,0,0,0,0,0,0,0,0,0,0,0,0,0,0,0,0,0,0,0,0.2510000,0.2500000,0,0,0,0,0,0,0,0,0,0,0,0.0560000,0.3060000,0.1250000,0,0,0,0,0,0,0,0,0,0,0,0,0,0,0,0,0,0,0,0,0,0,0,0,0,0,0,0,0,0,0,0,0,0,0.0400000,0.3090000,0.0740000,0,0,0,0,0,0,0,0,0,0,0,0,0,0,0,0,0,0,0,0,0,0,0,0,0,0,0,0,0,0,0.2090000,0.2970000,0,0.0010000,0.3080000,0.3070000,0.3070000,0.3070000,0.3050000,0.0330000,0,0,0,0,0,0,0,0,0,0,0,0,0,0,0,0,0,0.0730000,0.3040000,0.0980000,0,0,0,0,0,0,0,0,0,0,0,0,0,0.2620000,0.2250000,0,0,0,0,0,0,0,0,0,0,0,0,0,0,0,0,0,0,0,0,0,0,0,A,,,,
300,20260827,0,0,0,0,0,0,0,0,0,0.2440000,0.1850000,0,0,0,0,0,0,0,0,0,0,0,0,0,0,0,0,0,0,0,0,0,0,0,0,0,0,0,0,0,0,0,0,0,0,0,0,0,0,0,0,0,0,0,0,0,0,0,0,0,0,0.0710000,0.3100000,0.0950000,0,0,0,0,0,0,0,0,0,0,0,0,0,0,0,0,0,0,0,0,0,0.1910000,0.3040000,0.3050000,0.0650000,0,0,0,0,0,0,0.2510000,0.3010000,0.0640000,0,0,0,0,0,0,0,0,0,0,0,0,0,0,0,0,0,0,0,0,0,0,0,0,0,0,0.2820000,0.1490000,0,0,0,0,0,0,0,0,0,0,0,0,0,0,0,0,0,0,0,0,0,0,0,0,0,0,0,0,0,0,0,0,0,0,0,0,0,0,0,0,0,0,0,0,0,0,0,0,0,0,0,0,0,0,0,0,0,0,0,0.1140000,0.3090000,0.0230000,0,0,0,0,0,0,0,0,0,0,0,0,0,0,0,0,0,0,0,0,0,0,0,0,0,0,0,0,0,0,0.1350000,0.3000000,0.3030000,0.3000000,0.2970000,0.3010000,0.3010000,0.2990000,0.2980000,0,0,0,0,0,0,0,0,0,0,0,0,0,0,0,0,0,0,0,0,0,0,0.1850000,0.3070000,0.0310000,0,0,0,0,0,0,0,0,0,0,0,0,0,0,0,0,0,0,0,0,0,0.0280000,0.3100000,0.1600000,0,0,0,0,0,0,0,0,0,0,0,0,A,,,,
300,20260828,0,0,0,0,0,0,0,0,0,0,0,0,0,0,0,0,0,0,0,0,0,0,0,0,0,0,0,0,0,0,0.0440000,0.3130000,0.0950000,0,0,0,0,0,0,0,0,0,0,0,0,0,0,0,0,0,0,0,0,0,0,0,0,0,0,0,0,0,0,0,0,0,0,0,0,0,0,0,0,0,0,0,0,0,0,0.2170000,0.2860000,0,0,0,0,0,0,0,0,0,0,0,0,0,0,0,0,0,0,0,0,0,0,0,0.1400000,0.3050000,0.0480000,0,0,0,0,0,0,0,0,0,0,0,0,0,0,0,0,0,0.2390000,0.2300000,0,0,0,0,0,0,0,0,0,0,0,0,0,0,0,0,0,0,0,0,0,0,0,0,0,0,0,0,0,0,0,0,0,0,0,0,0,0,0,0,0,0,0,0,0,0,0,0,0,0,0,0,0,0,0,0.2340000,0.1790000,0,0,0,0,0,0,0,0,0,0,0,0,0,0,0,0,0,0,0,0,0,0,0,0,0,0,0,0,0,0,0,0,0,0.1820000,0.3060000,0,0,0,0,0,0,0,0.1720000,0.3050000,0.3060000,0.3070000,0.3060000,0.3040000,0.3030000,0.3060000,0.3090000,0.3100000,0.2380000,0,0,0,0,0,0,0,0,0,0,0,0,0,0,0,0,0.0490000,0.3030000,0.1710000,0,0,0,0,0,0,0,0,0,0,0,0,0,0,0,0,0,0,0,0,0,0,0,0.0410000,0.3080000,0.1250000,0,0,0,0,0,0,0,A,,,,
300,20260829,0,0,0,0,0,0,0,0,0,0,0,0,0,0,0,0,0,0,0,0,0,0,0,0,0,0,0,0,0,0,0,0,0,0,0,0.2240000,0.2500000,0,0,0,0,0,0,0,0,0,0,0,0,0,0,0,0,0,0,0,0,0,0,0,0,0,0,0,0,0,0,0,0,0,0,0,0,0,0,0,0,0,0,0,0,0,0,0,0,0.2760000,0.3060000,0.0150000,0,0,0,0,0,0,0,0,0,0,0,0,0,0,0,0,0,0,0,0.1970000,0.3110000,0.0270000,0,0,0,0,0,0,0,0,0.1560000,0.3060000,0.3070000,0.3100000,0.3110000,0.3110000,0.3110000,0.3070000,0.3040000,0.3070000,0.3060000,0.3070000,0.3070000,0.0500000,0,0,0,0,0,0,0,0,0,0,0,0,0,0,0,0,0,0,0,0,0,0.2640000,0.2470000,0,0,0,0,0,0,0,0,0,0,0,0,0,0,0,0,0,0,0,0,0,0,0,0,0,0,0,0,0,0,0.0730000,0.3070000,0.0590000,0,0,0,0,0,0,0,0,0,0,0,0,0,0,0,0,0,0,0,0,0,0,0,0,0.2860000,0.2020000,0,0,0,0.2350000,0.3040000,0.3030000,0.3040000,0.3010000,0.3020000,0.3020000,0.3040000,0.3030000,0.2970000,0,0,0,0,0,0,0,0,0,0,0,0,0,0,0,0,0,0,0,0,0,0,0.1130000,0.3110000,0.0280000,0,0,0,0,0,0,0,0,0,0,0,0,0,0,0,0,0,0,0,0,0,0,0,0,0,0,0,0,0,0.2170000,0.2510000,0,0,0,0,0,A,,,,
300,20260830,0,0,0,0,0,0,0,0,0,0,0,0,0,0,0,0,0,0,0,0,0,0,0,0,0,0,0,0,0,0,0,0,0,0,0,0,0,0,0,0,0,0,0.0420000,0.3140000,0.1290000,0,0,0,0,0,0,0,0,0,0,0,0,0,0,0,0,0,0,0,0,0,0,0,0,0,0,0,0,0,0,0,0,0,0,0,0,0,0,0,0,0,0.2430000,0.2880000,0,0,0,0,0,0,0.1290000,0.3050000,0.3060000,0.3020000,0.3030000,0.3050000,0.3040000,0.0910000,0,0,0,0,0,0,0,0,0,0,0,0.2170000,0.3050000,0.0020000,0,0,0,0,0,0,0,0,0,0,0,0.0830000,0.3090000,0.1010000,0,0,0,0,0,0,0,0,0,0,0,0,0,0,0,0,0.2250000,0.2170000,0,0,0,0,0,0,0,0,0,0,0,0.1110000,0.3070000,0.0590000,0,0,0,0,0,0,0.0650000,0.3090000,0.1740000,0,0,0,0,0,0,0,0,0,0,0,0,0,0,0,0,0,0,0.1330000,0.3070000,0,0,0,0,0,0,0,0,0,0,0,0,0,0,0,0,0,0,0,0,0,0,0,0.1460000,0.3020000,0.0830000,0,0,0,0,0,0,0.1260000,0.3020000,0.3000000,0.3000000,0.3000000,0.3020000,0.1460000,0,0,0,0,0,0,0,0,0,0,0,0,0,0,0,0.3050000,0.1660000,0,0,0,0,0,0,0,0,0,0,0,0,0,0,0,0,0,0,0,0,0,0,0,0,0,0,0,0,0,0.1470000,0.2880000,0,0,0,0,0,0,0,0,0,0,A,,,,
300,20260831,0,0,0,0,0,0,0,0,0,0,0,0,0,0,0,0,0,0,0,0,0,0,0,0,0,0,0,0,0,0,0,0,0,0,0,0,0,0.2860000,0.1550000,0,0,0,0,0,0,0,0,0,0,0,0,0,0,0,0,0,0,0,0,0,0,0,0,0,0,0,0,0,0,0,0,0,0,0,0,0,0.0790000,0.3070000,0.3070000,0.3070000,0.1220000,0,0,0,0,0,0,0.0990000,0.3050000,0.1850000,0,0,0,0,0,0,0,0,0,0,0,0,0,0,0,0,0,0,0,0,0,0,0.2290000,0.2270000,0,0,0,0,0,0,0,0,0,0,0,0,0,0,0,0,0,0,0,0,0,0,0.1920000,0.2610000,0,0,0,0,0,0,0,0,0,0,0,0,0,0,0,0,0,0,0,0,0,0,0,0,0,0,0,0,0,0,0,0,0,0,0,0,0,0,0,0,0.1190000,0.2980000,0,0,0,0,0,0,0,0,0,0,0,0,0,0,0,0,0,0,0,0,0,0,0,0,0,0,0,0,0,0,0,0,0,0,0,0,0,0,0,0.0120000,0.3020000,0.3040000,0.3050000,0.3040000,0.3040000,0.3050000,0.3040000,0.0700000,0,0,0,0,0,0,0,0,0,0,0,0,0,0,0.1950000,0.3080000,0.0130000,0,0,0,0,0,0,0,0,0,0,0,0,0,0,0,0,0,0,0,0,0,0,0.0510000,0.3100000,0.1210000,0,0,0,0,0,0,0,0,0,0,0,0,0,0,0,0,0,0,A,,,,
300,20260901,0,0,0,0,0,0,0,0,0,0,0,0,0,0,0,0.1130000,0.3110000,0.0350000,0,0,0,0,0,0,0,0,0,0,0,0,0,0,0,0,0,0,0,0,0,0,0,0,0,0,0,0,0,0,0,0,0,0,0,0,0,0,0,0,0,0,0,0,0,0,0,0,0,0.2340000,0.2350000,0,0,0,0,0,0,0,0,0,0,0,0,0,0,0,0,0,0,0,0,0,0,0,0,0,0,0,0.2910000,0.2000000,0,0,0,0,0,0,0,0,0,0,0,0,0,0,0,0,0,0,0,0,0,0,0,0.1100000,0.3100000,0.0640000,0,0,0,0,0,0,0,0,0,0,0,0,0,0,0,0,0,0,0,0,0,0,0,0,0,0,0,0,0,0,0,0,0.2610000,0.1860000,0,0,0,0,0,0,0,0,0,0,0,0,0,0,0,0,0,0,0,0,0,0,0,0,0.0570000,0.3100000,0.3110000,0.3110000,0.2150000,0,0,0,0,0,0,0,0,0,0,0,0,0,0,0,0,0,0,0.2040000,0.2690000,0,0,0,0,0,0,0,0.2630000,0.3030000,0.3050000,0.3030000,0.3050000,0.3040000,0.3020000,0.3020000,0.2380000,0,0,0,0,0.1480000,0.3020000,0.2350000,0,0,0,0,0,0,0,0,0,0,0,0,0,0,0.1770000,0.3000000,0,0,0,0,0,0,0,0,0,0,0,0,0,0,0,0,0,0,0,0,0,0,0,0,0,0,0,0,0.2630000,0.1760000,0,0,0,0,0,0,0,0,0,0,0,0,A,,,,
300,20260902,0,0,0,0,0,0,0,0,0,0,0,0,0,0,0,0,0,0,0,0,0,0,0,0,0,0,0,0,0,0,0,0,0,0,0.1900000,0.2760000,0,0,0,0,0,0,0,0,0,0,0,0,0,0,0,0,0,0,0,0,0,0,0,0,0,0,0,0,0,0,0,0,0,0,0,0,0,0,0,0,0,0.2540000,0.2480000,0,0,0,0,0,0,0,0,0,0,0,0,0,0,0,0,0,0,0,0,0,0,0,0,0,0,0,0,0,0,0,0,0,0,0,0,0,0,0,0,0.1380000,0.3050000,0.0030000,0,0,0,0,0,0,0,0,0,0,0,0,0,0,0,0,0,0,0,0,0,0,0,0,0,0,0,0,0,0,0,0,0,0,0,0,0,0,0,0,0,0,0,0,0,0,0,0,0,0.1900000,0.2790000,0,0,0,0,0,0,0,0.1410000,0.3120000,0.3130000,0.3120000,0.2450000,0,0,0,0,0,0,0,0,0,0,0,0,0,0,0.1220000,0.3100000,0.1740000,0,0,0,0,0,0,0,0,0,0.1790000,0.3070000,0.0270000,0,0,0,0,0,0,0.1040000,0.3040000,0.3040000,0.3030000,0.3010000,0.3020000,0.2990000,0.2980000,0.2990000,0.2990000,0.0220000,0,0,0,0,0,0,0,0,0,0,0,0,0,0,0,0,0,0,0,0.0330000,0.3070000,0.1150000,0,0,0,0,0,0,0,0,0,0,0,0,0,0,0,0,0,0,0,0,0,0,0,0,0,0,0,0,0.3150000,0.1380000,0,0,0,0,0,A,,,,
300,20260903,0,0,0,0,0,0,0,0,0,0,0,0,0,0,0,0,0,0,0,0,0,0,0,0,0,0,0,0,0,0,0,0,0,0,0,0,0,0,0,0,0.1390000,0.3120000,0.0450000,0,0,0,0,0,0,0,0,0,0,0,0,0,0,0,0,0,0,0,0,0,0,0,0,0,0,0,0,0,0,0,0,0,0,0,0,0,0,0,0,0,0.0840000,0.3060000,0.3080000,0.3070000,0.3080000,0.0060000,0,0,0,0,0,0,0,0,0,0,0,0,0.3000000,0.2340000,0,0,0,0,0,0,0,0,0,0,0,0,0,0,0,0,0,0,0,0,0,0,0,0,0,0,0,0,0,0,0.0930000,0.3160000,0.0420000,0,0,0,0,0,0,0,0,0,0,0,0,0,0,0,0,0,0,0,0,0,0,0,0,0,0,0,0,0,0,0,0,0,0,0,0,0,0,0,0,0,0,0,0.1180000,0.3140000,0.3120000,0.3110000,0.3120000,0.3150000,0.3130000,0.1420000,0,0,0,0,0,0,0,0,0,0,0,0,0.0910000,0.3100000,0.1340000,0,0,0,0,0,0,0,0,0,0,0,0,0,0,0,0,0,0,0,0,0.2030000,0.3060000,0.3070000,0.3070000,0.3060000,0.3070000,0.3050000,0.3040000,0.3030000,0.0300000,0,0,0,0,0,0,0,0.0980000,0.3080000,0.3050000,0.0440000,0,0,0,0,0,0,0,0,0,0,0,0,0,0,0,0,0.0600000,0.3140000,0.1510000,0,0,0,0,0,0,0,0,0,0,0,0,0,0,0,0,0,0,0,0,0,0.2610000,0.2310000,0,0,A,,,,
300,20260904,0,0,0,0,0,0,0,0,0,0,0,0,0,0,0,0,0,0,0,0,0,0,0,0,0,0,0,0,0,0,0,0,0,0,0,0,0,0,0.1340000,0.3150000,0.0270000,0,0,0,0,0,0,0,0,0,0,0,0,0,0,0,0,0,0,0,0,0,0,0,0,0,0,0,0,0,0,0,0,0,0,0,0,0,0,0.3060000,0.1670000,0,0,0,0,0,0,0,0,0,0,0,0,0,0,0,0,0,0,0,0,0,0,0,0,0.2380000,0.2400000,0,0,0,0,0,0,0,0,0,0,0,0,0,0,0,0.2100000,0.3000000,0,0,0,0,0,0,0,0,0,0,0,0,0,0,0,0,0,0,0,0,0,0,0,0,0,0,0,0,0,0,0.0840000,0.3150000,0.0260000,0,0,0,0,0,0,0,0,0,0,0,0,0,0,0,0,0,0,0,0,0,0,0,0,0,0,0,0,0,0,0,0,0,0,0,0,0,0,0,0,0,0,0,0,0,0.0920000,0.3110000,0.0230000,0,0,0,0,0,0,0,0,0,0,0,0,0,0,0,0,0,0,0,0,0.0530000,0.3070000,0.3070000,0.3100000,0.3090000,0.3100000,0.3080000,0.0130000,0,0,0,0,0,0,0,0,0,0,0,0,0,0,0,0,0,0,0,0.3110000,0.2010000,0,0,0,0,0,0,0,0,0,0,0,0,0,0,0,0,0,0,0,0,0,0,0,0,0,0,0,0,0.0100000,0.3110000,0.1280000,0,0,0,A,,,,
300,20260905,0,0,0,0,0,0,0,0,0,0,0,0,0,0,0,0,0,0,0,0,0,0,0,0,0,0,0,0,0,0,0,0,0,0,0,0,0,0,0,0.3010000,0.1530000,0,0,0,0,0,0,0,0,0,0,0,0,0,0,0,0,0,0,0,0,0,0,0,0,0,0,0,0,0,0,0,0,0,0,0,0,0,0,0,0,0,0,0.1640000,0.3040000,0.0720000,0,0,0,0,0,0,0,0,0,0,0,0,0,0,0.0430000,0.3100000,0.1670000,0,0,0,0,0,0,0,0,0,0,0,0,0,0,0,0,0,0,0,0,0,0,0,0.2920000,0.1410000,0,0,0,0,0,0,0,0,0,0,0,0,0,0,0,0,0,0,0,0,0,0,0,0,0,0,0,0,0,0,0,0,0,0,0,0,0,0,0,0,0,0,0,0,0,0,0.0570000,0.3070000,0.0500000,0,0,0,0,0,0,0,0,0,0,0,0,0,0,0,0,0.0170000,0.3070000,0.3040000,0.2150000,0,0,0,0,0,0,0,0,0,0,0,0,0,0,0,0,0,0,0,0,0,0.2170000,0.2800000,0,0,0,0,0,0,0,0,0.2070000,0.3080000,0.3080000,0.3090000,0.3060000,0.1790000,0,0,0,0,0,0,0,0,0,0,0,0,0,0,0,0,0,0.1110000,0.3110000,0.1790000,0,0,0,0,0,0,0,0,0,0,0,0,0,0,0,0,0,0,0,0,0,0,0,0,0.2070000,0.2690000,0,0,0,0,0,0,0,0,A,,,,
300,20260906,0,0,0,0,0,0,0,0,0,0,0,0,0,0,0,0,0,0,0,0,0,0,0,0,0,0,0,0,0,0,0,0,0,0,0.0700000,0.3140000,0.0570000,0,0,0,0,0,0,0,0,0,0,0,0,0,0,0,0,0,0,0,0,0,0,0,0,0,0,0,0,0,0,0,0,0,0,0,0,0,0,0,0,0,0,0,0,0,0,0,0,0,0.0220000,0.3090000,0.1620000,0,0,0,0,0,0,0,0,0,0,0,0,0,0,0,0,0,0,0,0,0,0.0170000,0.3120000,0.1850000,0,0,0,0,0,0,0,0,0,0,0,0,0,0,0,0,0,0,0,0,0,0,0,0,0,0,0,0,0,0,0.0110000,0.3120000,0.1180000,0,0,0,0,0,0,0,0,0,0,0,0,0,0,0,0,0,0,0,0,0,0,0,0,0,0.2050000,0.2360000,0,0,0,0,0,0,0,0,0,0,0,0,0,0,0,0,0,0,0,0,0,0,0,0,0,0,0,0,0.2010000,0.2580000,0,0,0,0,0,0,0,0,0,0,0,0,0,0,0,0,0,0.1150000,0.2990000,0.2980000,0.2990000,0.2990000,0.3000000,0.0200000,0,0,0,0,0,0,0,0,0,0,0,0,0,0,0,0,0,0,0.1230000,0.3060000,0.0790000,0,0,0,0,0,0,0,0,0,0,0,0,0,0,0,0,0,0,0,0,0,0,0,0,0,0,0.1170000,0.3110000,0.0630000,0,0,0,0,0,0,0,0,0,0,0,A,,,,
300,20260907,0,0,0,0,0,0,0,0,0,0,0,0,0,0,0,0,0,0,0,0,0,0,0,0,0,0,0,0,0,0.0880000,0.3130000,0.0530000,0,0,0,0,0,0,0,0,0,0,0,0,0,0,0,0,0,0,0,0,0,0,0,0,0,0,0,0,0,0,0,0,0,0,0,0,0,0,0,0,0,0,0,0,0,0,0.1920000,0.3100000,0.3100000,0.3080000,0.2100000,0,0,0,0,0,0,0,0,0,0,0,0,0,0.1580000,0.3010000,0.0970000,0,0,0,0,0,0,0,0,0,0,0,0,0,0,0,0,0,0,0,0,0,0,0,0,0,0,0,0,0.3070000,0.1470000,0,0,0,0,0,0,0,0,0,0,0,0,0,0,0,0,0,0,0,0,0,0,0,0,0,0,0,0,0,0,0,0,0,0,0,0,0,0,0,0,0,0,0,0,0,0,0,0,0,0,0,0,0,0.1550000,0.2750000,0,0,0,0,0,0,0,0,0,0,0,0,0,0,0,0,0,0.1490000,0.3040000,0.3020000,0.3050000,0.3050000,0.3050000,0.0550000,0,0,0,0,0,0,0,0,0,0,0.0800000,0.3060000,0.3070000,0.3090000,0.3070000,0.3070000,0.3040000,0.3060000,0.3070000,0.0030000,0,0,0,0,0,0,0,0,0,0,0,0,0,0,0,0,0,0,0.0200000,0.3050000,0.1880000,0,0,0,0,0,0,0,0,0,0,0,0,0,0,0,0,0,0,0,0,0,0,0,0,0,0,0,0,0,0.2280000,0.2400000,0,0,0,0,0,0,0,0,A,,,,
300,20260908,0,0,0,0,0,0,0,0,0,0,0,0,0,0,0,0,0,0,0,0,0,0,0,0,0,0,0,0,0,0,0,0,0,0,0,0,0,0,0,0.1770000,0.3010000,0,0,0,0,0,0,0,0,0,0,0,0,0,0,0,0,0,0,0,0,0,0,0,0,0,0,0,0,0,0,0,0,0,0,0,0,0,0,0,0.2740000,0.3040000,0.3030000,0.2710000,0,0,0,0,0,0,0,0,0,0,0,0.1520000,0.3000000,0.1270000,0,0,0,0,0,0,0,0,0,0,0,0,0,0,0,0,0,0,0.2570000,0.2930000,0,0,0,0,0,0,0,0,0,0,0,0,0,0,0,0,0,0,0.0190000,0.3100000,0.1110000,0,0,0,0,0,0,0,0,0,0,0,0,0,0,0,0,0,0,0,0,0,0,0,0,0,0,0,0,0,0,0,0,0,0.1700000,0.2380000,0,0,0,0,0,0,0,0,0,0,0,0,0,0,0,0,0,0,0,0,0,0,0,0,0,0,0,0,0.1870000,0.2680000,0,0,0,0,0,0,0,0,0,0,0,0,0,0,0,0,0,0,0,0,0,0,0.1960000,0.3040000,0.3030000,0.3040000,0.3040000,0.3050000,0.3060000,0.1120000,0,0,0,0,0,0,0,0,0,0,0.2120000,0.3010000,0.2010000,0,0,0,0,0,0,0,0,0,0,0,0,0,0,0,0,0,0,0,0,0,0.0080000,0.3130000,0.2040000,0,0,0,0,0,0,0,0,0,0,0,0,0,0,0,0,0,A,,,,
300,20260909,0,0,0,0,0,0,0,0,0,0,0,0,0,0,0,0,0.2070000,0.2440000,0,0,0,0,0,0,0,0,0,0,0,0,0,0,0,0,0,0,0,0,0,0,0,0,0,0,0,0,0,0,0,0,0,0,0,0,0,0,0,0,0,0,0,0,0,0,0,0,0,0,0,0,0,0,0,0,0.2800000,0.2230000,0,0,0,0,0,0,0,0,0,0,0,0,0,0.0690000,0.3040000,0.1660000,0,0,0,0,0,0,0,0,0,0,0,0,0,0,0,0,0,0,0,0,0,0,0,0,0,0,0,0,0,0,0,0,0,0,0.2260000,0.2560000,0,0,0,0,0,0,0,0,0,0,0,0,0.1870000,0.3020000,0,0,0,0,0,0,0,0,0,0,0,0,0,0,0,0,0,0,0,0,0,0,0,0,0,0,0,0,0,0,0,0,0,0,0,0,0,0,0.2340000,0.1780000,0,0,0,0,0,0.2000000,0.3120000,0.3120000,0.3110000,0.3110000,0.1060000,0,0,0,0,0.0510000,0.3070000,0.2700000,0,0,0,0,0,0,0,0,0,0,0,0,0,0,0,0,0,0,0,0,0,0.0310000,0.3060000,0.1160000,0,0.2650000,0.3060000,0.3050000,0.3060000,0.0410000,0,0,0,0,0,0,0,0,0,0,0,0,0,0,0,0,0,0,0,0,0,0,0,0,0.0500000,0.3110000,0.0700000,0,0,0,0,0,0,0,0,0,0,0,0,0,0,0,0,0,0,0,0,0,0,0,0,0,0,0,0,0,0,0,A,,,,
300,20260910,0,0,0.0790000,0.3130000,0.0500000,0,0,0,0,0,0,0,0,0,0,0,0,0,0,0,0,0,0,0,0,0,0,0,0,0,0,0,0,0,0,0,0,0,0,0,0,0,0,0,0,0,0,0,0,0,0,0,0,0,0,0,0,0,0,0,0,0.0350000,0.3130000,0.1290000,0,0,0,0,0,0,0,0,0,0,0,0,0,0,0,0,0,0,0,0,0.1100000,0.3070000,0.3070000,0.0460000,0,0,0,0,0,0,0,0,0,0,0.1610000,0.2980000,0.1100000,0,0,0,0,0,0,0,0,0,0,0,0,0,0,0,0,0,0,0,0,0,0,0,0.1150000,0.3090000,0.0070000,0,0,0,0,0,0,0,0,0,0,0,0,0,0,0,0,0,0,0,0,0,0,0,0,0,0,0,0,0,0,0,0,0,0,0,0,0,0,0,0,0,0,0,0,0,0,0,0,0,0,0,0,0,0,0,0,0,0,0.3080000,0.1490000,0,0,0,0,0,0,0,0,0,0,0,0,0,0,0,0,0,0,0,0,0,0,0,0,0,0,0,0,0,0,0,0,0.0020000,0.3070000,0.3070000,0.3060000,0.3070000,0.3070000,0.3070000,0.3070000,0.2040000,0,0,0,0,0,0,0,0,0,0,0,0,0,0,0,0,0.0880000,0.3080000,0.1520000,0,0,0,0,0,0,0,0,0,0,0,0,0,0,0,0,0,0,0,0,0,0.3100000,0.1840000,0,0,0,0,0,0,0,0,0,0,0,0,0,0,0,0,0,0,A,,,,
300,20260911,0,0,0,0,0,0,0,0,0,0,0,0,0,0,0,0,0,0,0,0,0,0,0.1730000,0.2640000,0,0,0,0,0,0,0,0,0,0,0,0,0,0,0,0,0,0,0,0,0,0,0,0,0,0,0,0,0,0,0,0,0,0,0,0,0,0,0,0,0,0,0,0,0,0,0,0,0,0,0,0,0,0,0,0,0.1970000,0.2910000,0,0,0,0,0,0,0,0,0,0,0,0,0,0,0,0,0,0,0,0,0,0,0,0,0,0.1790000,0.3010000,0.0580000,0,0,0,0,0,0,0,0,0,0,0,0,0,0,0,0,0.1370000,0.3050000,0.0420000,0,0,0,0,0,0,0,0,0,0,0,0,0,0.0110000,0.3060000,0.2070000,0,0,0,0,0,0,0,0,0,0,0,0,0,0,0,0,0,0,0,0,0,0,0,0,0,0,0,0,0,0,0,0,0.2140000,0.2160000,0,0,0,0,0,0,0,0,0,0,0,0,0,0,0,0,0,0,0,0,0,0,0,0,0,0,0,0,0.2970000,0.1520000,0,0,0,0,0,0,0,0,0,0,0,0.1280000,0.3020000,0.3030000,0.3030000,0.3030000,0.3030000,0.3030000,0.3010000,0.0350000,0,0,0,0,0,0,0,0,0,0,0,0,0,0,0,0,0,0,0,0,0,0.1250000,0.3090000,0.0300000,0,0,0,0,0,0,0,0,0,0,0,0,0,0,0,0,0,0,0,0,0,0,0,0,0,0.2600000,0.2050000,0,0,0,0,0,0,0,0,A,,,,
300,20260912,0,0,0,0,0,0,0,0,0,0,0,0,0,0,0,0,0,0,0,0,0,0,0,0,0,0,0,0,0,0,0,0,0,0.1290000,0.3110000,0.0150000,0,0,0,0,0,0,0,0,0,0,0,0,0,0,0,0,0,0,0,0,0,0,0,0,0,0,0,0,0,0,0,0,0,0,0,0,0,0,0,0,0,0,0.1500000,0.3060000,0.3050000,0.2470000,0,0,0,0,0,0,0.0440000,0.3050000,0.3050000,0.0420000,0,0,0,0,0,0,0,0,0.2510000,0.3050000,0.0110000,0,0,0,0,0,0,0,0,0,0,0,0,0,0,0,0,0.0450000,0.3050000,0.1160000,0,0,0,0,0,0,0,0,0,0,0,0,0,0,0,0,0,0,0,0,0,0,0,0,0,0,0.0220000,0.3000000,0.1030000,0,0,0,0,0,0,0,0,0,0,0,0,0,0,0,0,0,0,0.0080000,0.3070000,0.1120000,0,0,0,0,0,0,0,0,0,0,0,0,0,0,0,0,0,0,0,0,0,0,0,0,0,0,0,0,0,0,0.2310000,0.2050000,0,0,0,0,0,0,0,0,0,0,0,0,0,0,0,0,0,0,0,0,0,0,0,0,0,0,0,0,0,0,0,0,0,0.1920000,0.3060000,0.0530000,0,0,0,0,0,0.0560000,0.3090000,0.3070000,0.3080000,0.1000000,0,0,0,0,0,0,0,0,0,0,0,0,0,0,0,0,0,0,0,0,0,0,0.2960000,0.1770000,0,0,0,0,0,0,0,0,0,0,0,0,0,0,A,,,,
300,20260913,0,0,0,0,0,0,0,0,0,0,0,0,0,0,0,0,0,0,0,0.2060000,0.2220000,0,0,0,0,0,0,0,0,0,0,0,0,0,0,0,0,0,0,0,0,0,0,0,0,0,0,0,0,0,0,0,0,0,0,0,0,0,0,0,0,0,0,0,0,0,0,0,0,0,0,0,0,0.2510000,0.2150000,0,0,0,0,0,0,0,0,0,0,0,0,0.1840000,0.3040000,0.3020000,0.0040000,0,0,0,0,0,0,0,0.3020000,0.3020000,0.0170000,0,0,0,0,0,0,0,0,0,0,0,0,0,0,0,0,0.2190000,0.2350000,0,0,0,0,0,0,0,0,0,0,0,0,0,0,0,0,0,0,0,0,0,0,0,0,0,0,0,0,0,0,0,0,0,0,0.0790000,0.3030000,0.0280000,0,0,0,0,0,0,0,0,0,0,0,0,0,0,0,0,0,0.0170000,0.3100000,0.2280000,0,0,0,0,0,0,0,0,0,0,0,0,0,0,0.2480000,0.2540000,0,0,0,0,0,0,0,0,0,0,0,0,0,0,0,0,0,0,0,0,0,0,0.0470000,0.2970000,0.1020000,0,0,0,0,0,0,0.0970000,0.3030000,0.3030000,0.3020000,0.3020000,0.2990000,0.2970000,0.3000000,0.1800000,0,0,0,0,0,0,0,0,0,0,0,0,0,0,0,0,0,0,0,0,0,0.0520000,0.3050000,0.1190000,0,0,0,0,0,0,0,0,0,0,0,0,0,0,0,0,0,0,0,0,0,0,0,0,0,0,0,0,0,0.2420000,0.2040000,0,A,,,,
300,20260914,0,0,0,0,0,0,0,0,0,0,0,0,0,0,0,0,0,0,0,0,0,0,0,0,0,0,0,0,0,0,0,0,0,0,0,0,0,0,0,0,0,0,0,0,0,0,0,0,0,0.3010000,0.1700000,0,0,0,0,0,0,0,0,0,0,0,0,0,0,0,0,0,0,0,0,0,0,0,0,0,0,0,0,0,0,0,0,0,0.1210000,0.3090000,0.0710000,0,0,0,0,0,0,0,0,0,0,0,0,0.1070000,0.3060000,0.0980000,0,0,0,0,0,0,0,0,0,0,0,0,0,0,0,0,0,0,0,0,0,0,0,0,0,0,0,0,0,0,0,0,0,0.1280000,0.2870000,0,0,0,0,0,0,0,0,0,0,0,0,0,0,0,0,0,0,0,0,0,0,0,0,0,0,0,0,0,0,0,0,0,0,0,0,0,0,0,0,0,0,0,0,0,0,0,0,0,0,0,0,0,0.0230000,0.3120000,0.1100000,0,0,0,0.1360000,0.3080000,0.3080000,0.1370000,0,0,0,0,0,0,0,0,0,0,0,0,0,0,0,0.0930000,0.3060000,0.2810000,0,0.1220000,0.3050000,0.3020000,0.3020000,0.3020000,0.3050000,0.3070000,0.2560000,0,0,0,0,0,0,0,0,0,0,0,0,0,0,0,0,0,0,0,0,0,0.2220000,0.2430000,0,0,0,0.0210000,0.3090000,0.3090000,0.1080000,0,0,0,0,0,0,0,0,0,0,0,0,0,0,0,0,0,0,0,0,0.1360000,0.3150000,0.0080000,0,0,0,0,0,0,0,0,A,,,,
300,20260915,0,0,0,0,0,0,0,0,0,0,0,0,0,0,0,0,0,0,0,0,0,0,0,0,0,0,0,0,0,0,0.2740000,0.1640000,0,0,0,0,0,0,0,0,0,0,0,0,0,0,0,0,0,0,0,0,0,0,0,0,0,0,0,0,0,0,0,0,0,0,0,0,0,0,0,0,0,0,0,0,0.0290000,0.3060000,0.1930000,0,0,0,0,0,0,0,0,0,0,0,0,0,0,0,0,0.1380000,0.3040000,0.0950000,0,0,0,0,0,0,0,0,0,0,0,0,0.1860000,0.2850000,0,0,0,0,0,0,0,0,0,0,0,0,0,0,0,0.1330000,0.3130000,0.0270000,0,0,0,0,0,0,0,0,0,0,0,0,0,0,0,0,0,0,0,0,0,0,0,0,0,0,0,0,0,0,0,0,0,0,0,0,0,0,0,0,0,0,0,0,0,0.1540000,0.2410000,0,0,0,0,0,0,0,0,0,0,0,0,0,0,0,0,0,0,0.2880000,0.1960000,0,0,0,0,0,0,0,0,0,0,0,0,0.0390000,0.3040000,0.3040000,0.2790000,0,0,0,0,0,0,0,0,0,0,0,0,0,0,0,0,0,0.2690000,0.3040000,0.1970000,0,0,0,0,0,0,0,0,0,0,0,0,0,0,0,0,0,0,0,0,0,0,0,0.2900000,0.1910000,0,0,0,0,0,0,0,0,0,0,0,0,0,0,0,0,0,0,0,0,0,0,0,0,0,0,0,0,0,0,A,,,,
300,20260916,0,0,0.2010000,0.2310000,0,0,0,0,0,0,0,0,0,0,0,0,0,0,0,0,0,0,0,0,0,0,0,0,0,0,0,0,0,0,0,0,0,0,0,0,0,0,0,0,0,0,0,0,0,0,0,0,0,0,0,0,0.1840000,0.3000000,0,0,0,0,0,0,0,0,0,0,0,0,0,0,0,0,0,0,0,0,0,0,0,0,0,0,0,0,0.2400000,0.2740000,0,0,0,0,0,0,0,0,0,0,0,0,0,0,0.2400000,0.3020000,0.1110000,0,0,0,0,0,0,0,0,0,0,0,0,0,0,0,0,0,0,0,0,0,0,0.2670000,0.1970000,0,0,0,0,0,0,0,0,0,0,0,0,0,0,0,0,0,0,0,0,0,0,0,0,0,0,0,0,0,0,0,0,0,0.3100000,0.1040000,0,0,0,0,0,0,0,0,0,0,0,0,0,0,0,0,0,0,0,0,0.0650000,0.3110000,0.3100000,0.3090000,0.3090000,0.3090000,0.3100000,0.0850000,0,0,0,0,0,0,0,0,0,0,0,0,0,0,0,0,0,0,0,0,0.0480000,0.3050000,0.1620000,0,0,0,0,0,0,0.1730000,0.3010000,0.2970000,0.2980000,0.2980000,0.2990000,0.3020000,0.1680000,0,0,0,0,0,0,0,0,0,0,0,0,0,0,0,0,0.2300000,0.2610000,0,0,0,0,0,0,0,0,0,0,0,0,0,0,0,0,0,0,0,0,0,0,0,0,0,0,0,0,0,0,0,0,0.2330000,0.2090000,0,0,0,0,0,0,0,A,,,,
300,20260917,0,0,0,0,0,0,0,0,0,0,0,0,0,0,0,0,0,0,0,0,0,0,0,0,0,0,0,0,0,0,0,0,0,0,0,0,0,0,0,0,0,0,0,0.0720000,0.3120000,0.0990000,0,0,0,0,0,0,0,0,0,0,0,0,0,0,0,0,0,0,0,0,0,0,0,0,0,0,0,0,0,0.2270000,0.3050000,0.3020000,0.0570000,0,0,0,0.1290000,0.3040000,0.3060000,0.0190000,0,0,0,0,0,0,0,0,0,0,0.0110000,0.2940000,0.2790000,0,0,0,0,0,0,0,0,0,0,0,0,0,0,0,0,0,0,0,0,0,0,0,0,0,0,0.1800000,0.2420000,0,0,0,0,0,0,0,0,0,0,0,0,0,0,0,0,0,0,0,0,0,0,0,0,0,0,0,0,0,0,0,0,0,0,0,0,0,0,0,0,0,0,0,0,0,0,0,0,0,0,0,0,0,0,0,0,0.0600000,0.3120000,0.0530000,0,0,0,0,0,0,0,0,0,0,0,0,0,0,0,0,0,0,0,0,0,0,0,0,0,0,0,0,0,0,0,0,0.2220000,0.3080000,0.3070000,0.3070000,0.3090000,0.3080000,0.1400000,0,0,0,0,0,0,0,0,0,0,0,0,0,0,0,0,0,0,0,0,0,0.2640000,0.2440000,0,0,0,0,0,0,0,0,0,0,0,0,0,0,0,0,0,0,0,0,0,0,0,0,0,0,0,0.0830000,0.3130000,0.0960000,0,0,0,0,0,0,0,0,0,0,A,,,,
900
